:040000006F109024C9
:10000400000000000000000090000020A204002076
:10001400A9BDF9F3900000200000000000000000DA
:10002400900000209000002000000000000000006C
:10003400900000200000000090000020000000005C
:1000440090000020900000209000002090000020EC
:1000540090000020900000209000002090000020DC
:1000640090000020900000209000002090000020CC
:1000740096050020900000209000002090000020B1
:1000840090000020900000209000002090000020AC
:1000940001A04111B7170040985F3AC6945F3247F8
:1000A400E39CE6FE32454101828073270080218B68
:1000B4009387018409CB7327008023A0E1849843AC
:1000C4005D9B731007800F100000371700409306E4
:1000D40070052300D704930680FA2300D7040F1079
:1000E40000008346B70493F6F60DA305D704230056
:1000F4000704732600809443A18AD18E73900680EE
:1001040023A001840F10000093760502638406186F
:100114000347A700118B25E773270080218B09CBA8
:100124007327008023A0E18498435D9B73100780AC
:100134000F10000037170040930670052300D70402
:10014400930680FA2300D7040F1000008346A7000B
:1001540093E646002305D70023000704F326008016
:100164009843218B558F7310078023A001840F10AF
:1001740000001307004B010001007D176DFF73277A
:100184000080218B09CB7327008023A0E18498434E
:100194005D9B731007800F10000037170040930613
:1001A40070052300D704930680FA2300D7040F10A8
:1001B40000007D892314A700010001000100010053
:1001C40023000704F32600809843218B558F731076
:1001D400078023A001840F10000073270080218B67
:1001E40009CB7327008023A0E18498435D9B73109F
:1001F40007800F1000003717004093067005230096
:10020400D704930680FA2300D7040F1000000F10C0
:100214000000B726004013061005A383C680230000
:100224000704F32600809843218B558F73100780B1
:1002340023A001840F10000073270080218B09CBB9
:100244007327008023A0E18498435D9B731007808B
:100254000F10000037170040930670052300D704E1
:10026400930680FA2300D7040F1000008346B704D6
:1002740093E60608A305D704230007047327008028
:100284009C43A18BD98F7390078023A001840F1006
:100294000000828093760504638B06140347A7004D
:1002A400418B25E773270080218B09CB73270080BE
:1002B40023A0E18498435D9B731007800F10000016
:1002C40037170040930670052300D704930680FA7D
:1002D4002300D7040F1000008346A70093E606010D
:1002E4002305D70023000704F32600809843218BBD
:1002F400558F7310078023A001840F10000013078B
:10030400007D010001007D176DFF73270080218BA4
:1003140009CB7327008023A0E18498435D9B73106D
:1003240007800F1000003717004093067005230064
:10033400D704930680FA2300D7040F1000009376A5
:10034400F50193E606042314D7000100010001001F
:10035400010023000704F32600809843218B558F66
:100364007310078023A001840F100000130760049A
:100374006310E50473270080218B09CB7327008069
:1003840023A0E18498435D9B731007800F10000045
:1003940037170040930670052300D704930680FAAC
:1003A4002300D7040F100000B72600400946B5B556
:1003B40073270080218B09CB7327008023A0E1845D
:1003C40098435D9B731007800F100000371700409F
:1003D400930670052300D704930680FA2300D704FC
:1003E4000F100000B7260040130620053DB5732703
:1003F4000080218B09CB7327008023A0E1849843DC
:100404005D9B731007800F100000371700409306A0
:1004140070052300D704930680FA2300D7040F1035
:1004240000008356870093E6060C2314D700C5BB4F
:100434004111814601468145114506C6152CF32715
:100444000080A18B9386018489CBF327008023A0AD
:10045400F1849C42DD9B739007800F100000B71756
:100464000040130770052380E704130780FA2380F4
:10047400E7040F10000003C7670413671700238302
:10048400E70423800704732700809C42A18BD98F43
:100494007390078023A001840F100000B240410133
:1004A40082808146014681451145D922F327008087
:1004B400A18B1387018489CBF327008023A0F184C7
:1004C4001C43DD9B739007800F100000B71700409A
:1004D400930670052380D704930680FA2380D704FB
:1004E4000F100000FD562396D70223800704F3263D
:1004F40000801C43A18BD58F7390078023A00184B7
:100504000F100000F3270080A18B89CBF327008014
:1005140023A0F1841C43DD9B739007800F1000001F
:10052400B7170040930670052380D704930680FA1A
:100534002380D7040F10000083C6670493E61600D7
:100544002383D70423800704F32600801C43A18B54
:10055400D58F7390078023A001840F10000001A0A1
:10056400BD473305F50201007D1575FD82804111FB
:1005740022C426C206C6AA84014463179400B2406A
:10058400224492444101828005041305803E4204C2
:10059400C13F4180DDB7B71700401307000323882C
:1005A400E702854723A4F18473002030411106C675
:1005B400A92DFDBF2303048015472303E480010014
:1005C4002302A480828083076480E3CE07FE230392
:1005D4000480828083076480E3CE07FE0345448061
:1005E400828083076480E3CE07FE2302A480828096
:1005F400411126C44AC24EC006C61377F50BAD4757
:10060400AA892E8995446306F70019456537653F25
:100614008D444E854537FD59FD1463983401B2402D
:10062400A24412498249410182801355090113757C
:10063400F50F453F2209CDB7011126CC06CEB704EC
:10064400080051371545BD37713769372AC6A53FAC
:1006540032459377150089EB136515001375F50F73
:10066400F240E24405618280FD14E9FC0145CDBFFE
:10067400397126DC4ADA4ED852D656D45AD25ED0D4
:1006840006DE62CE66CCB7E700E07D5783AA07009A
:1006940022C603AA470023A0E71823A2E718B71726
:1006A4000040130770052380E704130780FA2380B2
:1006B400E70483C74704930B75FFB684E20793FBF3
:1006C400FB0F8546AA892E8B328937240040E187A7
:1006D400015763FA76016308D500894613070002BF
:1006E4006313D5000157D98F93F7F70FB71C004058
:1006F4002382FC0411472303E4801305F00F5D3DBE
:10070400094CD135636D7C11B7050700DA9537873D
:100714000700795563F2E504B3879500636EF70229
:10072400370B0800A94733EB65016399F90689E49F
:100734008144513D26850DA0DA850945553D0509BD
:100744000345F9FFFD14050B693D81C49377FB0F45
:10075400FDF7DD3569FD7D55B717004013077005BA
:100764002380E704130780FA2380E70403C74704C0
:10077400418B2382E704F250B7E700E023A057112E
:1007840023A24711E25432445259C259325AA25A4E
:10079400125B825B724CE24C21618280A5476395B7
:1007A400F90685691309F00FB3069900B3742B0198
:1007B400B6941349F9FFB3749900856B33796901D1
:1007C400416B9387F9FFB3F7270199E363FC340185
:1007D40093D94900C147E3E637FF99BF0569C16969
:1007E4007D19D9B71305800D6388690113050002CB
:1007F4006384790113051008CA85DD3B353D21DD8D
:100804004E99B3843441D9B7DA852D45D533CA948A
:10081400E30099F205097D3BA30FA9FED5BF938799
:10082400F9FF93F7F70F6361FC0C83C71C041307EC
:100834003008631FF70437070800636BEB04B30742
:100844009B00B706100063F5D704334BEB008947D0
:100854006393F9068980D549E38C04ECDA8509456C
:10086400413B11090327C9FF91472320E480030773
:100874006480E34E07FE23033481FD17EDFBFD1472
:10088400110B81C49377FB0FE9FF7D3371F5E1B55B
:10089400B717004003C75704B707080013770702C8
:1008A40019E3B78707007955E378FBEA33079B0020
:1008B400E3FFE7F855B58547E382F9F2DA852D457C
:1008C400053B9389F4FFE38504E6293393F7390064
:1008D40091EB832604800327090093074900E39AD8
:1008E400E6E43E89CE84F1BFB5476396F90013056B
:1008F400900BC93135BDB1471305B00AE38BF9FE3E
:1009040099476391F904B7050800B365BB002D4509
:10091400C53181448D4BA149753963967401832790
:1009240004802320F9008504E39834FF832704809E
:1009340013172B01635507002312F900D5BB23229B
:10094400F900FDB39D476399F90281451305B0048D
:100954004531BD442320090023220900FD599D3956
:1009640093F77400CA9703C70700FD14398D2380D9
:10097400A700E39634FF6DBBA1476392F9046D3978
:100984008144630D0B008D479304C0036308FB008F
:100994009304000563048B01930440041375C50795
:1009A400E30895D81945393139390545213126856A
:1009B4000D3909453D314931E31C05D669BB9147E1
:1009C4006399F90013056006F536F53E13059009A1
:1009D4000DB7E38F09D4F154A9BB19CD91CD09CE3C
:1009E40081473387F500834607003307F500850701
:1009F4002300D700E317F6FE828019C991C909CAFA
:100A0400910583A7C5FF11057D16232EF5FEC5BFED
:100A1400828001C919C62A960505A30FB5FEE31DF8
:100A2400A6FE828081473307F5000307070019E318
:100A34003E8582808507C5BF01112E8626CAAA84F9
:100A4400131506019305F004418122CC06CE32C66B
:100A5400EF00F0512A8401C53246A685BD3F2285A8
:100A6400F2406244D24405618280854715C18DC13C
:100A740005C28147B306F5003387F50083C6060037
:100A8400034707006398E6008507E315F6FE8547EC
:100A94003E8582808147EDBF9307F6FFBE952A9677
:100AA4006313C5008280FD1583C715000505A30FD8
:100AB400F5FEFDB7AA87014581CF09CE3E9685078D
:100AC40003C7F7FF6317B700E39BC7FE05458280A2
:100AD40082800145828079719387818622D4804304
:100AE40006D626D24AD04ECE52CC56CA5AC85EC674
:100AF4005DCCB7C4C901014B938901869384F43753
:100B0400173A0000130ACAA9973A0000938A0AAD5B
:100B1400173900001309C9B08357240085E35C44E6
:100B2400631B0B0023A4F186832BC4002285EF00F2
:100B340070505E84B9A82326FB00FDB783A7090083
:100B440082971C443307F5406376F5000327490078
:100B54001D8F2A9763E0E4089737000023A807A8AD
:100B64008355240003450400972000E0E7802065B6
:100B74005C405844A1CB0C4403264900AE97BE8682
:100B840063E4B70063E4C700B386C74014C4228B90
:100B94003A8459F097370000938747A49C4B094740
:100BA4006370F706F917173700002321F7A4B25032
:100BB400225492540259F249624AD24A424BB24BED
:100BC4004561828063150B0023A4E186B1BF23260F
:100BD400EB0099BF03274A0209CF63EFA7003385CF
:100BE400A74083A70A016376F5009737000023AF77
:100BF400A79E228B404471BF03274900BA97C5B70B
:100C04009737000023A4079E5DB7411122C417340F
:100C140000001304249F1C4006C626C24AC091C784
:100C240082979737000023AF079C9737000083C74C
:100C340037B7858B97340000938444B695C39737B0
:100C44000000A38F07B483C774001547637AF700C5
:100C5400052B83C77400F5178A07A2979C438297D4
:100C64001C4491C3829713894185032709001736D1
:100C740000000346B6969737000083C727969396DD
:100C84001700BA9683D60600C5CE9737000083C7EF
:100C9400E79463E1C70C97370000238107941C4055
:100CA400639507129737000083C7D7AF91CF83C7E7
:100CB400740093F7F70F89EB97370000A38407AE0E
:100CC40097F000E0E780804E938701869C43638E13
:100CD400070E973700009387A794DC43173700006B
:100CE4002326F790CD3B973700009387678BDC531F
:100CF400E9CF173700001307678E184B97370000AA
:100D040083C7578B6363F70C83C774001547636EFF
:100D1400F70A9737000083C7E7AC918BDDE703261A
:100D240009009736000083C6768B63C6D70A22442F
:100D3400B24092440249410117D301E0670083B1F4
:100D4400850793F7F70F973600002389F688E3E4C5
:100D5400C7F225BF86073E97835507002310070077
:100D6400239E01849387C1869C4317350000034565
:100D7400E58613172500BA979C43829783D7C185CC
:100D8400173700000347878593C7F7FF7D8D9317B7
:100D94001700032709003E97835707005D8D231032
:100DA400A7009737000083C7678391C78507173764
:100DB40000002305F782173700000347278297377F
:100DC400000083C7B781E378F7ECB2402244924431
:100DD4000249410182801397170032970357070095
:100DE4006DF7850799B7AD6737C70040BD07232660
:100DF400F7200F100000972700009387277EC84F25
:100E040083278726BD66BD0693C7F7FF99836A05C6
:100E14002326D7205D8D82804111B7170040985F4B
:100E24003AC6945F3247E39CE6FE32454101828034
:100E34001305F00F8280011197370000938707A0F4
:100E440022CC03A4070C26CA06CE2AC42EC6854487
:100E540019E40145F2406244D2440561828083472B
:100E6400910003471400858B6304F7000044CDB759
:100E740019469305A10013052400C53EE31895FE09
:100E84000545C9BF138741911C439306001094C3C1
:100E940001000100010001001C4323A00700834658
:100EA400150003482500A2064208C296034805001F
:100EB400C296034835006208C29694D7834655000B
:100EC40003486500A2064208C29603484500C2963C
:100ED400034875006208C296D4D783469500034838
:100EE400A500A2064208C29603488500C29603489C
:100EF400B5006208C29694DB8346D5000348E5003A
:100F0400A2064208C2960348C5000345F500C296EE
:100F14006205AA96D4DB83C6150003C52500A20684
:100F24004205AA9603C50500AA9603C535006205C5
:100F3400AA9694CF83C6550003C56500A206420550
:100F4400AA9603C54500AA9603C575006205AA962C
:100F5400D4CF83C6950003C5A500A2064205AA9670
:100F640003C58500AA9603C5B5006205AA9694D365
:100F740083C6D50003C5E500A2064205AA9603C5AB
:100F8400C50083C5F500AA96E205AE96D4D3D44332
:100F9400F59AD4C3D44393E61600D4C3944393E69A
:100FA400160094C3BA879443D842058B59E3984EEC
:100FB40001452300E6009843184F2183A300E6006F
:100FC4009843184F41832301E6009843184F6183E7
:100FD400A301E6009C43D84F2302E600D84F2183A7
:100FE400A302E600D84F41832303E600D84F618370
:100FF400A303E60098532304E60098532183A30433
:10100400E600985341832305E60098536183A305C2
:10101400E600D8532306E600D8532183A306E6004E
:10102400D85341832307E600DC53E183A307F6008A
:10103400828001008DBF138781911443411122C422
:101044009C5E4AC006C6998326C2858B3A8413895E
:101054004191D1C79C5E972400009384247493F734
:10106400F7F99CDE172700000347A77393070008CE
:10107400631BF700832709009C4393F70704172792
:1010840000002300F77283C7040093F707048DC39D
:10109400938701869C4382979727000023A8A77013
:1010A40083C7040093F7F70B172700002308F76E94
:1010B40083C7440093F707049DE38547172700007F
:1010C400A300F76E938741929C43096798C713075F
:1010D40000FC972600002385E66CD844F8D31C4016
:1010E400985F1183058B09CB985F3D9B98DF05477B
:1010F400972600002386E66A985F1D83058B11CB33
:10110400985F1377F7F798DF8547172700002309BF
:10111400F76883270900D8430583058B19C7D8438B
:10112400759BD8C3D843799BD8C3B2402244924418
:10113400024941018280397106DE16DC1ADA1ED8B2
:101144002AD62ED432D236D03ACE3ECC42CA46C863
:1011540072C676C47AC27EC0F93DF250E25252534E
:10116400C2533255A255125682567247E24752482C
:10117400C248324EA24E124F824F2161730020307A
:10118400938741929443972700009387276103C76D
:101194000700058B11CB972700002383076097274F
:1011A4000000A38F075E828003C71700058B65F7D5
:1011B400F85271FF83C75700DDB713888191032765
:1011C40008001C5F9583858BD1E709C61C5BBD8332
:1011D4002300F60085CA83270800985B46079357C7
:1011E40067016356070093E707C0C207C1830397EB
:1011F4000600C207C18709C7BA970947B3C7E70200
:101204002390F60085CD834715008DCB97260000EB
:1012140083C6265993F606041387970089478DCA17
:101224003A9503470500854699471376F7066311F7
:10123400D60262076187B947634C07008327080019
:101244009C5FED838D8B17270000A30EF754814715
:101254003E8582808547EDBF411122C406C61384B2
:10126400419218402DE9AE877453FDFE3E85B28548
:10127400972700002385075297F000E0E78040C8D5
:10128400938781919C43B70680009843558F98C3F8
:10129400D857719BD8D797270000A3830750972767
:1012A4000000A38D074E1C40094798C3144017271C
:1012B40000001307A74E83472700858B89EB8347DC
:1012C4003700858BD9C397270000238B074CB24086
:1012D4002244410182808D47631EF50093878191EA
:1012E4009C43B70680009843558F98C3D857719B89
:1012F400D8D76DBF8547E31BF5FA5447F977FD1737
:10130400F58F5CC70F1000001C40096798C71307CE
:1013140000F8172600002305E6481387819110433F
:10132400184231830D8B11E713076019F8D3D4C722
:10133400B5BF1842094631830D8B6315C7001307E7
:10134400E043EDB71307E01BD5B7FC52ADF741B747
:101354005D71A2C4A6C22A84130680022800AE844A
:101364009305100886C6CAC04EDE52DCEFF06FEA61
:10137400354597F000E0E78000F5138381918327DA
:1013840003009376F41F138EC19223A40700984B95
:10139400938E4192370FFCFF1367F70398CBF84FF6
:1013A400130510F8B7020400137707E0558FF8CF40
:1013B4009843F576FD16758F98C39843B7063300A6
:1013C400930380251377F7E798C3984311497D1F4A
:1013D4001377F7E71367071098C303270E008549AF
:1013E400930F80021C47D58F1CC783A70E001307D9
:1013F400900D3400B8CB014793553700A69583C7A9
:10140400050013767700B3D7C740858BE1C38327E4
:10141400030083280E00239C07042390070603A8D7
:10142400C8021378D8FF23A6080383A807001378FB
:10143400F70793F808F833E8080123A0070103A885
:1014440047023368580023A2070383A80E0001480B
:1014540023A2780603DA07066307480303A80703F1
:10146400038A06001358F800620813588841635829
:101474000A0103A807031358F8002380060103D8C0
:1014840007061378F80F03AA480663060A0003DA6E
:101494008705E37F49FB03A847023378E80123A2C9
:1014A400070383870600635CF40003C805003396D2
:1014B400C9001346F6FF337606012380C5003E8635
:1014C40063D3A7002A861315860161850507137760
:1014D400F70F8506E312F7F3B6402644964406490F
:1014E400F259625A61618280938641929C42D84744
:1014F4001316170163550602984713161701635014
:1015040006027D57B8D7172700001307270D584F39
:101514000507172600002321E60E116798C7984790
:101524000D83058B1DCB172700000347472713673F
:101534001700172600002304E626130700F81726D1
:101544000000230FE624214798C713878191104395
:101554005856719B1367170058D69847058B0DC7CB
:101564001727000003479723136717001726000067
:10157400A306E622054798C713878191104358565E
:10158400719B1367170058D698470983058B09E7A1
:1015940098470583058B21CF98471726000013062B
:1015A400E61F138581910983058B63030710184196
:1015B400184331830D8B75EBAC4B184E93F5050234
:1015C40003471700CDCD79EF13077006D8CF034733
:1015D400060013671700172600002301E61C1147B5
:1015E40098C718415C57F19B93E717005CD79C425E
:1015F40098479316370163D606029726000083C6E0
:10160400662BC18A1727000013074723C5CE03475B
:1016140087071367070297260000238DE6280567CE
:1016240098C798479316270163D10602172700002D
:101634000347071762076187635707000547972623
:101644000000238FE614096798C79847931607018B
:1016540063D606029726000083C6D625858A1727F7
:1016640000001307A71DADCE034797071367270094
:1016740097260000A380E624216798C7828029D793
:1016840085456315B7001307B00689B78945631507
:10169400B7001307F0061DBF8D456315B700130788
:1016A40030072DB71307500715B71307600739BF65
:1016B400034736001367170017260000A301E60E40
:1016C400094739BF834687070946BD8A6388C60030
:1016D400034787078D463D8BE313D7F4114725BF96
:1016E40083469707918AC9DA0347970713678700E8
:1016F40041B7397106DE16DC1ADA1ED82AD62ED482
:1017040032D236D03ACE3ECC42CA46C872C676C42D
:101714007AC27EC0D13BF250E2525253C253325588
:10172400A255125682567247E2475248C248324E78
:10173400A24E124F824F2161730020309387419251
:1017440098438567938707777CD39387C1929C439B
:1017540083A60709139656006358060083A6070953
:1017640013966600634406007453FDF2828061C1DF
:10177400AA870145DDCD8D07C207C183F19BC2074E
:10178400C18313074003636BF7021387819B0843EC
:101794001387019B14436396A602172700001307BF
:1017A40027E0185B014551C74111C20706C605452C
:1017B400DD8D0297B2400145410182801387419B30
:1017C400F9B70357650035E303574500636FF70422
:1017D400B306F7402146637CD602032805009386AE
:1017E40087001D8FAA96611717260000035666DF2F
:1017F4002392E60023A006012393060014C12312BA
:10180400F500130786FF97260000239CE6DC2313CC
:10181400B5009725000083D5C5DCB387F5401727AD
:1018240000002310F7DC210582800841ADB7014593
:101834008280828009CD9387819B03A307009387CD
:10184400019B83A8070081469A8763E3170182807E
:1018540003A807006369F50A6367A80A138787006A
:10186400E367E5FE03D66700216705076317E60013
:1018740003C7018F05072388E18E97250000938510
:10188400E5D503D6470003D76500239307003297B5
:1018940042074183172500002315E5D463886702B6
:1018A4001385419B08416303F50203D5660019EDD6
:1018B40083D7460023A0060121073E9621062392E2
:1018C400C60097270000239EE7D0B6879843E3001D
:1018D40017F99386419B9442E30BD7F6835667002E
:1018E400BDF683D64700035647001843A106B296B7
:1018F4002392D70098C383D76500A1071727000058
:101904002311F7CE8280BE86C28781B7797122D433
:1019140006D683C735002E8423160100A307F100E1
:1019240083C74500100802C02307F10083C7550090
:101934008A8502C2A306F10002C402C802CA02CC0C
:1019440002CEEFF02FD40347F10183470400014591
:101954006310F7020347E10183471400014563194B
:10196400F7000345D101834724001D8D133515006D
:10197400B250225445618280011197270000938759
:10198400E7EB22CC03A4870C26CA4AC84EC606CE6F
:10199400AA8413092500854915C083C71400034789
:1019A4003400858B6304F700405CFDB7194693054A
:1019B40044004A85EFF06F8BE31835FF2285F2402F
:1019C4006244D2444249B249056182804111972759
:1019D40000009387A7E622C403A4870C26C24AC04A
:1019E40006C693042500054901E82285B240224435
:1019F4009244024941018280A6851305A402393725
:101A0400E30525FF405CCDB741119727000093877C
:101A1400E7E222C403A4870C26C24AC006C6930484
:101A24002500054901E82285B24022449244024936
:101A340041018280A6851305A401C93DE30525FF64
:041A4400405CCDB77E
:101A48009711002093818196176100201301015B93
:101A58001305400097E5FF1F9385455A1706002098
:101A6800130606FE63FAC5008322050023A055006D
:101A780011059105E3EAC5FE17C50100130545E9FF
:101A8800970500209385C5FB1386018463FAC5007A
:101A98008322050023A0550011059105E3EAC5FE40
:101AA8001385018497250020938585EB6377B5001E
:101AB800232005001105E36DB5FEFD42739002BCBD
:101AC8008D4273904280930280087390023097E2AF
:101AD800FF1F9382A25293E232007390523037175D
:101AE8000040930770052300F704930780FA23004A
:101AF800F7040F1000003C47B70600FAE116F58F0F
:101B0800B70600069506D58F3CC79712000093824A
:101B1800022C73901234730020303D432A8763737C
:101B2800C3029377F700BDEFADE5937606FF3D8AD4
:101B3800BA960CC34CC30CC74CC74107E36BD7FE1E
:101B480011E28280B306C3408A0697020000969687
:101B58006780A6002307B700A306B7002306B700CF
:101B6800A305B7002305B700A304B7002304B700F3
:101B7800A303B7002303B700A302B7002302B700EB
:101B8800A301B7002301B700A300B7002300B700E3
:101B9800828093F5F50F93968500D58D9396050170
:101BA800D58D61B793962700970200009696868296
:101BB800E78086FA9680C1171D8F3E96E374C3F8B6
:101BC800A5B7B717004003C777051377E70FA38BAF
:101BD800E704130700F8A38DE7043D47238CE704C7
:101BE80013075003A38CE7048280B717004083C70C
:101BF800E7020D8993F7C70FC98F73270080218BE0
:101C08009386018409CB7327008023A0E18498423E
:101C18005D9B731007800F100000371700401306F4
:101C280070052300C704130680FA2300C7040F10A9
:101C380000002307F70223000704732700809C4253
:101C4800A18BD98F7390078023A001840F10000007
:101C5800828041112A83014E930E407E130F001992
:101C6800930F400663E66E149308001913034006A9
:101C7800B3781503854E0D4FA14F337365020D8957
:101C88001335150063E0BE161308F6FF79467298FF
:101C98004208135808013307C70213D61700BE07B6
:101CA80032976146B3F6C60213068070B386C60241
:101CB8003697A166F58F42075D8FB716004083C738
:101CC800F60293F70708A307F1000346F10083C75C
:101CD800F60293F70708E394C7FE8347F100B716A7
:101CE800004093F7F70F63890714F3270080A18B4F
:101CF80093860184639807140F100000B7170040FB
:101D0800130670052380C704130680FA2380C704CE
:101D18000F10000023AA070303C61703136606085B
:101D2800A388C70223800704732600809C42A18BE6
:101D3800D18F7390078023A001840F1000001166D3
:101D4800B71500407D16DC59C85DA98FF18FE5FFF6
:101D5800F3270080A18B89CBF327008023A0F1848F
:101D68009C42DD9B739007800F100000B71700405E
:101D7800130670052380C704130680FA2380C7045E
:101D88000F100000D8DB03C7170313670704A388E5
:101D9800E70223800704732700809C42A18BD98F18
:101DA8007390078023A001840F10000041018280F6
:101DB8007D133368E3039308E016630E0800336865
:101DC800F3039308D016630808009378330093B898
:101DD80018009388D81633081E01131E0801135ED5
:101DE8000E0149B56393E503054863860800014879
:101DF800630303002A8871087298FD15131E0801F1
:101E0800C205135E0E01C181B5BD13F8150063F458
:101E1800BF007908D5B713381800E5BF83C7F602A5
:101E280093F70708A307F1000346F10083C7F602FA
:101E380093F70708E394C7FE8347F10093F7F70F7A
:101E4800F1DF65B5F327008023A0F1849C42DD9B78
:101E58007390078055B55971E2C486D6A2D4A6D22C
:101E6800CAD0CECED2CCD6CADAC8DEC6E6C2EAC05E
:101E78006EDE2A8C02D6EF001016F3270080A18BA5
:101E8800138D018491CBF327008023A0F18483274D
:101E98000D00DD9B739007800F100000B7170040FE
:101EA800130770052380E704130780FA2380E704EB
:101EB8000F10000003C7F7021377770FA387E70215
:101EC80003C7F70213678700A387E7022380070485
:101ED8007327008083270D00A18BD98F739007800B
:101EE80023A001840F100000F3270080A18B91CB61
:101EF800F327008023A0F18483270D00DD9B7390D6
:101F080007800F100000B7170040130770052380E3
:101F1800E704130780FA2380E7040F10000003C7C3
:101F2800E7021377C70F2387E70203C7E7021367A0
:101F380017002387E702238007047327008083277D
:101F48000D00A18BD98F7390078023A001840F10F7
:101F58000000130780C13347E5029169938709E8B8
:101F6800130650023D69B7440F0093840424856B1F
:101F7800130BA004014A814A13047005FD19B347E5
:101F8800F5023307C7023EC2930709A61309803E2C
:101F98003347F7023AC43347250305493319890102
:101FA800135939403345950293840BFAB39484014D
:101FB800811B3306C702B346F6023309E90236C667
:101FC800330B670313076055B3049502130500101C
:101FD8003309E902B346FB02130B80FAB3C4A40227
:101FE80036C8B347F902939634003719004036CC07
:101FF800930409043ECA73260080218A11CA7326F5
:10200800008023A0C18403260D005D9A731006800A
:102018000F100000930770052380F40023806401EB
:102028000F100000034639051376860FA309C9046B
:102038000346390513661600A309C9042380040062
:102048007325008003260D00218A498E73100680AF
:1020580023A001840F100000916CE17D732600809D
:10206800218A11CA7326008023A0C18403260D008B
:102078005D9A731006800F10000093077005238087
:10208800F400238064010F1000000346390513662D
:102098000602A309C90403560905336696012318E5
:1020A800C904035609053366B6014206418223185E
:1020B800C904238004007325008003260D00218AAB
:1020C800498E7310068023A001840F100000034678
:1020D8003905137606026305061603463905218A73
:1020E8006DDE6810152F73260080218A11CA7326A9
:1020F800008023A0C18403260D005D9A731006801A
:102108000F10000023808400238064010F1000005A
:10211800034639051376F60DA309C90403463905A4
:1021280013660602A309C904035609053366960116
:102138002318C904035609053366B60142064182CD
:102148002318C904238004007325008003260D008A
:10215800218A498E7310068023A001840F10000085
:102168000346390513760602630806100346390547
:10217800218A6DFE97E0FF1FE78060F12A8632CE44
:1021880097E0FF1FE780A0F07246E30AC5FE0356FA
:1021980009053255336696012318C904712D034683
:1021A8003905218A6DDE035509050346290592473D
:1021B80033F5A9003386C90232951D8DA24763D530
:1021C800A700B2476346F50E09466365560FC24736
:1021D800850A1316150093FAFA0F3346F60263546C
:1021E800A03A050609453346A602732500802189D1
:1021F80011C97325008023A0A18403250D005D99D2
:10220800731005800F100000238084002380640170
:102218000F1000000355C9022A9642064182231670
:10222800C902238004007325008003260D00218A3B
:10223800498E7310068023A001840F10000039BD59
:1022480073260080218A11CA7326008023A0C184C6
:1022580003260D005D9A731006800F10000023807E
:102268008400238064010F100000034639051366BB
:102278000602A309C90435BD73260080218A11CA44
:102288007326008023A0C18403260D005D9A731075
:1022980006800F10000023808400238064010F1043
:1022A80000000346390513660602A309C90459BD8F
:1022B800E38F0AF073260080218A11CA73260080F2
:1022C80023A0C18403260D005D9A731006800F10A9
:1022D800000023808400238064010F10000003465F
:1022E80039051375FC0F1376860FA309C904034635
:1022F8003905498EA309C904238004007328008086
:1023080003260D00218A336606017310068023A078
:1023180001840F100000034639051D8A63178627BC
:1023280073260080218A11CA7326008023A0C184E5
:1023380003260D005D9A731006800F10000023809D
:102348008400238064010F100000034639051165DD
:102358001376F60DA309C904034639051366060268
:10236800A309C90403560905498E2318C90403564D
:1023780009052165498E2318C904238004007325A3
:10238800008003260D00218A498E7310068023A041
:1023980001840F1000000346390513760602630E08
:1023A800062003463905218A6DDE6810B52173269B
:1023B8000080218A11CA7326008023A0C1840326C5
:1023C8000D005D9A731006800F10000023808400B2
:1023D800238064010F100000034639051165137648
:1023E800F60DA309C9040346390513660602A309B5
:1023F800C90403560905498E2318C904035609055B
:102408002165498E2318C9042380040073250080A0
:1024180003260D00218A498E7310068023A00184AB
:102428000F10000003463905137606026303061CE5
:1024380003463905218A6DFE97E0FF1FE78020C516
:10244800AA8C97E0FF1FE78080C4E30C95FF035632
:1024580009051165498E32552318C904F12E034622
:102468003905218A6DDE73260080218A138501844F
:1024780009CA7326008023A0C18410415D9A731095
:1024880006800F10000023808400238064010F1051
:102498000000034639051376F60DA309C904238005
:1024A8000400732800801041218A336606017310E6
:1024B800068023A001840F10000003580905034675
:1024C8002905E24733F809013386C90232983308EF
:1024D800F8401306800C3306C802D2473346F6028A
:1024E8006355001505060948334606036351C014B1
:1024F8000358C9029308F00F13585800329863D64E
:10250800081F094663734619F3270080A18B89CBFE
:10251800F327008023A0F1841C41DD9B7390078082
:102528000F10000037170040930770052300F704C9
:10253800930780FA2300F7040F1000008356C702A0
:1025480089678117D58FC207C1832316F702230035
:102558000704732700801C41A18BD98F73900780D3
:1025680023A001840F100000B65026549654065933
:10257800F649664AD64A464BB64B264C964C064D0B
:10258800F25D656182807D16B1B973260080218A6B
:1025980011CA7326008023A0C18403260D005D9A0A
:1025A800731006800F1000002380840023806401CC
:1025B8000F100000034639052DBB73260080218AC1
:1025C80011CA7326008023A0C18403260D005D9ADA
:1025D800731006800F10000023808400238064019C
:1025E8000F1000000346390513660602A309C90443
:1025F80069B373260080218A11CA7326008023A03C
:10260800C18403260D005D9A731006800F10000028
:1026180023808400238064010F10000003463905DD
:1026280013660602A309C904C5B37D166DBD55CE50
:102638000358C902B308C040135858006357180B11
:10264800094663744605F3270080A18B89CBF327DD
:10265800008023A0F1841C41DD9B739007800F103C
:102668000000B7170040130770052380E70413071D
:1026780080FA2380E7040F10000003D7C7027D8B80
:102688002396E70223800704E9B573260080218A90
:1026980009CA7326008023A0C18410415D9A731073
:1026A80006800F10000023808400238064010F102F
:1026B80000000356C9021376F60F33667601420608
:1026C80041822316C9022380040073280080104128
:1026D800218A336606017310068023A001840F1037
:1026E8000000050A137AFA0F39B2F3270080A18B8C
:1026F80089CBF327008023A0F1841C41DD9B7390D4
:1027080007800F100000B7170040130770052380DB
:10271800E704130780FA2380E7040F10000003D7AB
:10272800C70216063A96420641822396C70299BF07
:10273800914763EEB70217B701001307E79C8A05B4
:10274800BA959C41BA978287B717004003A7470BF1
:102758001345F5FF698F23AAE70A03A7070B698FBB
:1027680023A8E70A03A7070A798D23A0A70A82806E
:10277800B717004083A6470B1347F5FFF98E23AA26
:10278800D70A83A6070B558D23A8A70A83A6070A8D
:10279800758F23A0E70A8280B717004003A7470B6D
:1027A800498F23AAE70A03A7070B1345F5FF45BF7F
:1027B800B717004083A6470B1347F5FF758F23AA69
:1027C800E70A03A7070A598D4DB7B717004003A7B3
:1027D800470B498FEDB7B717004003D5870042056F
:1027E80041819377050491EB9377F5013755E8011B
:1027F800130505803345F50282809377050C13078E
:1028080000046397E7009377F50137459C1CCDB723
:102818002165130505D0828037E700E01C43544347
:10282800A183E206D58F1CC1FD572320F718232268
:10283800F7180F100000828013178500B7E700E033
:1028480023A0E710618123A2A7108280B7F700E0D8
:102858008847CC478280814737370040A14663C408
:10286800C700328582800345B740E38EA6FE3385D4
:10287800F5000345050085072304A740CDB797F762
:10288800FF1F9387A7329C43171700201307470D94
:102898003E95636EE50017570020130727566368B7
:1028A800A70017F7FF1F2323A7303E858280FD5717
:1028B800EDBF411122C406C62A84313F2947B30718
:1028C800E502B2408D83B3D7870222449507B3D778
:1028D800E70237370040C207C1832316F74041019A
:1028E8008280716541111305052006C6D937B737AF
:1028F8000040130770F82381E7400D47A381E740A4
:1029080013070004A380E74005472387E740B24048
:102918004101828011456FF00FD441119396250033
:10292800AA852D4506C697E0FF1FE78020D4B24050
:10293800014541018280411126C29394250022C499
:102948004AC02A843289A686AA850146254506C634
:1029580097E0FF1FE78080D1A6864A86A285294591
:1029680097E0FF1FE78080D0B2402244924402499A
:10297800014541018280011122CC06CE3714004066
:1029880026CA4AC84EC652C483447405034AB405CD
:102998008349840503499405EFF0AFA28347A40552
:1029A80093F4F40F137AFA0F93E71700230DF40446
:1029B80093F9F90F1379F90FB717004003C7A70563
:1029C800058B6DFF03D5C705A38D4705238C3705F8
:1029D800A38C2705A38B9704F2406244D244424952
:1029E800B249224A0561828041119397050122C4A8
:1029F80006C6C1872E8463DB0700652111C10D2936
:102A08002165218DB24022444101828093F715004F
:102A180013C51500E5FB9397250163D00702EFD096
:102A28007037CD3D37F60200130606E0896503C509
:102A38004184EF0030090965E9B79397150101450D
:102A4800E3D207FC17A501001305C571EF902154C7
:102A580013060064916503C54184EF00B006116553
:102A68004DB71D71494697A501009385256B17B58C
:102A780001001305E58786CE97E0FF1FE780A0FEDB
:102A880001E917A501001305A56AEF90415001A0BF
:102A9800B7F600E0795798CAFD57DCCA0567B7E76B
:102AA80000E023A0E7101306F00290C223A0E71865
:102AB8000F1000001306C0038145480897E0FF1F68
:102AC800E780E0F497F7FF1F9387072D3ECA8967D1
:102AD80093870780231CF100B5472304F102A167FF
:102AE800938707E03ECEB7070105938707103ED0CE
:102AF800ED472312F10285472303F10297070000EF
:102B08009387E7E1BEC497070000938707E3BEC633
:102B18008567938717D02315F102970700009387DD
:102B280027D33EDAB7F50700970700009387E7E455
:102B38003EDE814697070000938707DE7000E105B7
:102B48001945BEC097E0FF1FE78040B2580881478B
:102B5800994670003E960346060085070507A30CB4
:102B6800C700E398D7FED24791C70357810185670D
:102B78006373F70001A04808EF00B03CAA8501C9BB
:102B880017A501001305055CEF90C12E01A0F640C2
:102B980025618280411117050000130525E506C649
:102BA80022C4EF009036138441842300A40019281E
:102BB800034504002244B2401306003289654101EE
:102BC8006F004070411106C6F3270080A18B138760
:102BD800018489CBF327008023A0F1841C43DD9B6B
:102BE800739007800F100000B71700409306700518
:102BF8002380D704930680FA2380D7040F1000009F
:102C080083C6F70293F6A60FA387D702238007048B
:102C1800F32600801C43A18BD58F7390078023A0D7
:102C280001840F100000F3270080A18B89CBF327C4
:102C3800008023A0F1841C43DD9B739007800F1054
:102C48000000B7170040930670052380D704930649
:102C580080FA2380D7040F10000083C6F70293E69A
:102C68002600A387D70223800704F32600801C438D
:102C7800A18BD58F7390078023A001840F100000CB
:102C88000545EFE09FF679311305407E81470147FE
:102C9800814605468545EFE0DFFBB240014541012D
:102CA8006F00905A89476305F50263E6A7008547D8
:102CB800630AF50082808D476301F5029947630333
:102CC800F502828017A501001305054A6F90212C93
:102CD80017A501001305454AD5BF17A5010013051F
:102CE800A54AEDB717A501001305C54BC5B7411196
:102CF8009397050122C406C6C1872E8463DD0700A9
:102D080003C5C184792A11C125222165218DB240CC
:102D180022444101828093F715000145EDDB1385BC
:102D28004180EF00F17D13451400D5B70111170557
:102D38000000130505FC06CE22CCEF00101D1384FD
:102D4800C18485472300A4002307F1001306E1008E
:102D58008D47854513055030A307F100EF207143D7
:102D68001306F100854513058030EF20914217F6D0
:102D7800FF1F1306E6CDC14513057030EF207141E2
:102D880017F6FF1F1306C6CBB54513056030EF20B5
:102D980051409305000A0D45EF20A0639305000AF2
:102DA8001145EF2000639305000A0D45EF2060628E
:102DB8009305000A1145EF20C061034504008545CD
:102DC800CD2EF240624405618280411113058004D2
:102DD80006C697D0FF1FE780002D371700408327CE
:102DE800870A8D451305002093E707202324F70A57
:102DF8008132C53C17A501001305854FEF902119B5
:102E08008D31493BEF205164153797D0FF1FE7807C
:102E1800A07923AC05FE1C4191E7010001000CC11B
:102E28008280BA8703A787FF6DFF23ACB7FE828035
:102E38001DC18346E5FF1307F00F9147639EE60027
:102E4800411106C697F0FF1FE780809EB240814778
:102E58003E854101828095473E85828001E9014592
:102E680082800145B240224441018280956541112A
:102E7800938505D022C4C98D2A842105C20542053F
:102E8800C181418106C697F0FF1FE780008E71D986
:102E9800FD5723200500231285002303F500210593
:102EA800D1B7138701851C43411122C426C24AC0E9
:102EB80006C601440149BA8489E7A165212D0DC4DC
:102EC80001A803C7E7FF6318A7021DC8A165D52499
:102ED8009840832784FF6317E40223A8F184FD57F1
:102EE800232C04FE230FF4FE2285B2402244924490
:102EF80002494101828011E03E8983A787FF6DBFA7
:102F08003E84E5BF232CF9FED9BFA1CD411122C4CF
:102F180006C62A849707002083C7D76B2E8563755A
:102F2800F400894763E8870021370D45B240224401
:102F38004101828083A785FF99E703C7E5FF9307CF
:102F4800F00F6305F700ED351545CDB7238F85FEE6
:102F5800138501857D3D22852244B240A16541014A
:102F680089AC1545828023A8018482809387818655
:102F78009C4399E33E85828003D727006316B700F8
:102F880003C70700E308A7FEDC47E5B7BDCD7971A5
:102F980022D406D626D24AD04ECE01444147B3D7D2
:102FA8008540858BB1CF1205314722953305E5025F
:102FB8009387818503A907008544B3948400C204DC
:102FC800C180BE892A990327090011C70325490032
:102FD8002EC60297B24531473304E40283A709009D
:102FE8003E941C4489E72320090023220900B2509B
:102FF8002254A58D02599254F2492E85456182804A
:103008000504E31EE4F88144DDB72E858280411172
:103018001397050122C406C626C24AC041872E84DA
:10302800635E0700BD3D11C12135A1673D8C228536
:10303800B24022449244024941018280EDD9AA87D4
:1030480001474146B356E440858A9DCA9207BA971C
:10305800B146B387D7029386818503A906008544C4
:10306800B394E400C204C1803E9983270900032574
:10307800490082972320090023220900258C45BF97
:103088000507E311C7FC8144D5BF97070020938744
:10309800A7509C53411122C406C61384C18099C706
:1030A80082971C403E9523A6A18029A0938701867C
:1030B8009C43FDF70840B74703009387D73F330584
:1030C800F502B7A72600938737ECB24022443E9515
:1030D80023A6A1804101828079C9938701869C43F8
:1030E800797122D426D24AD04ECE52CC56CA5AC86A
:1030F80006D65EC63A8AB689328BAE8A2A89829704
:10310800938781859843BE840144B146C147B30B78
:10311800D40233067701104251E6C165938505F064
:10312800414597E0FF1FE78040641DE597070020B1
:10313800938787469C5B2D4589C7114581458297B2
:103148002D45B250225492540259F249624AD24A49
:10315800424BB24B456182809387818698431DEF2D
:1031680023A4A186230005009C4005473317870048
:1031780023260500232465012311E50023224501A8
:10318800DE9723A0270123A2570123A44701014565
:10319800E38909FA238089006DB73E875C47F5FF0C
:1031A80048C7C9B70504E314F4F6214559BF0945D2
:1031B80082809707002083C7F741637FF500138754
:1031C80041859317150008433E9583570500DD8D0B
:1031D8002310B500014582800D45828097070020A5
:1031E80083C7573F6371F50213874185931715000D
:1031F800084393C5F5FF3E9583570500FD8D2310C1
:10320800B500014582800D458280130705FF1377BD
:10321800F70FFD4763E5E70AB146B306D502938782
:103228008185984389473697184359CB011122CC99
:103238004EC60544935945003D893315A40013141F
:103248000501418026CA4E85AE84A2854AC806CEAD
:10325800313B2A89814721CDA2854E854137938705
:1032680001869C4382979707002083D7673B338763
:1032780097022A84814613060064B3B797021305A0
:103288000732B335E500BE95EF805105B3078500D9
:1032980097060020938646383E87D44263E4A70009
:1032A80063E4D7003387D7402324E9008147F240FD
:1032B8006244D2444249B2493E85056182808947C9
:1032C8003E8582809707002083C7D7306364F50066
:1032D8000145828001119387018656C283AA07009F
:1032E80006CE22CC26CA4AC84EC652C4638D0A0AE4
:1032F800170A0020130A4A3283244A00B74736FEC9
:10330800938707C8AE899705002083D56531BE9499
:10331800B387C5022A8432898146B3B5C5021385AD
:103328000732B337F50013060064BE95EF80017BC2
:1033380063EBA406829A9705002083D5652EB38790
:103348002503AA84130600648146B3B525031385B3
:103358000732B337F500BE95EF804178B307950083
:10336800BE8403274A0063E4A70063E4E700B3844C
:10337800E740CE852285DD3E01C504C505452DA063
:10338800936504F0C205C181414597E0FF1FE780BE
:10339800C03D05E597070020938707209C5B81C700
:1033A800A285114582970145F2406244D2444249C0
:1033B800B249224A924A05618280938781869C435A
:1033C8008DE323A4A18685472326050004C5231180
:1033D800350123008500A300F5002322050079BFED
:1033E800BA87D84775FFC8C7F9BF49C9797122D4C8
:1033F80026D24AD04ECE52CC56CA5EC662C466C2E7
:1034080006D65AC83689328AAE89AA844144314CD4
:10341800938A8185854C930B0003330B840303A7A0
:103428000A005A971C43B1E79375F400B395BC00A2
:1034380013554440C2055286C1811375F50F59359D
:103448000DC983A70A000145DA9784C323A237016F
:103458006304090023008900B2502254925402598F
:10346800F249624AD24A424BB24B224C924C4561D5
:1034780082800504E31374FB2145F9BF0945828066
:10348800411122C426C24AC006C62A842E89B284A3
:10349800153DCA852285D93C05CD9705002083D5E1
:1034A8002518B38795022A84130600648146B3B5AC
:1034B800950213850732B337F500BE95EF80016298
:1034C80048C00145B24022449244024941018280E9
:1034D8002145CDBF411122C426C24AC006C62A8949
:1034E8002E846934AA8419C123110500A2854A854E
:1034F800F5319707002083C7E70D6397270183D726
:10350800C1855D8C239E8184014591E01945B240B7
:10351800224492440249410182809307F00263E603
:10352800A7044111B14722C43304F50226C293848B
:1035380081859C4006C6A297984389470DC3937717
:10354800F5008545B395F500C205C181118159374C
:103558009C40A29723A0070023A207008147B240FE
:10356800224492443E854101828089473E8582807B
:10357800411106C622C4DD3A11E50145B240224494
:1035880041018280938701869C4300458297970773
:103598000020938767086368A402D843B74636FEBD
:1035A800938606C83305A4403697E378E5FC1307ED
:1035B8000064B335E50203D6870081463305E5028A
:1035C800EF80C15165BFD8433A94C1BF411106C6C7
:1035D80023A2A1860295B2409707002023A8A7003E
:1035E800014541018280994763E9B7008A05970739
:1035F80000209387A700BE9588C18280411171463B
:10360800814517050020130565FF06C623A401861A
:1036180023A2018623A0018697D0FF1FE780203FC1
:10362800130680028145170500201305A5FA97D0D7
:10363800FF1FE780C03DEF20616A9707002083C71E
:1036480017F713D527008D8B3E958D473305F50267
:10365800854539051375F50F97070020238DA7F6C3
:1036680099473305F5021305052497E0FF1FE78006
:10367800C00F23ACA18459C59947170600200346FB
:1036880086F53306F60281451306062497D0FF1FF8
:10369800E780E037938781859C439387072423A697
:1036A800F18617070020034707F30A07BA9723AAEA
:1036B800F184EFF05F8BF9299387C18694439707CC
:1036C800002083C737F113972700369717060000A5
:1036D8001306068C10C3138717001377F70F0A0712
:1036E8003697170600001306C69210C313873700D3
:1036F800890793F7F70F8A0797050020A38CE5EC55
:10370800B69790C3B240410182809707002083C7D3
:1037180077EC17070020034707EC63F1E7021387EC
:10372800C18618439386170017060020A304D6EA1B
:1037380093962700369708C33E8582809307F00F3B
:10374800E5BF1C416388071641777D8FB7060020C7
:1037580089476312D71603574500630E07144111B2
:1037680022C419462A849305F00F690506C697D026
:10377800FF1FE780E03305478D476308E5121C44C7
:1037880081CB5858994763020712185C630F0710DA
:103798001306C0038145170500201305E5DF97D000
:1037A800FF1FE780C0261306C003A2851705002067
:1037B800130585DE97D0FF1FE780E021170700205B
:1037C800035747DE97070020938707DD19E713079C
:1037D8000010970600202397E6DC17070020034710
:1037E80087DC11E7054797060020238EE6DA1707DE
:1037F8000020035767DB11E76D47970600202395E4
:10380800E6DA17070020034717DA11E71547970686
:103818000020A38AE6D817070020034707D911E735
:103828000547970600202382E6D81707002003479C
:10383800D7D719E703C7F70097060020A387E6D66E
:1038480017070020034787D611E73547970600205A
:10385800238EE6D417070020034797D519E71307E7
:10386800800297060020A385E6D4170700200347A7
:10387800F7D319E71307D00297060020A388E6D2EA
:103888000347840119E71307C00397060020238123
:10389800E6D29C5791C78297970700202390A7D418
:1038A800FD57A38FF198993B8147B24022443E854A
:1038B8004101828089473E85828001114EC6970961
:1038C8000020938969D583A7090006CE22CC26CA91
:1038D8004AC852C4829713090064B335250303DA32
:1038E80089008146528633052503EF80211F9707FB
:1038F8000020938727CE804FAA840145630694024F
:1039080033858440636E940003A54900528681463E
:10391800B335A9023305A902EF80411C018D269514
:103928009707002023A497CCF2406244D24442492E
:10393800B249224A056182809707002083D767CE63
:1039480051471D45637CF702794719456378F702AB
:103958001307200315456373F7021307B0041145D5
:10396800637EF700130740060D456379F7001307D8
:10397800600909456374F70013B5B70F8280011118
:1039880022CC06CE2A842EC6EFF02FF0B245F240A4
:10399800818D33A5A502229562441375F50F056143
:1039A8008280011122CC06CE2A842EC6EFF0EFEDDC
:1039B800B245F240818D33A5A502229562444205A5
:1039C800418105618280011122CC06CE2A842EC64F
:1039D800EFF0AFEBB245F240818D33B5A5022295E9
:1039E800624405618280970700209387E7BA985759
:1039F80039CB411122C426C206C6BE8402971707D6
:103A080000200357A7BD2A8415CBBA876373A70084
:103A1800AA87C207C183BA866373E400A286C20676
:103A2800C182958F5147635BF700DC5491C382973D
:103A3800EFC0503697070020239287BAB24022443D
:103A48009244410182808280970700209387C7B4FF
:103A5800DC57011106CEAA8581C72AC68297B245CE
:103A6800C9C19C410545BDCBDC41ADCB83D78500A1
:103A7800B5C783D7A500BDC383C7C500A5E3414625
:103A880017050020130545B997D0FF1FE780A0F45C
:103A980097070020938747B89C4323A0F186970790
:103AA800002083C7F7B08DE7930780021705002031
:103AB800035505B73305F50237460F0013060624EC
:103AC80081468145EF80810197070020A382A7AE38
:103AD800170500001305A5DED53C0145F240056138
:103AE80082809707002083C787AC13978701618777
:103AF800635407049707002023AC07AE97D7FF1F2E
:103B08009387272E170700202328F7B07D5797079C
:103B1800002023A5E7B0B7873200938727A197062F
:103B2800002023AFF6AE97070020238D07AEB7C756
:103B3800004023A4E726A9BF13F7170005CFB787CE
:103B48002003938707D017070020232BF7ACB7076C
:103B5800C0A8170700202323F7AC97D7FF1F938728
:103B6800672B170700202329F7AA97070020238B24
:103B780007AA39BF6177970600202393E6AA81CB6D
:103B88009307003217070020231DF7A8C9B793072A
:103B98002003CDBF011122CC170400201304C49FB9
:103BA800084406CE26CA4AC801E90545F2406244DF
:103BB800D2444249056182805C58E5DB185C75D7C0
:103BC8007000854582971844B247E300F7FE9305D5
:103BD800E004170500200355E59C97E0FF1FE780E8
:103BE800C0B8170700202327A7A061D11706002017
:103BF8000356469B9305F00F97D0FF1FE78020E1FF
:103C08008144170900201309E99C9707002083C7FE
:103C180087990326090263C1F402328597E0FF1FE2
:103C2800E78000C101459707002023A5079C970757
:103C3800002023A3079C9DBF9705002083D5859668
:103C4800B38795020844185C898185043E9508C2AB
:103C5800029765BF011156C2970A0020938ACA933A
:103C680083A78A0022CC4AC84EC606CE26CA52C4AA
:103C78005AC0AA892E8432896385072203A74A037A
:103C8800630707147D476366A7149704002093848D
:103C9800649403AA040263170A0A9565938515E0DC
:103CA800170500200355059097E0FF1FE780E0AB5C
:103CB8009707002023A0A7942A86630A051083A7E4
:103CC8004A0303A58A009705002083D5A58D89811D
:103CD800829783A78A0003AA040217070020232DCE
:103CE800F7908947639CF908C1476312F40E97055A
:103CF800002083D5258B938505FC9147B3C5F50234
:103D08008A05D29503C705009307A005631DF70A26
:103D180083C715006399370B4A852286910597D08A
:103D2800FF1FE78040CB9C505285639347150145A0
:103D3800F2406244D2444249B249224A924A024B72
:103D480005618280D850E38EE7F89565938525E074
:103D5800170500200355058597E0FF1FE780E0A0C1
:103D68002A8A35C52A8683A74A0303A58A009705A8
:103D7800002083D5258389818297A5B78D47639DC8
:103D8800F900C1476315F4049705002083D58581A0
:103D9800938545FDF199B5B79147639AF900631882
:103DA800340397F5FF1F83D5E57FA115E5B7C14714
:103DB800639FF900A14763EC870097F5FF1F83D540
:103DC800657EC115C1BF9C5052856397470D294533
:103DD80085B71307F006568B6361A70A130A05FE19
:103DE8001947334AEA0217F7FF1F0357A77B97FAC9
:103DF800FF1F938A2A7E330AEA023E9A83A74A0261
:103E08006395470183A40A029DE49305E00417F52E
:103E1800FF1F0355257997E0FF1FE7800095AA84C7
:103E28005DD583274B0397F5FF1F83D5A5772A8692
:103E380089815285829791451307A00589819397B7
:103E48002500A69783C607006393E60483C6170078
:103E5800639C360385058A052286A6954A8597D0F0
:103E6800FF1FE78040B783A70A02E38297EC268505
:103E780097E0FF1FE780C09B5DBD1307E007E3687D
:103E8800A7F4130A05F985B783D5270045BF83A78B
:103E98000A02E38E97F2268597E0FF1FE780409994
:103EA8003DB797F7FF1F9387E7728C538DD19147E2
:103EB8009306A0058983139727002E9703460700CA
:103EC800E317D6F003461700631C360185078A07F7
:103ED8002286BE954A8597D0FF1FE780C0AF81BD77
:103EE80083572700C1BF97F7FF1F9387E76A984753
:103EF80039C79C5FA9C705476313E504411122C46C
:103F080017F4FF1F1304046D105006C60DC6485061
:103F180097F5FF1F83D5056989818297085097E037
:103F2800FF1FE780E09097F7FF1F23A5076C97F71F
:103F3800FF1F23A3076CB240224441018280828084
:103F4800011117F7FF1F130727654EC6832987003E
:103F580022CC26CA4AC806CE52C456C2AA842E8487
:103F68003289638A09201C5FBA8A99EB2945F24095
:103F78006244D2444249B249224A924A0561828047
:103F88005C5BEDD7FD4763E9A70E97F9FF1F93899F
:103F9800696483A70902B1CB03A58A0083A74902F4
:103FA8006395A70689476393F408C147E310F4FCB7
:103FB80017F5FF1F0355055F9147130505FC3345AA
:103FC800F5029317250003A509022286CA853E95A6
:103FD8009307A0052300F500A3009500110597D0CD
:103FE800FF1FE780409F014559B79305E00417F587
:103FF800FF1F0355255B97D0FF1FE780007797F7D2
:10400800FF1F23A9A75E49F995B783A74A0303A60B
:10401800090297F5FF1F83D5E5588981829783A701
:104028008A0017F7FF1F2329F75CADBF8D47639EF2
:10403800F400C147E31CF4F217F5FF1F035585563A
:10404800130545FD9377C5FFBDBF9147639AF400FB
:10405800E31E94F017F5FF1F0355C5542115DDB76E
:10406800C147E395F4F0A147E3E287F017F5FF1F96
:10407800035545534115F9B79307F00663EAA706B8
:10408800930705FE1947B3C7E70217F7FF1F035742
:10409800675117FAFF1F130AEA53B387E702BE995D
:1040A80083270A02A9CF83274A02639A3707032581
:1040B8000A0291461308A005FD5593D72600C207AA
:1040C800C183139727002A9703460700631D060735
:1040D800834817000356270063959806B306D64011
:1040E80063CF860485078A072286CA853E95C5BDA3
:1040F8009307E007E3ECA7E6930705F979B793057B
:10410800E00417F5FF1F0355E54997D0FF1FE78027
:10411800C06597F7FF1F23AFA74C51F581BD83A753
:104128004A0303260A0297F5FF1F83D5A54789810D
:104138004E85829797F7FF1F23A0374D8DBFA300A9
:10414800B700B2869DBFB385860017F6FF1F0356DA
:1041580066459105130606FCE3FAC5E0130634002C
:104168001376C60F1106B29623000701A300970025
:104178002311D70085BF97F7FF1F9387A74594534F
:10418800BE89A1C203A5090291461308A005FD55E1
:1041980093D72600C207C183139727002A9703469F
:1041A800070063160605834817000356270063981F
:1041B8009800B306D640E3D786F2A300B700B286CC
:1041C800C1BF8357C70017F5FF1F0345C53D9305BA
:1041D800E0043305F5024205418197D0FF1FE780CF
:1041E800C05897F7FF1F23A7A74049FD41B317F60B
:1041F800FF1F0356263B97F5FF1F83C5C53AB385B6
:10420800C502338686001106E3E2C5D681BF0145A3
:104218008280011106CE2EC6EF70E05A01C9B24560
:10422800F2400355250005616FB0C067F24049456B
:1042380005618280A38C0188238C018823A00188D2
:1042480023A2018823A4018823A6018823AE01861E
:1042580023AC018697F7FF1F9387073D3706840332
:104268003707B40090D337C6070098C3130606B8BB
:104278003747A000D8C3D0D337071000416693064C
:10428800070AB70550009308060194C723A417032B
:1042980093860501930816F8D4C723A61703B70613
:1042A800D007B7087F0013080705138506014107E3
:1042B80023A81703B0C39308160093860605138630
:1042C8001500D8CBF8C323A8070188CF23AE070071
:1042D80023AA170323AC070223AE070223A407046B
:1042E800F0C7B4CB23AA0704ACCF23AE0705B8D3D5
:1042F8003707A000F8D71307000AB8DB1307C01C5C
:10430800F8DB37071400B8DF0547F8DF130710F8A4
:10431800E8D323A4070623A0070823A2E70882807E
:10432800011126CAAA84214522CC06CE2E8432C683
:1043380036C43AC2EFE09FB21DC9A24612473246C0
:10434800930700FD2300F5009947A300950023017A
:10435800F5002303D500A303E5002312C500AA85B1
:1043680022856244F240D24405616FE01FBAF240F0
:104378006244D2440561828023A0A188828023A25E
:10438800A188828023A4A188828023A6A188828014
:10439800011122CC4AC806CE26CA2A890144B30490
:1043A80089006368B400F2406244D244424905611E
:1043B80082802EC6EFE07FCD93170501C183A183CC
:1043C800B2452380F4009307140093F7F70F850490
:1043D80063F9B700CA9709042380A7001374F40F80
:1043E8007DBF3E847DBFC16717F5FF1F0355A52C10
:1043F800FD176304F502411117F6FF1F0346C6387F
:104408009385018906C6EF70001BB240FD5717F768
:10441800FF1F2312F72A41018280828009C92515CE
:104428001375F50F1335850E134515008280014568
:10443800828023900500C9C6797122D426D24ECE37
:1044480052CC5AC806D64AD056CA5EC63684328A74
:10445800AE892A8B814463F34407B307940083C76A
:104468000700138914004209939A070193DA0A0195
:104478001359090163840A04CA976341FA04B3070C
:10448800240183CB07005E85513F0DC99387FAFF4E
:104498002390F90063906B03130519002295B2501D
:1044A800225492540259F249624AD24A424BB24BC0
:1044B80045618280D694C204C18071BF0145C5B7E9
:1044C80001458280411126C2AE8422C497F7FF1F9E
:1044D80023AAC71E97F7FF1F23A4B71E97F7FF1F2E
:1044E80023AEA71C2A8441469305F00F26854AC0AF
:1044F80006C6054997C0FF1FE780805B6310250546
:1045080097F7FF1F9387C71A884BC1455135414616
:104518009305F00F228597C0FF1FE78060598544F7
:1045280063189502224497F7FF1F93876718B240D4
:1045380092440249C847C145410199BD4146814558
:10454800268597C0FF1FE780A056E31225FD4DBFC3
:1045580041468145228597C0FF1FE7806055E303E8
:1045680095FCB240224492440249410182804111A3
:1045780022C426C22E84AA8413060002814517F598
:10458800FF1F1305E51206C697C0FF1FE7802048E6
:1045980097F7FF1FA38F971097F7FF1F2388871E92
:1045A800EFB04032854719C181474945B24022449E
:1045B80017F7FF1F230EF70E9244410182808147AF
:1045C80081CD19C98547631BF50083C7550093E75B
:1045D80007FCA382F50085473E85828089476317DB
:1045E800F50083C7550093F7F703E5B70D478547EF
:1045F800E314E5FE03C755001377F70313670704B1
:10460800A382E500D1BF81478DC105C103C755000D
:104618009306000C85471377070C6308D7009306A9
:1046280000048D476303D70089473E858280411186
:1046380022C4005D06C626C21DC8AA84085009C542
:1046480097D0FF1FE780C01E485009C597D0FF1FAD
:10465800E780001E085409C597D0FF1FE780401D5A
:10466800228597D0FF1FE780A01C23AC0402B2402C
:10467800224492444101828009ED97F7FF1F83C7C6
:10468800470317F5FF1F1305250481CB1385018701
:10469800828017F5FF1F13052503828017F5FF1F7A
:1046A80003452501828097F7FF1F93876700C84756
:1046B800828097F7FF1F9387A7FF884B828097F721
:1046C800FF1F9387E7FEDC4B8843828097F7FF1F25
:1046D800938707FED84B1C4385071CC317F5FF1F9C
:1046E800034535FD9307F00F6305F50091656FE00D
:1046F8005FAC8280011122CC06CE2E8432C6EF70C8
:10470800C01C9147B245631FF5009387C1889C433D
:104718008DC303A30700630E030022856244F240A1
:1047280005610283938741889C4381C703A347009F
:10473800DDB7F2406244054505618280011122CC53
:104748002A840355450006CE26CA4AC84EC6EF60DD
:10475800F0762DC52A89834405008349C500C13DEB
:104768004A85EF70605003554400EF70401183C7CD
:104778008189A9CB6398970483C591892685513C83
:1047880019E1238C018803554400EF700014914708
:10479800631FF5000357440097F7FF1F83D7A7F15E
:1047A8006317F700FD5717F7FF1F2316F7F0F240BE
:1047B8006244D2444249B2490561828081499304E6
:1047C800F00F75B79307F00FE38FF4FA8346640090
:1047D80003564400034524004E87A685913665B7E5
:1047E80079715EC6AA8B2E8552CC56CA5AC806D68F
:1047F80022D426D24AD04ECEAE8A328B368AEF6089
:10480800F06B7DC1045D2A89E5C09C50614599C360
:10481800130540039C5481C7510542054181630536
:104828000A00710542054181DC5081C75D054205DA
:104838004181EFE0AFE22A8445C96146814597C0CE
:10484800FF1FE780C01C97F9FF1F83C9E9E0639445
:10485800090083490900930700FD2300F400A947D4
:10486800A30074012301F400230364018C50231274
:1048780054011305840191C908C47146930A44037D
:1048880097C0FF1FE780201556858C5491C948C4EE
:104898005146930A450197C0FF1FE780C01356850C
:1048A800630C0A0008C87146D285930AC50197C0EF
:1048B800FF1FE78040125685CC5099C548C85D4611
:1048C80097C0FF1FE7802011A2854E85EFE0EFE338
:1048D8002254B2509254F249624AD24A424BB24BE5
:1048E8004A8502594561A1B3B250225492540259E3
:1048F800F249624AD24A424BB24B45618280011169
:104908004EC6AA892E854AC806CE22CC26CA2E892A
:10491800EF60D05A21C997F4FF1F83C4E4D399E00C
:10492800834405001945EFE06FD32A8405CD8145FE
:10493800194697C0FF1FE780800D930700FD2300ED
:10494800F400B947A30034012301F4002312240121
:10495800A2856244F2404249B2492685D2440561A3
:104968006FE0AFDAF2406244D2444249B24905618D
:10497800828039715ECEAA8B2E8526DA4ED652D425
:1049880056D25AD006DE22DC4AD8AE84328BB68A9A
:104998003A8ABE8942C6EF60705221CD2A894145C4
:1049A800EFE0CFCB2A8431C54146814597C0FF1F30
:1049B800E780E00517F5FF1F034505CA19E1034520
:1049C8000900930700FD2300F400BD472301F4000C
:1049D800B247A30074012312940023046401A304C2
:1049E800540123054401A30534015CC4A285EFE00A
:1049F800CFD1F2506254D2544259B259225A925AE3
:104A0800025BF24B21618280797126D2AA843945F2
:104A18004AD04ECE06D622D42EC6B2893689EFE0C9
:104A2800EFC321C1B2459307000D2310F500B1472C
:104A38002A842312B5002301F500CE8519051946ED
:104A480097C0FF1FE78020F923062401A28522547E
:104A5800B2500259F24913F5F40F925445616FE0D0
:104A6800CFCAB250225492540259F2494561828009
:104A780017F7FF1F0347F7C39307F00F630DF706F8
:104A8800411126C2AA84394522C406C64AC0EFE0AD
:104A9800EFBC2A8439C9930700FD2300F500A30061
:104AA80095002301050097F5FF1F9385E5C10D05C6
:104AB800194697C0FF1FE78000F217F9FF1F130977
:104AC80029BF83578900A28517F5FF1F034575BEC7
:104AD8002315F400834719002306F4002244B2404A
:104AE8009244024941016FE04FC2B24022449244CD
:104AF800024941018280828001115AC02A8B3145C6
:104B080026CA4EC652C456C206CE22CC4AC8AE8465
:104B1800B28A368ABA89EFE06FB435CD2A84268501
:104B2800EF60D03911C50347C500A1476314F704E6
:104B380017F9FF1F0349F9B7930700FD2300F40095
:104B48009D47A30064012301F4002312940023135A
:104B580054012314440123153401A2856244F24010
:104B6800D244B249224A924A024B4A8542490561D7
:104B78006FE0AFB917F9FF1F034959C1E31E0BFADC
:104B8800938741989C439C47C5DBCE865286D68541
:104B98002685829755B7F2406244D2444249B249C9
:104BA800224A924A024B05618280011122CC2A8452
:104BB800214506CE2EC6EFE06FAA21C1B245930764
:104BC80000FD2300F500C5472301F50083C7350024
:104BD800A301F50083D745002312F50083C76500BC
:104BE8002303F50083C77500AA85A303F500228572
:104BF8006244F24005616FE04FB1F24062440561E2
:104C08008280397162CC2A8C594526DA4AD84ED628
:104C180052D456D25AD05ECE06DE22DCAE8432C6DC
:104C280036C4BA8B3E8BC28A468A8359010403492B
:104C38004104EFE0AFA225C93246930700FDA24622
:104C48002300F5009547A301C500A30085012301B2
:104C5800F5002A8419461105A9C2B68597C0FF1F19
:104C6800E78060D723066401230A24012315740111
:104C7800231754012318440123193401A2856254CF
:104C8800F2504259B259225A925A025BF24B624C84
:104C98002685D25421616FE04FA7814597C0FF1F39
:104CA800E780E0D6C1B7F2506254D2544259B259A3
:104CB800225A925A025BF24B624C2161828097F72A
:104CC800FF1F83C7079F8DCB4111AA8519461385FE
:104CD800018706C697C0FF1FE780E0CF938501874D
:104CE80017F5FF1F0345E59CEFF07F8DB240138554
:104CF800018741016FA0903D0145828017F7FF1F92
:104D08000347379B9307F00F6305F708411126C245
:104D1800AA84294522C406C6EFE04F942A8429C1F3
:104D2800930700FD2300F500A1472301F500A30028
:104D3800950097F7FF1F9387A79783C72700938549
:104D480001871105A30FF5FE194697C0FF1FE780DD
:104D580080C8A28517F5FF1F0345B595EFE0EF9AC8
:104D680017F7FF1F0347E7948D47631FF7009387E3
:104D780081889C4391CB03A38700630703002244E7
:104D8800B240924441010283B2402244924441011C
:104D9800828017F7FF1F0347C7918D47631AF700F3
:104DA800938781889C4389C703A38700E31D03FC7D
:104DB8008280797122D406D626D24AD04ECE52CCE1
:104DC800094455CD2A89035505002E8A5144EF60C0
:104DD800F00EAA844DC597F7FF1F83C7279BFD17C1
:104DE80093F7F70F05474944637BF7080347C50066
:104DF800A1476314F70063140A089C5C4544C1E3A7
:104E08009165938545711305C00297D0FF1FE78010
:104E1800C09588DCAA894D443DC11306C00281456E
:104E280097C0FF1FE780A0BE8357090093864900FB
:104E380036852391F90071469305490036C697C017
:104E4800FF1FE78040B989472380F90003C5C400E4
:104E5800B24603560900611597F5FF1F83C5C59231
:104E680013351500EF70B0232A8463060A00D28533
:104E78002685EF70400E01C42685EFF04FFB228592
:104E8800B250225492540259F249624A45618280D2
:104E980097F7FF1F83C7878FFD1793F7F70F05470E
:104EA800637AF708894741CA011122CC26CA4AC841
:104EB8004EC652C406CEAA89368AB2842E89EF60BD
:104EC800E07F2A84D14739C9485509C597D0FF1FC3
:104ED800E7800096F145268597C0FF1FE78080B5DB
:104EE80048D4CD4705CD8346C40021478147639FF9
:104EF800E600630D0A000347A50103560501930662
:104F08002501AA854E85EF70800CAA8703474400C7
:104F1800630F0900136767002302E400F24062444C
:104F2800D2444249B249224A3E85056182801367CC
:104F38004700DDB7C9473E8582809307200463EBAD
:104F4800A70097E7FF1F9387276E06053E95035531
:104F58000500828041657D158280011122CC2A845A
:104F68002E8526CA06CEAE84EF6040751DCDB747A4
:104F78000F009387F723094563E4870281450A8573
:104F8800414697C0FF1FE78080A8A68523108100AF
:104F98000A85418023018100A3010100EF70C07BD5
:104FA800F2406244D244056182804945D5BF97E703
:104FB800FF1F238CA77C82806F709008797152CC78
:104FC8002A8A328522D426D24AD04ECE56CA5AC808
:104FD8005EC606D662C4AE8BB28A368BBA843E8968
:104FE800C2894684EF60806D15C92A8C63140A0251
:104FF80013774B008347450015CF93E7270123021A
:10500800FC008DEC631C0902639A090205E8ED9B1C
:105018002302FC00832B8C0363910B08B2502254AB
:1050280092540259F249624AD24A424BB24B224C3C
:1050380045618280F59B93E70701D1B793E7470065
:105048002302FC0001CC1C484146A2852324FC0213
:1050580013058C0197C0FF1FE780E09763930B024D
:10506800D5D80325CC0209C597C0FF1FE780407C2F
:10507800F145268597C0FF1FE780C09B2326AC0219
:1050880051BFE30909F80325CC0209C597C0FF1FE2
:10509800E780007AF1454A85F1BF9DC483A70B02DA
:1050A80099EB916593853571714597C0FF1FE7802E
:1050B800C06B23A0AB0203A50B0219C57146A685D8
:1050C80097C0FF1FE78020916388090283A74B02DE
:1050D80099EB9165938525715D4597C0FF1FE78022
:1050E800C06823A2AB0203A54B0219C55D46CE8555
:1050F80097C0FF1FE780208E1DC483A78B0299EB02
:10510800916593851571514597C0FF1FE780E0654C
:1051180023A4AB0203A58B0219C55146A28597C0EB
:10512800FF1FE780408B2254B2509254F249B24B91
:10513800224CCA865A860259424BD6855285D24A93
:10514800624A45616FF0CFE9011126CA52C406CE02
:1051580022CC4AC84EC62A8AAE84EF60205625C59E
:10516800AA893945EFD09FCF2A8431CD17E9FF1F8F
:105178000349894E6314090003C909009307000D08
:105188002310F400AD472301F4009385690013054B
:105198003400194697C0FF1FE780E08393F7140097
:1051A800858085882306F400A3069400231544010E
:1051B800A2856244F240D244B249224A4A85424911
:1051C80005616FD09FD4F2406244D2444249B2494B
:1051D800224A0561828001114EC652C456C206CECB
:1051E80022CC26CA4AC8AA8A2E8AB289EF60004D04
:1051F8002DCD2A891305C002EFD05FC62A8435C594
:1052080097E4FF1F83C4444599E08344090093074A
:10521800000D2310F400E9472301F4009305690009
:1052280013053400194697B0FF1FE780C07AD2856E
:10523800231554011305C400414697B0FF1FE780AA
:105248008079CE851305C401414697B0FF1FE780DA
:105258008078A2856244F2404249B249224A924A81
:105268002685D24405616FD05FCAF2406244D244B9
:105278004249B249224A924A0561828093878187CE
:10528800884301CD411106C697C0FF1FE780405AE9
:10529800B24023AC0186410182808280011106CE92
:1052A80022CC26CA4AC82EC6EF60404139CDB24545
:1052B80017E9FF1F0349493AAA840CD5631409006A
:1052C800034905004145EFD07FB92A841DCD9307D6
:1052D800000D2310F500A5472301F50083C75400EE
:1052E800938564001105A30FF5FE194697B0FF1FBB
:1052F800E780606E9C54A285F2405CC46244D2444C
:105308004A85424905616FD05FC0F2406244D24489
:10531800424905618280797122D406D62A842EC634
:10532800EF60C03901CDB2452285230EB1006C086B
:10533800EF60F03EB2502254456182805145DDBF96
:105348006F60A04DC1671387E7FF6394E5029387F9
:1053580041889C4391EB494582804945B2402244AB
:10536800924402494101828003A30700E30503FE3A
:105378000283411122C426C24AC006C6FD172A89E3
:105388002E84B2846395F502938741889C4391CB20
:105398009C4381CB829711E5238C2189A38C91882A
:1053A80075BFA6854A85EFE0DFE64DF9F5B72E858E
:1053B800EF60C0305DD1834705000D45E39027FBC2
:1053C80022852244B2400249A685924441016FA039
:1053D800604D9307200463E2A7064111C16722C408
:1053E80006C626C2FD172A8409456382F502C54709
:1053F800AE846313F4022E85EFA0C05117E5FF1F9A
:105408001305852206042A94231094000145B2400E
:1054180022449244410182809307A0036316F4005A
:105428002E85EFA0A048D9BF9307B003E318F4FC7A
:1054380013F5F50FEFA0C047D1B7094582800111D8
:1054480006CE2AC6EFE01FDFEF200010EF10406005
:10545800EF00C13E324597E7FF1F93876725130783
:1054680000F02391E700238207007D5797E7FF1F8D
:10547800938787312381E7002380A700F240954571
:1054880005616F40903B597193970501CAD086D644
:10549800A2D4A6D2CECED2CCD6CADAC8DEC6E2C450
:1054A800E6C2EAC06EDEC1872E8963D1075A17E5C6
:1054B800FF1F0345652DEFD0DF9E8964416A856A29
:1054C800797B2A84938BD4007D1AA50A130CABFF31
:1054D8001DE021653345A900B65026549654065957
:1054E800F649664AD64A464BB64B264C964C064D6C
:1054F800F25D65618280834704001307200A639D7B
:10550800E7000355240097E9FF1F83C9991A2286EB
:10551800D285EFF02F9E59A21307100997E9FF1FB4
:1055280083C9A9266398E718834714001547639031
:10553800E7022285EFF08FA02285EFD07F8F17E555
:10554800FF1F03456524EFD0DF952A8451B73947FB
:10555800639BE71803554400631B55050C4483CC33
:105568000500639D0C00850591C9194617E5FF1FC5
:105578001305851597B0FF1FE780E04517E7FF1F64
:105588000347071385476317F712638A0C0097E7E9
:10559800FF1F238F07106685EFF08FCD71BF8947F6
:1055A80017E7FF1F2306F710EFA0003271B79387A4
:1055B8002400631AF506832C8400638D0C0E83C7C0
:1055C8000C008DE383C72C0003C71C00A207D98FEA
:1055D80017E7FF1F2312F70E83C73C0017E7FF1FCB
:1055E800A308F70C17E7FF1F0347870C89476313C6
:1055F800F70C83C70C0081CB97E7FF1F238A070AA4
:1056080003C50C0051BF8D4797E5FF1F83C5550A99
:1056180017E5FF1F0355450A17E7FF1F230AF70879
:10562800EF40B024F1BF938754006318F5001C4481
:1056380003C50700EFF08FEC01B7B3078501C20778
:10564800C18311476372F7049307ABFCAA971397BA
:1056580007014183F14763F1E7029387B4006312BE
:10566800F504938701889C43E38807EC9C43A28553
:10567800E38407EC82971DA0B70700189387F7709B
:10568800B3D7E700858BB9CB938781889C43E385A3
:1056980007EA9C43E38207EA22858297E31E05E82E
:1056A80011A89387C4006310F5021C4483C7070040
:1056B800E38407E89307F00FE380F9E8A2854E85B5
:1056C800EFD0BF84ADBD9387E4006319F5009387DD
:1056D80041889C43E38207E6DC4351BF9387140467
:1056E800E301F5F8C1BF3D476397E704035544005C
:1056F800E30F75FD93879401E30BF5FC9387340161
:10570800E31AF5FA97E7FF1F83D7E7FA639E470185
:10571800938741889C43E38107E2DC43E38E07E0FB
:10572800A28513853401B9B79387C1889C43E38563
:1057380007E09C43E5B71307E003E39DE7F68347DB
:10574800240005476397E70E83476400938D81879C
:10575800F1E383A70D00D5CB83CC0700A14903450E
:105768007400130D8400EA85EFE0FFE983474401E4
:10577800A303A400835804010358E400035744001A
:105788002A86034534003EC283572401EA86E6850B
:105798003EC0CE87EFF0EFC68347340095E7DD477C
:1057A800835804010358E400834674008355440079
:1057B8003EC2835724016A8705463EC06685CE8768
:1057C800EF60C022A301A40083A70D0081C7114583
:1057D800EFF0DFAA03C58189E30005D683C5918967
:1057E800EFE03FA3E30A05D4834634009307100390
:1057F800638AF600035644004E8783C5818936853F
:10580800EFE01FB2238C018805BB97ECFF1F83CC08
:105818005CEAA9B7938781889C4397ECFF1F83CCE8
:105828005CE991498DDFDC439DDB81450145829729
:105838003DB729476391E70C83476400138D81873F
:10584800C1E783270D00A5CF83CC0700A1490345F5
:1058580074009306840093772500D1C7137615004A
:10586800930D4401834704028358C4010358A401DB
:1058780003574400034534003EC28357E401E685DC
:105888003EC0CE87EFF0EFB78347340095E7DD479A
:105898008358C4010358A401834674008355440007
:1058A8003EC28357E4016E8705463EC06685CE87B3
:1058B800EF60C013A301A40083270D0001BF97EC7C
:1058C800FF1F83CC1CDF59B7938781889C4397ECD3
:1058D800FF1F83CC1CDE9149BDDBDC43ADDB81457A
:1058E80001458297ADB7B68536CEEFE0DFD1F246F7
:1058F8002A86B68D85BF0947639DE700938701888F
:105908009C43E38B07C2DC43E38807C22285829766
:1059180025B12D476399E700938701889C43E38D60
:1059280007C09C47D5B70D476397E70022868D458A
:1059380003554400F9BE19476395E70693056102CC
:1059480013051031EFF030752C1013052031EFF0EE
:10595800907403566400835781020355440063E83A
:10596800C700835684000357610263F7E600930576
:105978000002EF903079C9B66374E6002313E4009F
:1059880063F4D7002314F4000357C4008356A4001B
:10599800035684008355640001488147EF90507690
:1059A80061BE1D47E388E7D031476395E70022864B
:1059B800B145BDBF35476399E700938701889C438C
:1059C800E38C07B6DC4789B739476396E700228539
:1059D800EF00D00395B63D476399E70093870188A8
:1059E8009C43E38B07B49C4B05B741476396E7009C
:1059F8002285EF00900C89B645476396E70001457C
:105A0800EF00701B15BE4947639EE70093878188A6
:105A18009C43E38107CADC43E38E07C881450545FB
:105A2800829749B94D47639DE700938781889C43D6
:105A3800E38207C8DC43E38F07C6A2850945CDB7D3
:105A48006147E399E7C62286E145DDB593F715007E
:105A580081CF938701889C4389C7DC4399C301455B
:105A68008297134519008DBC93F7250089CF93873A
:105A780081889C4391C7DC4381C78145054582974E
:105A88001345290091BC93F745000145E38607A417
:105A98009387C1879C4399CF854717E7FF1F230B3F
:105AA800F7C0938781889C4391C7DC4381C78145B0
:105AB8000545829797E7FF1F938787BFC8472C1034
:105AC800EF60F0352810EFF08F9F97E7FF1F83D71F
:105AD800C7B781CF130600643386C702914517E51F
:105AE800FF1F034565CAEFD0EFFD13454900EDB22E
:105AF800011122CC2A84554506CE26CAEFF0EFC301
:105B0800AA8413054002EFF04FC32AC613055002BA
:105B1800EFF0AFC2AA86228562443246F240B3351E
:105B28009000D24405616F905065797122D406D6F1
:105B38008D472E84631FF50003D7A50083D6850003
:105B480003D665000345340083D54500EFE0DFFA4E
:105B580009A889671387D7006310E50403C52500E2
:105B680019E58547B25022543E8545618280938766
:105B780081879443FDD603C6360083C50600814855
:105B880002C202C00148814701479106EFF06F87C2
:105B98000545EFF0AFEEF1B71387E700E303E5FC47
:105BA80013873701631AE50003C525005DD901474E
:105BB80081460146814559BFE507E304F5FAB14737
:105BC8006319F50017E5FF1F0345B5AEEFE0FFFDCC
:105BD80049BF41677D178147E316E5F803C75500BC
:105BE800C947E310F7F883D6E50003D6C500035587
:105BF800840083D5A500EF90505941C95D45EFF069
:105C0800CFB33335A000231CA100834544000355BE
:105C180024003008EF50901B83578101B9F36C08BA
:105C280013051031EFF030479305E10113052031DA
:105C3800EFF070468357C101035784006374F7007F
:105C48002314F4008357E1010357A40063F4E70029
:105C58002315F400835784000357A4006374F700E6
:105C68002315F40003552400EF90F0560357E40081
:105C78008356C4000356A4008355840003552400AA
:105C880001488147EF90D045E9BD8547231CF100C5
:105C9800ADBF17E7FF1F034797AF9307F00F6309DF
:105CA800F70859C5411122C426C206C6AA8403456D
:105CB800A5004105EFD08F9A2A8435C59307000DBA
:105CC8002310F500D9472301F50083D74400231298
:105CD800F50083C764002303F50083C77400A3039A
:105CE800F50083C784002304F50083C79400A30448
:105CF800F50003C6A4002305C5001DC2CC44410518
:105D080048C497B0FF1FE78000CDA2852244B24067
:105D1800924417E5FF1F034595A741016FD0EF9EF9
:105D280023260500DDB7B240224492444101828017
:105D38008280C1671387E7FF639DE50093878187AA
:105D48009C4395C383C707000D47639CA7006F90CA
:105D58007038FD1749476396F500938781879C4300
:105D6800FDF73A8582804947EDBF797122D406D67E
:105D780026D24AD04ECE52CC56CA5AC8034705003E
:105D880085472A84630AF70403468500930695002D
:105D98009305E1000545EFE0CFE9814719C1834745
:105DA80005008346040011476380E6041387818A4F
:105DB80018438D46034717006308D70295C70DC7D8
:105DC80019ED0145B250225492540259F249624ADF
:105DD800D24A424B4561828081470145D9B7854601
:105DE8006318D7028D8BF1DF03451400130A2400D2
:105DF800D285EFE05F81A300A4001389C18A8327BD
:105E08000900AA8A81499304F00F99EB05455DBF03
:105E18008946E318D7FA858BF9B7850993F9F90FFD
:105E280083C7418A63FDF90203250900139B4900D2
:105E38005A9583470500E38297FE83471500E39E42
:105E480057FD1946D285090597B0FF1FE780A0C105
:105E580069D58324090003470400DA9485EC834656
:105E680004009147E38FF6F483270900B9DB03C6E2
:105E7800418A01479305F00FE305E6F4BE84C107A4
:105E880003C507FF630EB50A05071377F70FEDB7CC
:105E980088C4F5A09147631AF706C84405C5834727
:105EA8008400034605006304F6060347040091478F
:105EB800631DF706C84419C597C0FF1FE7804097C0
:105EC80023A604000345840091659385E5710505C3
:105ED80097C0FF1FE780608905C503470400914705
:105EE800631EF704C8C4834784009305940005051E
:105EF800A30FF5FE0346840097B0FF1FE780A0AD0F
:105F0800034584003335A00075BD884441BF93051F
:105F18009400050597B0FF1FE780E0B48547E316B6
:105F2800F5F85545EFF06F81BDA8884441DD97C06D
:105F3800FF1FE780E08F23A4040069B788C465B712
:105F48002380D40083471400D28513852400A380BE
:105F5800F400194697B0FF1FE780E0A703458400C7
:105F680091659385F571050597B0FF1FE780E07F80
:105F780005C5034704009147E31CF7F0C8C48347ED
:105F88008400930594000505A30FF5FE03468400DD
:105F980097B0FF1FE78020A483478400E39807E6B3
:105FA800034504007D151335150029BD797122D4E8
:105FB80026D24ECE52CC06D64AD056CA5AC82A84C1
:105FC8009309250003451500CE859384818AEFE067
:105FD8008FE3A300A4009C400D472A8A83C71700BB
:105FE800639BE7001389C18A83270900814A63916B
:105FF8000718054535A0FDD7144C034674019305D1
:10600800E1000545EFE0EFC21DC99840854683478A
:10601800050003471700631FD7008D8BE1F7014583
:10602800B250225492540259F249624AD24A424B1F
:10603800456182808946858BE316D7FAC5B78347C1
:10604800040011476385E7002D47E39AE7FC938432
:10605800C18A9C40E9D7814A01491DA88840139B01
:106068004A00834704005A95034705006311F70265
:1060780083471500639D47011946CE85090597B0EA
:10608800FF1FE780409E01C503A904005A99850AAD
:1060980093970A0103C7418AC183E3E1E7FCE3134D
:1060A80009F4B5BF93944A00269503470500834732
:1060B8000400631EF70A83471500639A470B1946C5
:1060C800CE85090597B0FF1FE780E0994DC183276A
:1060D80009001147BE94834704006385E7002D47F4
:1060E800639DE70203AAC4008347740103460A00BC
:1060F8006308F602528597B0FF1FE7806073034577
:10610800740191659385E571050597B0FF1FE780D8
:10611800C06515E5E39F04ECADA003AA8400E9B7C8
:106128000C4C13051A0097B0FF1FE780C0938547F2
:10613800E312F5FC5545EFE05FE069DDCDB5834737
:10614800040011476385E7002D476390E702C8C440
:10615800834774010505A30FF5FE034674010C4C33
:1061680097B0FF1FE780208775B788C4D5B7850A21
:1061780093970A0103C7418AC18303250900E3E312
:10618800E7F283C6418A0327090081471306F00F07
:1061980011A8BA844107834507FF638AC5008507AC
:1061A800C207C183E3E7D7FEA9B588C499A083478E
:1061B8000400CE85138524002380F400834714004F
:1061C8001946A380F40097B0FF1FE780C0800345FD
:1061D800740191659385F571050597B0FF1FE780F8
:1061E800C058E30805E0034704009147E31FF7FAA6
:1061F800C8C4834774010505A30FF5FE034674015F
:106208000C4C97A0FF1FE780007DE5B317D7FF1F51
:106218000347F7579307F00F6300F70A51CD411171
:1062280026C2AA84514522C406C64AC0EFC01FC36D
:106238002A842DCD9307000D2310F500D54723019F
:10624800F50083C7340013898400CA85A301F500CB
:1062580083D744002312F50083C764002303F500A5
:1062680003C57400EFE02FBAA303A400CA85130581
:106278008400194697A0FF1FE780E07583C7E400F4
:10628800A28517D5FF1F034595502307F40083D730
:1062980004012318F40083C724012309F4002244CD
:1062A800B2409244024941016FC03FC6B240224405
:1062B8009244024941018280828017D7FF1F034719
:1062C800174D9307F00F6304F70431C1411122C43D
:1062D8002A84194506C6EFC07FB8AA850DC593075D
:1062E800000D2310F500DD472301F5008357440016
:1062F8002244B2402312F50017D5FF1F0345354944
:1063080041016FC09FC0B240224441018280828017
:10631800011122CC1384C18A1C4006CE26CA4AC861
:106328004EC652C499CF2E8AAA84014908406312E6
:106338009902630C0A0497B0FF1FE780604F23A6F9
:10634800018AF2406244D2444249B249224A056174
:10635800828093194900B3073501884709C997B066
:10636800FF1FE780E04C1C40CE9723A407001C4089
:10637800CE97C84709C997B0FF1FE780604B1C40FC
:10638800BE9923A60900050955B745DD13964400B3
:10639800814597A0FF1FE7808067144081477D569D
:1063A80013F7F70FE37F97F8139747003697230003
:1063B800C7008507F5B7011152C4138A818A83275C
:1063C8000A0006CE22CC26CA4AC84EC656C25AC0B1
:1063D800C9CF2A89014419ED9387C18A944399CA80
:1063E80003C6418A2A8481479305F00F13F7F70FF4
:1063F8006367C708131534002105EFC03FA6AA84B8
:1064080001E92145EFC09FA5AA8421C501444D4952
:10641800930700FD2380F4008547A380240123818E
:10642800F400A38184005DC41389840023A224019D
:106438008149938AC18A130BF00F83C7418A63F39A
:10644800F90031E883270A00A68503C50700EFC0D5
:10645800DFAB814503C5418A653D03250A0097B036
:10646800FF1FE780E03C23A4018AF2406244D24443
:106478004249B249224A924A024B056182801397E7
:1064880047003697034707006305B70005041374F0
:10649800F40F8507A1BF83A70A0093954900BE950D
:1064A80083C70500638467032300F90083C71500C9
:1064B800130529007D14A300F900194689051374F2
:1064C800F40F97A0FF1FE78000512109850993F970
:1064D800F90FA5B723A20400B5B79387818A9C4317
:1064E800B1C7411122C406C62A841DE10945EFE05F
:1064F800DFA42A8601C9854517D5FF1F0345C5288E
:10650800EFC05FDC0545EFF0AFDE2A84054519C80A
:10651800854517D5FF1F03452527EFC0BFFB2285FB
:10652800593D0545B240224441018280014582809F
:1065380089679386B7006316D5009C4503C5070095
:1065480069BF9386C7006318D5009C45854603C577
:10655800070019C9F5B793861704E300D5FE93879A
:1065680027048146E303F5FE36858280797106D6D5
:1065780022D426D24AD04ECE52CC56CA5AC85EC66B
:1065880079C983473500AA8985C7404115C059454F
:10659800EFE0BF9A931A850193DA8A410149138A79
:1065A800818A130B000DB54B83C73900636DF90061
:1065B800B250225492540259F249624AD24A424B8A
:1065C800B24B456182808307840263CD57078327D6
:1065D8000A00ADCB2285EFF04FF92DC503458400A5
:1065E8005105EFC0BF87AA8431CD2310650123016F
:1065F800750183470400194693052400A301F5009B
:106608008307840215052303F50083471400A30FAD
:10661800F5FE97A0FF1FE780003C03468400238611
:10662800C4001DC61385440188C89305940097A02B
:10663800FF1FE780403A83270A00A68503C50700A5
:10664800EFC0BF8C0509130494021379F90FA9BF91
:1066580023A80400CDB79387818A9C43B1DBA13B73
:106668002254B25092540259F249624AD24A424BD9
:10667800B24B014545616FF0AFC7797106D622D498
:1066880026D24AD04ECE52CC56CA5AC85EC671C11E
:1066980083473500AA8985C7444195C05945EFE02D
:1066A800DF89931A850193DA8A410149138A818A1D
:1066B800130B00FDC14B83C73900636DF900B2505D
:1066C800225492540259F249624AD24A424BB24B7E
:1066D800456182808387F40063C8570783270A00CF
:1066E800A5C75145EFC08FF72A8439CD230065012E
:1066F800A30005002301750183C70400194693858B
:106708002400A301F5008387F4001505A306F5000E
:1067180083C71400A30FF5FE97A0FF1FE780A02BE7
:1067280083C78400938594001305C400A305F4006F
:10673800194697A0FF1FE780002A83270A00A28531
:1067480003C50700EFC06FFC0509C1041379F90FF1
:106758009DB79387818A9C43BDD3B1392254B250E7
:1067680092540259F249624AD24A424BB24B01450D
:1067780045616FF0EFB75D7186C6A2C4A6C2CAC0F4
:106788004EDE52DC56DA5AD85ED662D466D26AD069
:106798006ECE630C0526834735002A898DCB404190
:1067A8001DC45945EFE06FF993178501E1873EC68F
:1067B80081449389818A130A000DC94B054CB54C55
:1067C800130D00FDC14D8347390063E1F402B64063
:1067D800264496440649F259625AD25A425BB25B41
:1067E800225C925C025DF24D616182808307C40085
:1067F800324763C6E71683A7090063820716034B6F
:10680800040093770B01CDCFCD47631EFB06230011
:1068180004002285EFF08FF9630305148347040011
:1068280011476363F7146399870D5145EFC00FE370
:10683800AA8A630605122300A501A3000500230107
:10684800B50103470400194693052400A301E50098
:106858000307C4001505A306E50003471400A30FAA
:10686800E5FE97A0FF1FE7800017034704011946BC
:1068780093051401A385EA001385CA0097A0FF1F9A
:10688800E7806015F1A0D5476318FB008547230012
:10689800F400A30B0400B5BFF547E309FBFEC947A5
:1068A8006316FB0089472300F400A5B7C1476314AA
:1068B800FB008D47CDBFED47E31DFBF49147E5B7DE
:1068C80093778B0099C3AD47F9BF93761B009377F5
:1068D8004B0091C699C395475DBFA147E9B7937629
:1068E8002B0091C699C3A5475DB799476DBF99C35A
:1068F800A94755BF9D4745BF034574015105EFC0E2
:10690800EFD5AA8A29CD2310450123019501034714
:106918000400194693052400A301E5000307C400F9
:1069280015052303E50003471400A30FE5FE97A010
:10693800FF1FE780400A034674012386CA0019C670
:1069480013854A0123A8AA000C4C0DBF23A80A00EE
:1069580003A70900D68503450700EFC00FDB8504B0
:10696800710493F4F40F85B503457401130505020A
:10697800EFC0CFCEAA8A65D5231045012301750142
:106988008346040013770B061946558FA301E500CB
:1069980003471400930524001505A30FE5FE97A0EF
:1069A800FF1FE7804003034784001946930514013D
:1069B800A385EA000347940013853A012386EA0079
:1069C8000347A400A386EA000347B4002387EA002C
:1069D8000307C400A387EA000357E4002398EA00EA
:1069E800034704012389EA0097A0FF1FE780A0FE60
:1069F80003467401A38CCA0011C613850A0223AE8C
:106A0800AA0099B723AE0A00A1B79387818A9C434D
:106A1800E38F07DAEFF03F9A2644B64096440649DA
:106A2800F259625AD25A425BB25B225C925C025DB6
:106A3800F24D014561616FF0AF8B97D7FF1F83C798
:106A4800E7D4A18B1385C18991E301456FD03F93AA
:106A58002382018AFD5717D7FF1FA30AF7D223A65F
:106A6800018A23A4018A97D7FF1F938767C6170750
:106A78000000130727AC98C317070000130747AF98
:106A8800D8C317070000130787BF98C71707000068
:106A98001307A7CED8C717F7FFFF1307C71F98CB51
:106AA8009387C18917F7FFFF1307E72898C317F7DC
:106AB800FFFF1307C707D8C38280411122C4854549
:106AC8002A8403C5418A06C6EFF09F8497D7FF1F23
:106AD80083C7C7CBA98BB5CB17D5FF1F130545BFF8
:106AE8002382818AEFD05F891384C18A1C4091C7B1
:106AF8004D45B24022444101828003C5418A19E1D3
:106B08000145C5BF91659385B571120597B0FF1F03
:106B1800E780A0C523A6A18A61DD03C6418A1206C3
:106B2800814597A0FF1FE78080EE104083C6418A09
:106B38008147FD5513F7F70FE374D7FC1397470008
:106B480032972300B7008507F5B701452382018AEC
:106B5800EFD09F8275B79387C187884301CD4111D4
:106B680006C697B0FF1FE780A0CCB24023AE0186CF
:106B780041018280828001111305700306CEEFE087
:106B8800CFBB2AC613058003EFE02FBB2AC4130529
:106B98009003EFE08FBA2246B245F240AA86054537
:106BA80005616F80D05C5D711305D00386C6A2C4F1
:106BB800A6C2CAC0EFE06FB82A841305C003EFE08D
:106BC800CFB7AA841305E003EFE02FB72A8913058E
:106BD800F003EFE08FB68A871377F50F9376F90FF6
:106BE80013F6F40F9375F40F0545EF805059B6402E
:106BF80026449644064961618280757122C51384D2
:106C0800C1871C4006C726C34AC1CEDED2DCD6DA0D
:106C1800DAD8DED6E2D405456388070E9305F10578
:106C28001305F041EFD070589305F1051305F041B5
:106C3800EFD0B0578346F10517D7FF1F034767A763
:106C4800B337E00091C289071840BEC60345370034
:106C580093054700EFD0BF961840AAC40D45834559
:106C68002700AEC2EFE06FADAAC01145EFE0EFAC70
:106C780000402ADE65450347A400034CB4003ADC13
:106C8800EFE0AFABAA846945EFE02FAB2A897145E5
:106C9800EFE0AFAAAA896D45EFE02FAA2A8A7545C9
:106CA800EFE0AFA9AA8A7945EFE02FA92A8B13054F
:106CB8000004EFE08FA8AA8B13051004EFE0EFA7FC
:106CC800E2042648B6476257F256064696451375BB
:106CD800F50F93FBFB0F137BFB0F93FAFA0F137A55
:106CE800FA0F93F9F90F1379F90FE1842AD05ECEE0
:106CF8005ACC56CA52C84EC64AC426C262C0930865
:106D080044000545EF809041BA402A449A440A4914
:106D1800F659665AD65A465BB65B265C496182804C
:106D2800011122CC06CE8D472E846316F50603C7C3
:106D38003500E94703D545006318F70097D7FF1FCB
:106D480083D767976385A706EF40501709C5835710
:106D580064002317F5000357A400835684000356E4
:106D680064008355440003453400EFD0FFD803572F
:106D7800440097D7FF1F83D707946308F700854718
:106D8800F24062443E8505618280FD5717D7FF1F98
:106D98002313F792EDB78967CD07631DF50083C705
:106DA800250031476385E7004547E39AE7FCEFD0C4
:106DB8008FE3F1B7B1476319F50017D5FF1F0345F6
:106DC800F59CEFD09FDE65BF41677D178147E319CA
:106DD800E5FA83C655004947E394E6FA83C54500BA
:106DE80003552400300023140100EF40007941BF0F
:106DF800411122C406C626C283C7018B1307E00FC0
:106E08002E846383E7041307F00F6387E7021145B5
:106E1800EFC0CF8415C1930700FD2300F500894713
:106E28002301F5008547A3008500A301F500AA8585
:106E380003C5018BEFC06F8DF9572388F18AB240E3
:106E48002244924441018280AA841145EFC00F81F7
:106E58007DD5930700FD2300F5008947A300850031
:106E68002301F500A30195002244B2409244AA856B
:106E780003C5118B41016FC04F8979714AD01389BD
:106E8800C1878327090022D406D626D24ECE52CCFB
:106E98004544C5EF97D7FF1F83C7478F958B494454
:106EA800CDC7AE899165A388A18AAA849385757197
:106EB800314597B0FF1FE780408B23AEA1864D4434
:106EC80049C523009500A30005002946CE8509057C
:106ED80097A0FF1FE78020B083270900914603C7CA
:106EE800270063EEE6083DEB4D472381E70003C723
:106EF8002700136707012381E70093057100130535
:106F0800F041EFD0902A83477100F9EB17C7FF1FB4
:106F18000347277A8D476315F70CEFD0CFF82C007D
:106F2800EF50E06F2800EFD09FD94545EFE0EF80A4
:106F3800014401CD130600643306C502914517D5F7
:106F4800FF1F03456584EFC0EFB72285B250225476
:106F580092540259F249624A456182808546631417
:106F6800D700754759B789466314D7004947B5BF55
:106F78008D466314D70041478DBF5547BDB7954629
:106F88004A8A630ED70099466316D70009472381BA
:106F9800E70031A01D466314C70223810700654539
:106FA800EFD0BFF99307F007E309F5F403270A00C8
:106FB8008347270093E707042301F7003DBF2146D5
:106FC8006314C7000547E1B725466315C700238149
:106FD800D700F1B7A9460544E319D7F6114745BFCD
:106FE800EFF0BFC12A8435D1EFF0FFB6B9BF011168
:106FF80026CA9384C1879C4022CC06CE4944A9C79F
:1070080083C707000D446391A704894517C5FF1F6F
:1070180003458577EFC00FCC914517C5FF1F034582
:10702800A576239A018AEFC0EFCA9C4001478146A2
:10703800A38087001306F100854785450145A3070E
:10704800F100EF8090122A842285F2406244D244F3
:1070580005618280011106CE22CC26CA85476319B4
:10706800F50683D7418BB1CB17C7FF1F034787644A
:1070780029E71307B003636DF702894517C5FF1F9A
:1070880003458570EFC00FC59307006403D6418B95
:107098003306F602894517C5FF1F0345E56EEFC0A5
:1070A8006FA2239A018AF2406244D2440561828029
:1070B800938747FC239AF18AFDB79387C1879C433E
:1070C800FDD36244F240D24403C50700056105B709
:1070D8009384C1879C40E1DB97C7FF1F83C7076B79
:1070E800918BF1D389476313F5062D452EC6EFB072
:1070F800FFD62A844DD9B245930700FD2300F50039
:10710800E547A30005002301F50083C735001505F1
:107118001946230FF5FE83C745009505A30FF5FE15
:1071280097A0FF1FE780208B17C5FF1F0345156633
:107138009307F00F6315F5009C4003C50700A2856F
:107148006244F240D24405616FB03FDC894517C5FF
:10715800FF1F03456563EFC0EFB76244F240D244B6
:10716800239A018A05616FF01F9F97C7FF1F83C786
:10717800E761958B91CB9387018C9C4381CB8547A5
:10718800238BF18A6FF03F9F494582804145828079
:10719800238B018A854501456F80E07D97C7FF1FD6
:1071A80083C7C75E958B91C785472389F18A6FF09E
:1071B8009F9F494582802389018A814505456F80C3
:1071C800407C9307C01C63FCA700094582800945E1
:1071D800F2406244D2444249B249056182805DC5A9
:1071E800011122CC2A8421054EC64205AE8991653B
:1071F8009385657141814AC806CE26CA97A0FF1FAC
:10720800E780A0562A8961D59384C18B884009C537
:1072180097A0FF1FE780C061130589002320A900FC
:107228002286814523AE218B9790FF1FE780207E21
:107238009C402286CE8588439790FF1FE780A079DF
:107248009C40239287009387C1879C4385CF97C72B
:10725800FF1F83C7A753958B85CB9387C18B9C430F
:1072680099CF984383D647006244F240D2444249BA
:10727800B24905468D45054505616F80806E014719
:107288008146DDB70145A9B7494599B79387C187B5
:107298009C438DC797C7FF1F83C7474F958B8DC3E7
:1072A8009387C18B9C4381CB984383D6470005467F
:1072B8008D450545D9B701478146D5BF014582802F
:1072C800494582809307C01C63FCA700094582805A
:1072D8000945F2406244D2444249B249056182807C
:1072E8005DC5011122CC2A8421054EC64205AE890E
:1072F80091659385557141814AC806CE26CA97A0E3
:10730800FF1FE78080462A8961D59384418C884095
:1073180009C597A0FF1FE780A05113058900232006
:10732800A9002286814523A2218D9790FF1FE7801F
:10733800006E9C402286CE8588439790FF1FE78089
:1073480080699C40239287009387C1879C4385CF9F
:1073580097C7FF1F83C78743958B85CB9387418C3E
:107368009C4399CF984383D647006244F240D24465
:107378004249B24905468D45054505616F80A05EC5
:1073880001478146DDB70145A9B7494599B79387B4
:10739800C1879C438DC797C7FF1F83C7273F958B1E
:1073A8008DC39387418C9C4381CB984383D64700F8
:1073B80005468D450545D9B701478146D5BF0145E5
:1073C8008280494582809307C01C63F4A700094561
:1073D8008280797122D44ECE06D626D24AD0AE8982
:1073E8002A8431CD210591654205938575714181C6
:1073F80097A0FF1FE78060372A89094563010908BC
:107408009384018C884009C597A0FF1FE7804042FC
:10741800130589002320A9002286814523A0218DF8
:107428009790FF1FE780A05E9C402286CE85884308
:107438009790FF1FE780205A9C40239287009387EC
:10744800C1879C43014585CF97C7FF1F83C7073472
:10745800958B49458DC76C001305D030EFE0A043EC
:10746800B247014593F7070F99CB9387018C9C434B
:107478008D450545944303D64700EF80804FB250B1
:10748800225492540259F249456182809387C18BF4
:107498009C4391CF03D647008C43411106C6979071
:1074A800FF1FE7804053B2400145410182800945F2
:1074B80082809387C18B9C4385C79387418C98436F
:1074C800894705C3035647000C43411106C69790E8
:1074D800FF1FE7804050B24081473E8541018280CE
:1074E80089473E8582809387C18B9C4385C7938754
:1074F800018C9843894705C3035647000C43411143
:1075080006C69790FF1FE780004DB24081473E8531
:107518004101828089473E85828097C7FF1F83C7C4
:10752800E726918B99CF41111385818B06C6EFC051
:10753800DFE5B240FD5717C7FF1F231EF7164101AD
:10754800828001456FC07FE4FD57A388F18AF9570F
:107558002388F18A238B018A2389018A239A018A45
:1075680023AE018A23A2018C23A0018C97C7FF1F99
:1075780093874717170700001307272198C3170792
:107588000000130767ADD8C317F7FFFF1307276776
:1075980098C717F7FFFF1307475ED8C717F7FFFF0E
:1075A8001307A76098CB97F7FFFF9387A77723ACBC
:1075B800F18A8280411126C29384C1879C4006C605
:1075C80022C485CF2A840D45EFB05F89AA8519CDDD
:1075D800930700FD2300F5008D47A30085002301D4
:1075E800F5009C4003C50700EFB03F9219C4224440
:1075F800B240924441016FF00FD6B2402244924407
:107608004101828079714ECE9389C18783A7090091
:1076180026D206D622D44AD052CC8144A1C783C4EC
:10762800170085472A896388F40497C7FF1F83C713
:107638006708854485EB0D45EFB05F82AA8505C1D3
:10764800930700FD2300F5009147A30025012301BE
:10765800F50083A7090003C50700EFB01F8BEFF003
:107668008FCF8544B2502254268502599254F2494C
:10767800624A456182809387C18B9C434E8A85E329
:107688000145EFD09F8B2A8601CA894517C5FF1F80
:107698000345850FEFB01FC383270A00B1A09443A9
:1076A80003D647009305E1000545EFC09FD869D987
:1076B80083470500858BE9D70545EFD01F889307D9
:1076C800B0032A8463F2A7045D6613060670894531
:1076D80017C5FF1F0345450B130444FCEFB05FDAE1
:1076E800239A818A83A709000947A380E70097C7DF
:1076F800FF1F83C727FC91C797C7FF1F238C07FA73
:1077080095B74A85453DB9BF130600643306C502DF
:10771800A5BF411122C42A840D4506C6EFB00FF457
:1077280015C1930700FD2300F500CD47A300850090
:107738002301F5002244B240AA8503C5118B4101FB
:107748006FB0AFFCB240224441018280411122C493
:107758002A840D4506C6EFB06FF015C1930700FDEA
:107768002300F500ED47A30085002301F50022441E
:10777800B240AA8503C5118B41016FB00FF9B24021
:10778800224441018280035745000111896606CED3
:1077980022CC26CA13866600AA876317C7009C47AF
:1077A800014583C5070009A813868600631AC70028
:1077B8009C47054583C50700EFF08FE3054535A8CD
:1077C800138696006313C7021387C18718430145C0
:1077D8000DC79C4703C50700631A050C8547A3001E
:1077E800F7000545EF80C00ED1BF1386A600631BC6
:1077F800C7009C4703C507003135F2406244D244B4
:107808000561828013866603E30BC7F81386760347
:10781800E300C7FA13868603631DC7081C451307D0
:10782800E00F83C4070083C7018B638EE702130749
:10783800F00F6386E7021145EFB04FE2AA8505C154
:10784800930700FD2300F5008947A3009500230155
:10785800F500A301050003C5018BEFB00FEBF95745
:107868002388F18AA1BF9387C18798433E84014545
:1078780049D785EC85447D4523059100EFD0EFEB92
:107888002316A10013050002EFD02FEB1C40A3051F
:10789800A1001307B100A380970074001306A1008C
:1078A80085450545EF80600C11BF2685EFF09FD018
:1078B80031B713869603E30EC7F21386E603631700
:1078C800C7001C45094583C50700FDB59386F60327
:1078D800631DD7021C4503C507003DE96C0013056D
:1078E800D030EFD0507BB247414793F7070FE3877B
:1078F800E7EC9305B10013056031EFD0D07903456B
:10790800B1008545EF80200755BD896613860604BA
:107918006312C7041C4503C4070083C7618B228513
:1079280085EB0D45EFB08FD3AA85E30905E89307EA
:1079380000FD2300F500D1472301F500A3008500D1
:107948009387C1879C4303C50700EFB00FDCBDB523
:10795800C933ADB513861605631BC7001C4503C59F
:10796800070021E585450545EF80A00181BD938687
:1079780026050145E313D7E89C4703C4070083C7DE
:10798800218B22859DE30D45EFB04FCDAA85E307F6
:1079980005E2930700FD2300F500F147A3008500E9
:1079A8002301F50003C5118B4DB7EFF03FDA39B568
:1079B800411197C7FF1F83C767DD06C6958B99CB13
:1079C80017C5FF1F130505D2EFC0DF9B4D45B24019
:1079D800410182800145EFC0FF9A0145CDBF0145B5
:1079E800828097C6FF1F83C6B6DA814763E5D70052
:1079F80001473A8582802E87910503D6C5FFE30AA1
:107A0800A6FE8507E5B70DCD8347250005478907FD
:107A180093F7F70F6376F702411122C406C62A844A
:107A280083550500034535000147F9465D46EFF0EB
:107A3800C027F9572311F400B24022444101828043
:107A4800828017C7FF1F0347B7D48147FD5663E3FA
:107A5800E70082802310D500230105008507110562
:107A6800FDB7014582809385F18193070002854621
:107A78002380F500FD57238FF180A388F1802388A8
:107A8800F180239ED1802394018C23A8018C23A00C
:107A9800018E23AA018C1386418197670100938781
:107AA800E7D85CC22385018C97A7FF1F938747FB04
:107AB80009472300E6002380E7002388E7002380A6
:107AC800E7022388E70217670100130767D5D8DBA9
:107AD8000D47238CE7021387C18C18432384D700F2
:107AE800D0C7238CD700176501001305A5D41766E6
:107AF80001001306A6D297660100938626D4C8C350
:107B080023950700D0CB239D0700CCCFD4D3238463
:107B180007022395070223A60702239D0702D8DF41
:107B280097A7FF1F9387C7F7170700001307E70BEF
:107B380023A00700D8C323A407008280411106C6EA
:107B48004D3511C503452500B240410182800145EC
:107B5800E5BF411122C426C24AC006C6AA842E899E
:107B68003284413509E94165CA857D159D3DC54782
:107B780011C523109500230185008147B240224496
:107B8800924402493E854101828039E3894835475C
:107B980063911605011106CE22CC26CA03471600AA
:107BA8000346060093C7F7FF2207598EF18F32C6A6
:107BB8009DE3C4452A84A685513732460147630EA2
:107BC800A60022856244F240A685D244056151B7D9
:107BD8002D473A85828013070008F2406244D24458
:107BE8003A850561828083C80500094863940803C3
:107BF80003A845008347180003480800A207B3E715
:107C08000701C2070D68C18713082890639407010C
:107C18008947A5BF0545828003C711819307F00FE7
:107C2800630AF70441114AC02A89294522C426C299
:107C380006C63284AE84EFB06FA21DC59307100B41
:107C48002310F50023020500231485002244231184
:107C5800250123139500B24092440249AA8503C521
:107C6800118141016FB06FAAB24022449244024987
:107C780041018280828041119387C18C26C2AE84E3
:107C88008C4322C406C62A84553D098909C9228520
:107C98002244B240A685924441016FF0202FB240A1
:107CA80022449244054541018280411122C426C2E2
:107CB8004AC006C6AA84130445001309850B8357D6
:107CC80004009DC3084409C597A0FF1FE78040B67C
:107CD8002285314681459790FF1FE78040D33104C4
:107CE800231A04FEE31D24FDB2402244FD572390CD
:107CF800F40002499244410182809387818D984320
:107D080017C6FF1F0346D6A881476315F6008146AC
:107D180036858280BA861307870B835587F4E389F3
:107D2800A5FE850793F7F70FCDB79387018E9C4380
:107D380099C703D74700E31CA7FE884782800145FF
:107D48008280411106C6D53709C50845B2404101B0
:107D580082800145E5BF011126CA9384450022CCE3
:107D68004EC606CE4AC852C456C25AC02687814952
:107D78000144814681473D450356070055CED9E267
:107D88000354470083572700B286A297C207C183CE
:107D980085093107E392A9FE25C82E899165938547
:107DA8004570228597A0FF1FE780209C2A8B29CD4C
:107DB800814A014A8C4485C503D6440033054B01EA
:107DC8009790FF1FE78020C183D7440088443E9ADC
:107DD800420A135A0A0197A0FF1FE78060A563892A
:107DE8000A003146814526859790FF1FE78020C20B
:107DF800850AB104E3E03AFD2326690123148900CA
:107E0800054521A0630DD6000145F2406244D244E5
:107E18004249B249224A924A024B0561828003567E
:107E28002700E313F6FE035647003294B297420444
:107E3800C2074180C183A9BF0545E37835FDA9BFC5
:107E48009387418D9C4399E3014582809847035766
:107E5800A700E319A7FE138547008280411106C6D3
:107E6800C53711C503550500B2404101828001455F
:107E7800E5BF411106C6E93711C503452500B240E3
:107E8800410182804145E5BF411122C42A842E85E3
:107E980006C6C537AA8505462285EF3030059547C1
:107EA8006305F500BD476313F5002145B240224440
:107EB80041018280411122C42A84090506C6EFE0E7
:107EC800F06CFD57A301F400B240224441018280C6
:107ED8009387C18D9C4317C7FF1F0347778B2A865B
:107EE800050781463E8583D707006388C700850656
:107EF80093076500E3E8E6FE01458280411122C44C
:107F0800416406C626C29307E4FF630CF500AA8401
:107F180091ED7D3F19E51305F4FF5D3F19C123106D
:107F28009500B24022449244410182808547639281
:107F3800F504793F2A8475D5FD572310F50083474A
:107F480024001307F00F6383E7021307E00F638A27
:107F5800E700034534000147F9465146A685EFE09E
:107F6800D0542285813FFD572301F40023020400E9
:107F78004DBF8947E397F5FA8545EF30901655F1DF
:107F88002685B9372A8445FD69BF5D71A6C24EDED4
:107F980086C6A2C4CAC052DC56DA5AD8AE8483C593
:107FA8002500F947AA896394F5041D372A8409ED49
:107FB80001442285B640264496440649F259625A3D
:107FC800D25A425B61618280834725000547890751
:107FD80093F7F70FE37EF7FC034535000147F946B1
:107FE8000146CE85EFE0704C2285E935D1B783AAEA
:107FF8000400B7070001938707F037071200B3F7AB
:10800800FA0013070710328A01496389E7022EC66E
:10801800C1352A89B2451DC10346450005C29317DB
:108028008601E187E3C607F84E85EFE050508347A5
:10803800490093E707F82302F9009DBF03C7E181D0
:108048009307F00F1944E306F7F6E147E3E3B7F6C1
:1080580093D71500FD178E0717570100130707154B
:10806800BA9703A80700E30608F403AB4700E30246
:108078000BF4C20A93DA0A0163850A00C947E39A36
:10808800F5F283D64400904483C5140003C5040068
:10809800380802982A8411FD2C084E85029B2A84F0
:1080A80021C983C71400E39607F083C72400230A75
:1080B800A10039472308F1006399E7026247834723
:1080C800170003470700A207D98F0C084E8523190C
:1080D800F100EFD0907AE30D05EC14080546D94578
:1080E8004E85EFE0D0502A84E9B583578101F1BF6E
:1080F80083C624009147E38DF6EA38080146CE8509
:1081080003C5E181EFE0703A2A84E31405EA83C5E8
:1081180024002808EFE0903119C123000A00984094
:10812800B7070001938707F07D8FB7071200938781
:108138000710E30FF7E6E30D09E683C724002302DF
:10814800F90085BD011106CE2EC6EFF07FD801CD0E
:1081580083474500B245138717006396E50093F7F8
:1081680007F82302F500F240056182809387418D6C
:10817800984319E3014615A81C4703D8A700636B69
:10818800050183584700B38608016355D500814629
:10819800639416011843F1BF3E86C10703D3A7FFB6
:1081A8006317A30099C12390050132858280850653
:1081B800C206C182F1BF397152D42E8A4ED69305B8
:1081C800E101AA89528522DC4AD856D206DE26DA8F
:1081D800328936C63AC4BE8A513F054435C5AA8499
:1081E8000355E1013944EFF05FB439CD0328450068
:1081F800630C08042247B246D6874A86A6854E8570
:1082080002982A8431E19307E00F638FFA0203C7CB
:1082180004008947631AF702D840834717000347C9
:108228000700A207D98FC2070D67C18713072790D8
:10823800639CE7008347190003460900D285A2071B
:108248005D8E4E85EFF05F9D2285F2506254D254C8
:108258004259B259225A925A21618280797122D4A4
:10826800035425004ECEAA89228556CA06D626D2A0
:108278004AD052CC5AC85EC662C4AE8AEFF0FFA795
:1082880001E92285EFE00030594421E90144B1A019
:1082980003C789008547AA8401446319F702AA85A0
:1082A80013858900EFF03FAB21CD03D7640083D657
:1082B8008400D04483D5440003D52900E147E53D37
:1082C800D9472A846318F50223A604002685EFF00F
:1082D800DF9D49C0D947E30BF4FA2285B2502254F6
:1082E80092540259F249624AD24A424BB24B224C4A
:1082F8004561828061DD83D744002390FA00F9B795
:1083080013894400014AB94B594C3D4B8355090028
:10831800D5DDE14763067A010357C90011C3D94780
:1083280003572900835649000326890003D52900ED
:10833800EFF07FE82A846319850123240900050AE0
:108348003109E3156AFD59B77DD983570900239090
:10835800FA00F5B703D5290035B7797122D42A84F4
:108368000355850026D2AE849305210106D64AD04E
:10837800EFF0DFDF6308050E834785002AC693F711
:1083880007028DCF03552101EFF0BF9BAA87B245A5
:1083980001ED8357840039452390F400B2502254EC
:1083A80092540259456182800355240049468297B8
:1083B80011C5835784002390F400CDB703592400D6
:1083C8004A85EFF09F9311ED41657D15EFF0FF921F
:1083D80019E58357840025452390F400C1B723107D
:1083E8002501130745008147BD46035607002DE6C2
:1083F8003147B387E702130984003146CA859107DC
:108408003E959780FF1FE780005D3146CA85480882
:108418009780FF1FE780205C0356C40003552400A3
:1084280041478146DD45EFE0F0272ACE19E583571D
:10843800840045452390F40095B70C480356C400C2
:108448009780FF1FE7802059035524004C08EFE070
:10845800200F29D5594599B785073107E397D7F8EC
:10846800254581BF0545B1B7797122D42A840355C2
:10847800850026D2AE849305E1014AD006D632891A
:10848800EFF0DFCE51C58347850093F70702A9E7D0
:10849800034714019307200519E3834744008356D3
:1084A800A400504483558400035524000147EFF08D
:1084B8009FD0AA8721E98347140199E7035524002F
:1084C800EFE02003D94711E18147B250225492547A
:1084D80002593E85456182802AC60355E101EFF0C5
:1084E8005F86AA8705C9B245035524004946829785
:1084F800AA8759DD035784002390E4000347140139
:1085080061F7E1B75947E317E5FE230009006DBF9E
:108518008547CDB7B947F9BF397122DC4AD84ED65D
:1085280052D406DE26DAAA892E8A32C63689EFF0B8
:108538003F9A094415C5834725001307E00FAA840D
:108548005D44638FE7001307F00F5944639AE7000F
:10855800324605E2D2854E85EFE080032A8415CDA8
:108568002285F2506254D2544259B259225A21619A
:10857800828003550A009305E101231F0100EFF0F3
:10858800FFBE0355E101EFF0DF8EAA8505464E8553
:10859800EF30C0152A845DDDE1B79307F00FE301E2
:1085A800F9FC938624007946A68517F5FFFF130585
:1085B800C545EFE0E07CA38124015DB7397193875D
:1085C800418D26DA844352D45AD05ECE62CC06DE80
:1085D80022DC4AD84ED656D266CA2A8BAE8B328C4B
:1085E800368A99E08149B9A0804483DC4400014976
:1085F800835AA400631499018440E5B78357A40003
:10860800A28963F867010509420913590901410460
:10861800D5B7E3EAFBFE630C0A0083450400484033
:10862800D28662863AC6EFD0607F324769DD19C3C9
:1086380023105701F25062544E85D2544259B25910
:10864800225A925A025BF24B624CD24C21618280D0
:1086580003D7050083D62500854763E8E60431C7BC
:10866800411183C6450026C29384550022C426863C
:108678002E84175501001305E51B894506C6EFD062
:10868800E079C14709CD834644008355240003554A
:108698000400014726861D37814711E1A947B240EA
:1086A800224492443E85410182803E8582802E8606
:1086B8000355060083D52500854763E2A50205C159
:1086C8008346460041110147150606C6EFF01FEF25
:1086D800814711E1A947B2403E85410182803E852C
:1086E80082802E860355060083D52500854763E2E0
:1086F800A50205C18346460041110147150606C675
:10870800EFF0DFEB814711E1A947B2403E85410117
:1087180082803E85828039714ED683D7250083D9E1
:10872800050006DE22DC26DA4AD852D456D25AD0C0
:108738005ECE62CC66CA6AC863E037198547638E25
:108748000914416BAE8A2A8A2314010002C6014427
:1087580001497D1B894B054CC94C054D83D52A0021
:108768000147814601464E8523130100EFF01FE5BE
:10877800AA846300051209EC13072002930661001E
:108788005A8695455285EFE0E0712A846308051200
:108798000357810083C7040045C70347A100630C42
:1087A800A70741476385E7022C005285EFD0502286
:1087B80009CD34001546D9455285EFE0406311C50F
:1087C80032459790FF1FE780A0068147F9A083D71D
:1087D800A4004146130524002300F40083D7A40015
:1087E800A183A300F400CC409780FF1FE780A01E60
:1087F8004904835781008507C207C1832314F10008
:1088080063F9270983D7A400638567098509C20925
:1088180093D90901A1B7E39977F983D7A400094649
:10882800130524002300F40083D7A400A183A30028
:10883800F400CC409780FF1FE780E019110455BF72
:1088480022C60359610003C7A400130524006382EC
:10885800770333599903230571012300E40083D773
:10886800A4004146A183A300F400CC401379F90F7A
:10887800A5BF230581012300E40083D7A400135971
:1088880029001379F90FA183A300F4000946CC400D
:1088980055B78357810089FBA947F2506254D254D7
:1088A8004259B259225A925A025BF24B624CD24C4C
:1088B800424D3E85216182808547C5B7C547F1BFD6
:1088C80013F7050201C7B2856FF00FDC411126C20C
:1088D8004AC006C622C413F98500AA846317090092
:1088E800139785016187635D070232853684EFF04F
:1088F8004FD8AA8505466313090001462685EF204F
:10890800F05E01E90145B240224492440249410126
:10891800828083479400E5DB83478400E5F7E5B769
:1089280093F72500E5F30D45F9BF7971AE8622D49A
:108938002A8403D506009305E10106D636C6EFF072
:10894800FF8201CD83458500B2460356E1012285A9
:10895800853FB2502254456182800545DDBF13F73B
:10896800050201C7B2856FF02FD2411122C426C279
:1089780006C693F485002A8491E4139785016187DC
:10898800635007023285EFF0CFCEAA85054691E005
:10899800014622852244B240924441016F2010557D
:1089A80093F72500014591E30D45B24022449244D6
:1089B800410182807971AE8622D42A8403D50600CB
:1089C8009305E10136C606D6EFF04FFAB24619C94B
:1089D800834585000356E10122855137B250225460
:1089E800456182800545DDBF797126D2AA84035589
:1089F800A500C16722D44AD04ECE06D6231701005F
:108A0800FD173284B6890149630DF500050583C653
:108A18000400D04042051307E1004181EFF01FBA7E
:108A28002A8983C60400D0408945175501001305DB
:108A380065E0EFD0A03E1DC503D4A4002285EFF069
:108A4800EFC109C57D142A9442044180638409005A
:108A580023908900B25022544A8592540259F2490F
:108A68004561828083C60400D040894517550100BE
:108A7800130585DCEFD0803A61F183C60400D0404D
:108A8800894517550100130565D9EFD0203919C953
:108A9800E30609FA8357E100E39287FA0354A90031
:108AA8007D145DB703D4A40055B7397122DC26DAEA
:108AB8004AD84ED652D456D25AD062CC06DE5ECEB2
:108AC800BE8983C785002A8AAE84C18B328C3684DE
:108AD8003A89C28A468B9DE783CB04008947638B1A
:108AE800FB046285EFF06FA41DC183280500638035
:108AF80008025A88D6874E87CA862286A685528556
:108B0800829839A03285EFF0CFA3AA8711ED3945B5
:108B1800F2506254D2544259B259225A925A025BC4
:108B2800F24B624C216182802946A6855285829744
:108B380045D5F9BFD8408347170003470700A20768
:108B4800D98FC2070D67C187930607906384D72220
:108B580063CEF60693062780638ED70C63C1F602B0
:108B680013070780E3CFE7F62D45E39309FADC44C2
:108B780003C60700CC432310C900228569A2130746
:108B88003780E390E7F62D45E39409F885472310ED
:108B9800F900DC44814583C707002300F40003D5AE
:108BA800A400050542054181EFF04FDC8357090019
:108BB8006317051291072310F90011468145130523
:108BC80014009780FF1FE78080E429A2930627906E
:108BD8006383D71863CED71293063790638CD71860
:108BE80013074790E39FE7EE2D45E39309F2DC4432
:108BF8001D472310E90003C707002300E40003C74B
:108C08001700A300E40003D727002301E40003D7DB
:108C180027002183A301E40003C747002302E400DF
:108C280003D76700A302E40083D76700A183230367
:108C3800F4004DA02D45E39D09ECDC446C0083C98C
:108C4800170003C70700A209B3E9E9001147231079
:108C5800E90083C707004E852300F400DC4483C77E
:108C68001700A300F400EFF06FD0AA8435C50356AF
:108C7800C100C1659306E100FD158329C500EFF029
:108C8800BFD619ED83C60400D040894517550100A9
:108C9800130585BAEFD0801801E5FD572317F100B9
:108CA80003C7090089476310F70283A549000946ED
:108CB800130544009780FF1FE780E0D18357090020
:108CC80089072310F9008357E1002301F400A183E9
:108CD800A301F40001452DBD23173101EDB703476A
:108CE80005008907BA972310F9008357A500A30048
:108CF800F4008357A500A1832301F400034605006F
:108D08004C41130534009780FF1FE780C0CCD9B7CA
:108D1800C8449780FF1FE780A0D093170501C1833F
:108D28002A871D45E3E637DF6399F9002310090018
:108D3800CC4403560900CE9589B54207B3863A015B
:108D4800418363C7E600B38737412310F900CDB7E5
:108D580023105901F1BF2D45E39C09DACC44528513
:108D6800EFE0DFDD231079012300A4002181A300B7
:108D7800A4008DB72D45E39D09D8DC442310790163
:108D880083C707002300F400DC4483C71700A3004F
:108D9800F40089B75D71CAC02A89035525004EDEE3
:108DA80052DC56DA5AD85ED662D466D26AD06ECE13
:108DB80086C6A2C4A6C22E8BEFD0401A130CF5FFAC
:108DC800931D0C01C16BAA8A814917BAFF1F130AA8
:108DD800AA9293DD0D01938C018D138D818CFD1B5F
:108DE8008357C90063F8F90097B7FF1F83D7C79067
:108DF80063CE87010355290097B5FF1F9385C58F5B
:108E0800EFD0A063AA841DCDD9442DA8832789005B
:108E1800139719009305E100BA9703C4170083C795
:108E2800070022045D8C2285EFF04FB4AA851DE966
:108E380023108B0003254A00854409C59790FF1F1E
:108E4800E780009FB6402644268506499644F25995
:108E5800625AD25A425BB25B225C925C025DF24D6E
:108E6800616182808348490083A60C000356E100B3
:108E7800035529006E8881476A87EFF01FC3AA84CB
:108E880011C523108B0003254A0045BF83274A00DC
:108E980095E303552900514781465E86BD45EFE0BD
:108EA800600097B7FF1F23ABA78409E523108B0049
:108EB800C54449BF97B7FF1F83D7078403D7818C61
:108EC8003E976347570113C7F7FF56972394E18CE2
:108ED80003254A0083A50C0003D6818C3E95978014
:108EE800FF1FE78040AF83570A0003570D0085092D
:108EF800C209BA9717B7FF1F2310F78093D9090142
:108F0800C5B5397122DC2A840355250006DE26DA28
:108F18004AD84ED652D45AD05ECE62CC66CAAE8BF0
:108F280056D2EFD0A0032A8A8346C4008355A400F2
:108F38000355840078001306D400930CBAFF651A11
:108F4800EFF0CFE7420A416B2A898144135A0A019C
:108F5800138C018D97A9FF1F9389097A7D1B6302E2
:108F6800090463D094058348440083260C00035603
:108F7800C10003552400528881471387818CCA8514
:108F8800EFF0BFB215C5814A0356C1008355A4004E
:108F98004A859306E100EFF03FA52A89639D0A06FA
:108FA8005DFDE5E08357840029452390FB0081A0FF
:108FB8000356040183D7818CE317F6FC83250C0044
:108FC80048489780FF1FE78000AA55DD83A749001E
:108FD800A1E303552400454781465A869D45EFD0B5
:108FE800706C1DE18357840045452390FB00F250C7
:108FF8006254D2544259B259225A925A025BF24BE5
:10900800624CD24C2161828097A7FF1F23A8A76ECC
:10901800835AA90095BF83A74900A69723805701C3
:10902800938714001397070183A74900418393DAB4
:109038008A00BA97238057011387240083A6490022
:1090480093873400420791044183C207C204C18355
:10905800C180369711CD8356E1002300D70003A7BE
:109068004900BA970357E10021832380E700C5BD73
:10907800FD562300D70003A74900BA972380D700DD
:109088000DB703552400898097A5FF1F9385C566F2
:1090980097A7FF1F23929766EFD0202029D959451B
:1090A800B9B7411122C406C693F705012A8432854F
:1090B80085C3EFE01FDCAA8505462285EF20006303
:1090C80095476305F500BD47631DF502214515A8C1
:1090D80093F7450099CBEFE0DFD90546AA852285AD
:1090E8002244B24041016F20606093F7050489C7AC
:1090F800EFE03FD80146DDB713F51500133515002D
:109108000605B24022444101828079714AD04ECE90
:1091180052CC06D622D426D22A8AAE89014983D7D0
:1091280049006364F9000145A1A083A7090013144D
:109138001900930414003387970003470700A29788
:1091480003C5070022079305E100598DEFF00F8250
:1091580005E983A7090005453E94034704002380D9
:10916800E70083A70900BE9403C70400A380E700B3
:10917800B250225492540259F249624A456182809F
:10918800834585000356E1005285EFF09FF105C144
:1091980083A709003E94034704002380E70083A7C0
:1091A8000900BE9403C70400A380E700D1B70509EE
:1091B800420913590901A5B7011122CC2A8403D504
:1091C80005009305E10006CEEFE05FFA01CD834587
:1091D80085000356E1002285EFF0BFECF2406244BF
:1091E800056182800545DDBF397126DAAA840355F9
:1091F800250006DE22DC4ED652D456D25AD05ECE98
:1092080062CC66CA6AC82E8A4AD8EFC03055AA8A84
:1092180083C6C40083D5A40003D58400138CAAFF99
:1092280078001386D400EFF06FB9420CC16CAA899C
:109238000144135C0C01138B818C938B018DFD1CF5
:10924800ED1A17ADFF1F130D2D4B638D091803562B
:10925800C10083C5890003D52400EFF09FE42A8963
:10926800631D051683C8440083A60B000356C1007E
:1092780003D52400628881471387818CCE85EFF05F
:10928800DF822A89631B051439C003D7818C110733
:1092980097A7FF1F83D767466395E700A29763C028
:1092A800570997A7FF1F83D747453354F40203D5BF
:1092B800240097A5FF1F9385254497A7FF1F239D8B
:1092C8008742EFD0001B2A890DC559491DA003D537
:1092D8002400494781466686C545EFD0B03C97A72C
:1092E800FF1F23ADA7400DE583D7A90045492310EB
:1092F800FA00F25062544A85D2544259B259225A5D
:10930800925A025BF24B624CD24C424D21618280F0
:1093180083570B00910717A7FF1F2310F73E8327DA
:109328004D0003D7A9009306E100A2972380E70028
:10933800930714001397070183274D0041834E8537
:10934800BA9703D7A90021832380E7000356C100F9
:1093580083D5A400EFF04FE983264D0013072400BE
:109368000356E1004207418336972300C7000327CD
:109378004D0093073400C207C183BA970357E10031
:10938800AA89110421832380E70003254D004204A4
:10939800418003D6818C83A50B0022956395090231
:1093A8009770FF1FE780206383570B003E944204A9
:1093B8004180E31804EE83D784002310FA00E31AEF
:1093C80009F229493DB79770FF1FE780C0608357AE
:1093D8000B003E94420441808DBD83D7A900231021
:1093E800FA00C1BF0149F1B75D71A6C2CAC0AA841B
:1093F8000359850003552500A2C44EDE56DA5AD813
:109408005ED662D466D26AD086C652DC6ECE2E8B09
:10941800EFC0D034930BD5FF7115931905010144A2
:10942800138DD40093D90901138C818C938C018DF1
:1094380097AAFF1F938A4A2C6358741583C6C400E1
:1094480083D5A4001307E1006A864A85EFF00F97D9
:10945800AA8D630B05120359A500834585000356A1
:10946800E10003D52400EFF0DFC36314051283C8BD
:10947800440083A60C000356E10003D524004E885F
:1094880081471387818CEE85EFF02FE26313051077
:109498001DCC83D7818C17A7FF1F03570726890781
:1094A800630EF70697A7FF1F83D727253354F402C7
:1094B80003D5240097A5FF1F9385052497A7FF1FB1
:1094C800239C8722EFC0306705C5594515A003D5F1
:1094D800240041664D4781467D16A545EFD0901C76
:1094E80097A7FF1F23ACA7201DE123102B0145459B
:1094F800B640264496440649F259625AD25A425B0B
:10950800B25B225C925C025DF24D6161828083579E
:109518000C00890717A7FF1F2311F71E83D7818C1B
:10952800A29763D3770783A74A0003D7AD00130A2E
:109538002400A2972380E70005049317040103A4DD
:109548004A00C183420A3E9483D7AD0083A50C002C
:10955800135A0A01A1832300F40003A54A0003D685
:10956800818C52959770FF1FE780E04603540C00EA
:10957800C167FD17529442044180E30FF9EA0509D7
:109588004209135909014DBD294509FC23102B0136
:1095980085B76DDC01BFC167FD176315F5002E8522
:1095A8006FE02FCA411106C6EFE0AFC311C5FD57E2
:1095B8002310F50023010500B2404101828001110A
:1095C8004AC806CE22CC26CA85472A896393F50461
:1095D8004A85EFE08FF239E9C1649385F4FF1307F8
:1095E800E100894617460100130686230545EFE08A
:1095F800FFFC2A84FD140DC44C444A85EFF0BFF9E2
:109608000356E10022858146A685EFF0EFBD2A8446
:10961800DDB789476396F5008545EF20802C4DD945
:10962800F2406244D244424905618280EFE0EFE7AC
:1096380065B7411106C623AC018C23AE018C23A665
:10964800018C17A5FF1F0345B51441CD9307200CC6
:109658003305F50291659385157019054205418119
:109668009780FF1FE780601023ACA18C9307200C24
:1096780017A6FF1F0346D6113306F60281451906C1
:109688009770FF1FE780A0389387818D9C4317A7A9
:10969800FF1F0347F70F81459386870B7D5563E8C6
:1096A800E5069306800BB306D7020146FD5505076C
:1096B800B69723AEF18CBE862390B600A381B60080
:1096C8002381B6002382060005069906E366E6FEB6
:1096D800F9562390D70099463307D702BA9723A69D
:1096E800F18C17F5FFFF1305858AEFD0A07517F5E4
:1096F800FFFF130565A5EFC0007917F5FFFF1305F8
:109708002580EF204015B240014541018280239415
:10971800A6F41386C6F42310060023240600310697
:10972800E31BD6FE85059386860B95BF411122C49F
:109738002A8406C6EFD0E01AEFE0EFB223888180D2
:109748009387C18C8843EFE0CFAF238F8180224479
:10975800B240170500001305C5E641016F20A00FB0
:1097680093970501C18763D00736797103C50181D5
:1097780022D452CC06D626D24AD04ECE2E8AEF908C
:109788004FF22A8421C9034705009307000B631091
:10979800F7048547A304F1009387018D9C432315A3
:1097A8000100A1E7EF00C07D916593853570978032
:1097B800FF1FE78080FB23A8A18C05E98347910060
:1097C80099C78345440013058400EFD070052285AE
:1097D800EF900FE6B250225421653345AA00925407
:1097E8000259F249624A456182806146814517A55E
:1097F800FF1F130565F09770FF1FE780402103499D
:109808004400894797A9FF1F938909EF631DF9064B
:10981800EF00007797A7FF1F2390A7EE03552400BA
:10982800CE85EFC050160357240097A7FF1F83D794
:10983800A7EC8356840011ED63E4F6002314F400CA
:10984800835584003A85EFD040602285EFD02057B9
:10985800B5B763E4F6002314F40083578400D945B0
:109868000D4697A6FF1F2399F6E897A6FF1F938634
:10987800A6E83A85EFD0A0578D4561D917A5FF1FF7
:10988800130585E7E1A09947631CF9029305A10038
:109898002285EFF00FE7AA844DD9D947639BF40ED0
:1098A8000509035524001379F90FD94597A6FF1F19
:1098B800938686E44A86EFD08053CA8559D57DBF02
:1098C800A1476318F9009305A1002285EFF0DFB1E5
:1098D800D9B7A947631FF906035584006C00EFE068
:1098E800FF88AA846307051603552400416693067A
:1098F800E10055477D16AD45EFD0C05A97A7FF1F29
:1099080023AEA7DEAA8649C1834844000358E10074
:109918000356C10003552400A68581474E87EFF002
:10992800CF98AA846316051003552400CE85EFC08E
:109938007026E30C05F003552400CE862D46D94544
:10994800EFD0E04AE30305F0AD454E85EFD0406D1A
:10995800EDBDB1476315F910035584006C00EFE0C5
:10996800FF80AA846307050E035524004166930609
:10997800E10059477D16B545EFD0C05297A7FF1FA4
:1099880023AEA7D6AA863DE183578400C544231594
:10999800F10003471400D147E309F7EA834744007D
:1099A8000355240097A5FF1F938505D517A7FF1F0B
:1099B8002304F7D48357A10017A7FF1F231FF7D24B
:1099C80097A7FF1F238C97D2EFC0206BE30F05E604
:1099D8000355240097A6FF1F938606D20546D9454E
:1099E800EFD0E040E30305E6854549BD83484400E0
:1099F8000358E1008357A4000356C100035524000F
:109A0800A6854E87EFF06F8AAA841DE103552400CE
:109A1800CE85EFC0F01DE30A05E203552400D945C1
:109A2800CE863546EFD0A03CB545E30005E2B9B592
:109A3800D9476393F400814403A549009780FF1F29
:109A4800E78000DFE38304E0835784002315F100F7
:109A580089B78357840085442315F1001DBFB94792
:109A68006318F9009305A1002285EFF0AFB225B580
:109A7800C1476318F9009305A1002285EFF0CFF6DE
:109A880019BDC947631AF900130691009305A1008F
:109A98002285EFE07F9D01B5D947631DF900930545
:109AA800A1002285EFE07F8BAA84E31805DEA304DA
:109AB800010061BBE147E31AF9D89305A1002285AB
:109AC800EFE0CFF9C9BB01458280F9CA011152C440
:109AD8002E8A854522CC4EC656C206CE26CA4AC80C
:109AE800AA8AB6893284EF10D05FD14715C183C7DF
:109AF800C18E83C6D18E814419E0B684BE86138791
:109B0800418E184393974400BA9763EDD400D54724
:109B1800F2406244D2444249B249224A924A3E85BE
:109B2800056182803E89C10703D727FF09C78504DD
:109B380093F4F40FD9BF39CC9565938525C01305E7
:109B480000029780FF1FE78040C22326A90061D149
:109B5800130600028145938404049770FF1FE78071
:109B680000EB23119900230009002313590115C4A0
:109B78001387418F8347940010432304F900118C05
:109B88008327C90011841180238E870023A029010F
:109B98008147BDBF23260900F9B723044901FDB752
:109BA80085473E8582809387418E984383C5C18EC1
:109BB80081476395F50081463685828003562700E4
:109BC800BA8619C2E30AA6FE850793F7F70F41077D
:109BD800CDB79387418E984303C6C18E81476315DD
:109BE800F60081463685828083552700BA8689C566
:109BF80083454700E388A5FE850793F7F70F4107DC
:109C0800F9BF9387418F984383C5F18E8147639548
:109C1800F50081463685828003560700BA8619C248
:109C2800E30AA6FE850793F7F70F4107CDB7938799
:109C3800418E9C4303C8D18E01476315E8008146D5
:109C48003685828003D62700BE8619CA03D66700E8
:109C58006318A600D04709C603562600E302B6FEDD
:109C680005071377F70FC107C9BF411122C4404543
:109C780026C206C6AA8415C0484409C59780FF1F96
:109C8800E78000BB484809C59780FF1FE78040BAB6
:109C980022859780FF1FE780A0B926854146814528
:109CA8009770FF1FE780A0D6B2402244FD57A384D7
:109CB800F400924441018280011122CC2A84035588
:109CC800250006CE2EC6EF10700C3246228581453F
:109CD800EF00106922856244F24005616FF0FFF8D9
:109CE8000DC503572500411122C406C62A8411CB8D
:109CF800DD45EF00D06A22852244B24041016FF071
:109D0800DFF6B2402244410182808280411126C29E
:109D180031479304C5FF3387E40297A7FF1F938752
:109D2800279F06C622C43E978356A7006397B602AC
:109D3800484305C53E849307F00F6306F600834742
:109D48000500639CC7009780FF1FE78060AEB1479E
:109D5800B387F402A29723A20700B2402244924498
:109D680041018280411122C42E8426C24946AA8418
:109D78008145228506C69770FF1FE78040C9B9CC88
:109D880083C7C401139747009387418F9C43BA97B1
:109D980003D707002310E40003D7270083D7670001
:109DA8002311E4001387A18E035707002312E40050
:109DB80003D704002313E40003D724002314E4008A
:109DC80003D744002315E40003D764002316E400F6
:109DD80003D784002318F4002317E400B240224478
:109DE8009244410182809387418F03A8070093879B
:109DF800418E904383C5C18E014781476394E50036
:109E08003E8582808346060081CE544691CA83C629
:109E1800C6019206C2966315D500850793F7F70F1A
:109E280005071377F70F4106D1BF13060064338681
:109E3800C50293069500AA8517050000130585EA53
:109E48006F90AFDA411122C406C62A8403459500F3
:109E5800EF90AFECFD57A304F400B2402244410157
:109E68008280011122CC4AC84EC652C456C206CEC0
:109E780026CA2A89AE890144138A418E9D4A83C71E
:109E8800D18E6362F404639709029389418E130AA1
:109E9800F00F83C7C18E6366F4061144A14422857E
:109EA800050442041306F00FCA854180EFF01FE64F
:109EB800E31794FEF2406244D2444249B249224A2E
:109EC800924A0561828083270A0093144400BE9455
:109ED80083C704009DC383D76400639027036396F8
:109EE800590103D52400EF10606A26854E86814506
:109EF800EF0010472685EFF05FD705041374F40FC1
:109F0800BDBF83A7090093144400BE9483C704000F
:109F18009DC383C794006380470383D76400639C11
:109F280027012685EFF01FF22685D145EF0030473F
:109F38002685EFF09FD305041374F40F99BF41678A
:109F48007917630BE502411122C406C685472A84A6
:109F58006399F50022852244B240814541016FF0A2
:109F68005FF089476396F5008545EF1090177DD11E
:109F7800B24022444101828082809D456FF07FEE8D
:109F880003D5A18E8280011106CE2317A1002316C6
:109F9800B10003C7818E85476318F70070009305E9
:109FA800E1000545EF501011F24005618280A94794
:109FB800631CF60483C7150003C70500A207D98FE1
:109FC8002310F50083C7350003C72500A207D98FE2
:109FD8002311F50083C7550003C74500A207D98F91
:109FE8002312F50083C7750003C76500A207D98F40
:109FF8002313F50083C7950003C78500A207D98FEF
:10A008002314F50001458280054582809147631439
:10A01800F60283C7150003C70500A207D98F2310CE
:10A02800F50083C7350003C72500A207D98F231180
:10A03800F50001458280054582809387C5FF939688
:10A048000701C1820D476360D70231473387E702B2
:10A058009797FF1F9387C76BBA972381A700239011
:10A06800B700014582800945828013074020AA87EE
:10A078006374A70093074020F1172395F18E238777
:10A08800B18E2388B18E82801905956542054111EC
:10A09800938535C0418106C69770FF1FE780E06C45
:10A0A80011C5B240E95541016FB0B04CB240410111
:10A0B80082802386018E2387018EA387018EA38643
:10A0C800018E2384018E85470111A384F18E06CE6B
:10A0D8002AC622CC238F018E2395018E23A2018EBE
:10A0E800EF10C0533245130600038145238CA18E1F
:10A0F8001795FF1F1305C5619770FF1FE780209113
:10A1080003C5C18F05CD9565938545C01205977028
:10A11800FF1FE780806523AAA18E0DC19387C18F99
:10A1280083C7170003C6C18F8145A386F18EA38715
:10A13800C18E12069770FF1FE780608D9387D18EBE
:10A1480083C707001795FF1F0345856495653E95EE
:10A158001375F50F2386A18E938555C01205977048
:10A16800FF1FE780806023A2A18E41C103C6C18E74
:10A17800120681459770FF1FE78060899387418E9B
:10A18800984383C6C18E814725077D566398F60498
:10A19800EF10C06BB1473305F5029565938565C02F
:10A1A800420541819770FF1FE780205C23A0A190A2
:10A1B8002A8401CDEF10806931463306C5028145F6
:10A1C80022859770FF1FE78080846244F24017055C
:10A1D8000000130505D705616F10E06785072300A8
:10A1E800C70093F7F70F410755B72386018EA3865B
:10A1F800018E79BF41119397050126C206C622C474
:10A20800C187AE8463DA070803C5818FEF807FC9F1
:10A218002A8429C903470500930700096311F70435
:10A2280003471500CD476317F706034525009795A3
:10A23800FF1F83C5553783C7E18E93066400014627
:10A2480001472E886317E50219C22387F18E83C759
:10A25800E18E91C7854503C5818FEF809FF52285E3
:10A26800EF801FBD2165258DB240224492444101F3
:10A27800828003C60600B29713F6F70F9377F80F9C
:10A288006374B6009377F60F05071377F70F8906FF
:10A2980005464DBF0125E1B793F715000145E9D7FC
:10A2A800EF00106C09C983C7E18E91C7854503C5C6
:10A2B800818FEF801FF013C514007DB785462A876C
:10A2C80063FBC60483C7150003C60500A207D18F28
:10A2D8002310F500639CD70083C7350083C625008B
:10A2E800A207D58F2311F5000145828089460145D3
:10A2F8006394D70283C7350083C62500A207D58F8C
:10A308002311F70083C7550083C64500A207D58FE0
:10A318002312F70082800545828091476314F60274
:10A3280083C7150003C70500A207D98F2310F500BE
:10A3380083C7350003C72500A207D98F2311F5006D
:10A34800014582800545828091476314F60283C7E0
:10A35800150003C70500A207D98F2310F50083C78E
:10A36800350003C72500A207D98F2311F500014541
:10A37800828005458280A1476314F60483C71500CF
:10A3880003C70500A207D98F2310F50083C735003E
:10A3980003C72500A207D98F2311F50083C75500ED
:10A3A80003C74500A207D98F2312F50083C775009C
:10A3B80003C76500A207D98F2313F50001458280E2
:10A3C800054582808947631CF60083C7150003C7CB
:10A3D8000500A207D98F2310F500014582800545A5
:10A3E80082808357260079714ECE06D622D426D293
:10A3F8004AD01307F007AE896372F70209473AC4D7
:10A408002316F100300093F5F50FEF100017B25046
:10A41800225492540259F2494561828003574600FA
:10A42800D9462A89328463F8E6008357660063F4C4
:10A43800F6006379F70023140100300093F5F90F53
:10A448004A85E1B70355060002C4EFF08FFBAA84E2
:10A4580059C1EFF05F9983C784006369F50011461D
:10A46800A246CE854A85EF10E00655B73400268609
:10A478009305F00F4A85EFF04FE575F1A2470357B2
:10A488008400DC472390E700035724002391E7006A
:10A49800035744002392E700035764002393E7001F
:10A4A80003D744002394E700DC4485CB93F4F90FE9
:10A4B8002286A6854A858297C167FD172A86E311F9
:10A4C800F5FA22459947F9452300F500230295003E
:10A4D800EFF0BF952DBF094661B7014651B7A947AF
:10A4E800631CF60483C7150003C70500A207D98FAC
:10A4F8002310F50083C7350003C72500A207D98FAD
:10A508002311F50083C7550003C74500A207D98F5B
:10A518002312F50083C7750003C76500A207D98F0A
:10A528002313F50083C7950003C78500A207D98FB9
:10A538002314F500014582800545828083C7050004
:10A548002300F50083C71500A300F50083C7350075
:10A5580003C72500A207D98F2311F5008280232283
:10A56800050003C7450089476304F7000545828055
:10A5780083D665000D47E37BD7FE9C45011106CEC7
:10A5880022CC26CA4AC84EC683C4170003C6070091
:10A59800A204D18C138644006311D60403C4370087
:10A5A80083C72700AE8922045D8C9307C4FFC207C6
:10A5B800C1832A89636FF70003A5890023119900D5
:10A5C80023108900F155EFB0C07A2322A900014574
:10A5D80031A02285EFF02FDD65F10545F240624498
:10A5E800D2444249B24905618280397122DC2E8405
:10A5F800834704004AD806DE26DA4ED619472A8948
:10A60800B285639AE706034624002800EFF0FFD0DE
:10A61800AA8415E903558100EFF0EFD8AA8983458C
:10A62800140015C92E8617170000130767E83400B1
:10A638009D454A85EF00903E4E85094681450D238C
:10A648004E85EFF08FE2F250625426854259D2547B
:10A65800B2592161828089472310F1008357810014
:10A668000A862311F1008357A1002312F1004A85BD
:10A67800EF00B070C9BF4947639DE7020356240045
:10A688002800EFF05FCFAA845DFD9797FF1F83D75F
:10A69800E70899E3814445BF034714008346040053
:10A6A8003C000146CA851795FF1F03454507352E0F
:10A6B80059BF51476390E702035624002800EFF082
:10A6C8001F8FAA8449F18345140030004A85EFF0B2
:10A6D8005FD195BF5947639FE704035624002800BC
:10A6E800EFF0DF92AA8425F1835581004A85EFF0C7
:10A6F8000FD41DC558458356A10083570700B69748
:10A70800C207C1832310F700D1D75C47C1D783C7DD
:10A71800E18EC9D3854503C5818FEF809FA925B7F1
:10A7280089473EC0835781000A8683451400231257
:10A73800F10035BF834514000A8623100100EF009D
:10A74800D06389BF5D71A6C256DA86C6A2C4CAC0E4
:10A758004EDE52DCAA8A03C51500AE8432C6EFF07D
:10A768004FC7B24501ED8144B640264426850649C7
:10A778009644F259625AD25A6161828023020500D6
:10A788002311050083C9040085472A84639AF900C8
:10A7980003C624002808EFF07FB2AA8405492DA03B
:10A7A8009D476394F904034705008D47E31DF7FAB5
:10A7B80003C6240028080549EFF01FB9AA8409E553
:10A7C800054681452285692E2285EFF0AFE70345CE
:10A7D80084003C080147CE862686D6853924E305C1
:10A7E80009F82285EFF06FC841B7CD47639DF9009E
:10A7F800034705009147E318F7F603C62400280825
:10A80800EFF05FBC59BFD547E39FF9F4034A050051
:10A818008947E31AFAF403C6240028080549EFF02B
:10A828001FCCAA8455F183570102BDE30357810168
:10A838001306F0035C44930607FCC206C182636CEE
:10A84800D6000356A101D94663F7C6008356C10155
:10A85800D94563EFD500035524002391E700054946
:10A86800EF00D05203560102D2852285612CA9BF80
:10A878008355E1012391E7002392C7002390B70095
:10A888002393D70085472300F400014A0149D9BF23
:10A89800014AC9BF7971AA8522D426D2035425005A
:10A8A800AA84280806D6EFF09FCBF24599E535E94A
:10A8B80085452285EFF02FEDC1A08357810115470B
:10A8C800639BE7060357A1018D4763FCE704680013
:10A8D800EFF0DFC60357E100DD4763FCE70083457F
:10A8E800D100B70717008507100822853EC8EF007A
:10A8F800D0488357E1000357A10191076305F7008A
:10A908002285EFF08FE78347C10072466C00858B84
:10A918001106228591CFEFF0FFE201C52285EFF005
:10A92800CFE5884451D59770FF1FE78060F049B79D
:10A93800EFF0BFCBDDB711476389E7001387A7FFA7
:10A9480042074183854663EEE6023147F117B38734
:10A95800E7021797FF1F1307A7DBBA9703D707006C
:10A9680069D303C527003008A2850D205DF9035778
:10A9780081019147E31EF7F2B25022549254456187
:10A9880082802C082285B92649FDFDB701114AC8E5
:10A998002A89314526CA06CE22CC2EC6B284EF803B
:10A9A800EFCB31C1B2459307000A2310F5002311FC
:10A9B800B5002A84214611058DC0A6859760FF1F22
:10A9C800E7806001A2854A85EF802FD40145F240D7
:10A9D8006244D24442490561828081459760FF1FE5
:10A9E800E780E002C5B70545DDB7797126D2AA84AC
:10A9F8001305000206D622D42ECE32CC36CA3AC867
:10AA08003EC6EF80AFC531C96246F2454247D246DD
:10AA1800B2472A84130520FA2300A400A300C40027
:10AA28002311B4002302E400A302D4001305840018
:10AA3800614691CFBE859760FF1FE780C0F9A28568
:10AA48002254B2502685925445616F800FCC8145BF
:10AA58009760FF1FE780A0FBDDB7B25022549254E5
:10AA6800456182805845797122D406D62A84AE86FB
:10AA780041C383572700231DF10093072006639FD6
:10AA8800F5049387A18E03D6070083576700637385
:10AA9800F600B28713F6F70F83552701834707019E
:10AAA8008D8F93F7F70F81E5890793F7F70FB29723
:10AAB800FD17B3C7C702231EF1008357240083552F
:10AAC800640003458400231CF10001473C0801464B
:10AAD800EFF0BFF1B2502254456182800347C701AD
:10AAE8009387418F9C431207BA9783D76700E1B7D2
:10AAF8002EC61946814528089760FF1FE78020F178
:10AB0800B24665BF797122D406D626D22A848DC171
:10AB180081470147930600062E8683556400034546
:10AB28008400EFF09FECB250225492544561828029
:10AB3800B284280059469760FF1FE78040ED231430
:10AB4800910089E88357240048446C002315F100DC
:10AB5800EFF04FA13C00014793060006014675BF80
:10AB6800797106D6814799ED8357250058452316F4
:10AB7800C1002314F1003C0011C783572700231597
:10AB8800F1003C002E86835565000345850001478A
:10AB980093060006EFF07FE5B250456182804111CF
:10ABA80022C406C68347050011472A846395E70235
:10ABB8002E86835565000345850081470147CD46AC
:10ABC800EFF0BFE24946835564002244B240154580
:10ABD80041016FF0AF9313F7B70F89466317D7009A
:10ABE8000146EFF03FF25146F9BF0D476398E70081
:10ABF8002244B240014641016FF09FF6B240224420
:10AC08004101828083D705003147F1173387E70276
:10AC18009797FF1F9387C7AFBA97D84319EBD841C7
:10AC28002395A7000145D8C303D725002394E7003F
:10AC3800828059458280797122D4404526D24AD0F3
:10AC480006D6AA842E8925C0484419C59770FF1FC7
:10AC5800E78000BE232604008357040083D56400E0
:10AC680003C584002315F100835724000147930688
:10AC780040062316F100835784004A862317F10003
:10AC88001C483EC883D724002314F1003C00EFF091
:10AC9800DFD5A30E240123280400B2502254925475
:10ACA8000259456182802800314681459760FF1F1F
:10ACB800E780E0D583D7240083D5640003C58400EA
:10ACC8002314F10001473C00930640064A86EFF042
:10ACD800DFD1E1B7797152CC2A8A03D5050026D293
:10ACE80006D622D44AD04ECE56CAAE84EFE0BFEB89
:10ACF80019E18547BDA84045AA8965DC83576500E9
:10AD0800E39947FF83578400638707128346C4018A
:10AD1800938A418F03A70A009206FD173697C20748
:10AD280003576700C1832314F4006316F7009305E3
:10AD38003006EFF03FD35C48A5EFC8400349150043
:10AD48008347050022093369F90083D724001307D4
:10AD58002900631AF702F955EFB0A001C8C0239182
:10AD6800240103C589002686D285EFF03FC28147BA
:10AD780021E1B250225492540259F249624AD24A0D
:10AD88003E85456182809565938515C04A85977093
:10AD9800FF1FE780809D48C8C840231C2401F9553F
:10ADA800EFA0307D83D72400C8C0F9172391F400A1
:10ADB800484859C503D624008356A4018357840103
:10ADC8003308D60063C007090347C40183A70A00F4
:10ADD80095451207BA9783D7270063CF0705CC405C
:10ADE80036959760FF1FE78000BF0357A40183D7FC
:10ADF8002400BA97C20703578401C183231DF400B6
:10AE0800E399E7EE03D7290003C58900300023142E
:10AE1800E1005848D2852315F1003AC6EFF01FB774
:10AE280011C548489770FF1FE78080A0232A0400B7
:10AE3800232C04007DBD99454E85EFE0FFE755BD05
:10AE4800A545DDBF9145CDBF03D7250079CB83D676
:10AE5800A18EED4763E8E60C011122CC2E8426CAA8
:10AE6800AA844840914506CEEFA0B07083572400CD
:10AE7800AA862300F50083572400A183A300F500C8
:10AE8800835704002301F50083570400A183A3011D
:10AE9800F50003562400C167F917110642064182DE
:10AEA8006394F4042AC4314532C6EF703FFBAA8587
:10AEB800CD470DC5930700F93246A2462300F50099
:10AEC800F9572311F50089472302F5002313C5001C
:10AED80014C503C5818FEF804F838147F2406244D8
:10AEE800D2443E850561828081452685EF40B029A0
:10AEF800AA8701E903C7E18E75D37D172387E18E01
:10AF0800F1BF09476302E5021D476301E5024947AE
:10AF18006300E5027D47E313E5FC03C7E18E814743
:10AF2800E1BFED473E858280D1474DBF91477DB750
:10AF380089476DB7011122CC4AC831441309C5FFAE
:10AF4800330489029787FF1F9387877C06CE26CA1A
:10AF58003E94584031C783C6E18EBE84854795CA62
:10AF68002314A100835784000355A4002C003AC67B
:10AF78002315F100EFF05FED11C548409770FF1FF2
:10AF8800E780008BB147B307F902A69723A2070011
:10AF98008547F2406244D24442493E850561828039
:10AFA8008147C5BF797126D244451387A18E4AD0FF
:10AFB80083D764000359070052CC06D622D44ECE5C
:10AFC80056CA2A8A63F327013E8903D72401420916
:10AFD8001359090183D7040141CB998F4A8463D55A
:10AFE800270113940701418089452285EFF0CF8915
:10AFF800AA89CD4A25C183D724002AC623158100F2
:10B008002314F10083D7240185E383D7040193092E
:10B0180025002300F50083D70401A183A300F500D0
:10B028006376240503D4040183D72401CC44228603
:10B038004E85BE959760FF1FE780E09903556A002B
:10B048002C00EFF07FE0AA8A15C54E859760FF1F98
:10B05800E780007EB2502254568592540259F24934
:10B06800624AD24A4561828089078DBF79144204B9
:10B0780041805DBF03D7240183D704003A94FD17AC
:10B08800C207420403D70401C18341802390F4001E
:10B09800239984006377E400D5FFFD57A38EF4005D
:10B0A80055BF81455285EFF01FB96DB701114EC6E6
:10B0B80083C9E18F22CC52C456C25AC006CE26CAD2
:10B0C8004AC84E84138A418E854A130BF00F832792
:10B0D8000A0093144400BE9403C904006317590777
:10B0E800DC44A5C7D84735C303D7070039C383C78E
:10B0F800E18E89CF2685EFF0FFEAAA8515E50504DC
:10B1080083C7D18E635FF400238F818EF24062443F
:10B118004A85D2444249B249224A924A024B0561C1
:10B128008280238F018EDDB72685EFF0DFB00149DD
:10B13800F1BF83C7D701639A670193052006268567
:10B14800EFF05F92DC44A38E070005041374F40F3C
:10B1580083C7D18E6363F4000144E31A34F7C1BF97
:10B168004111154506C6EFF0FFDC09C50545B2409B
:10B17800410182801945EFF0FFDB6DF91145EFF0D1
:10B188007FDB6DF51D45EFF0FFDA6DF183C7D18EDA
:10B19800F9DFB24041016FF07FF183D705000D4719
:10B1A800F117C207C1836361F706DC41B1CF4111D2
:10B1B80022C42E84854526C206C6AA841D2739C501
:10B1C80026858125C167F917638FF40009ED835738
:10B1D800240091CB835604001947639FE60203D7E6
:10B1E800A18E63FBE70283C7E18EA285268599C7F6
:10B1F8002244B240924441016FF01FC52244B2403C
:10B20800924441016FF01FA0094582805145B24028
:10B2180022449244410182806D45D5BF397126DAB6
:10B228004ED6AA84AE895D4589454AD806DE22DC19
:10B23800328936C63AC4EFE03FE525C522472A845D
:10B24800014511C7B24613054400B68502979357C6
:10B25800850023003401A30024012301A400A301D5
:10B26800F40011059547231DA100231CF10022CEEF
:10B2780083C7E18E2C08268595C3EFF0FFBCAA840E
:10B2880011C522859760FF1FE780805AF2506254EB
:10B2980026854259D254B25921618280EFF09F9697
:10B2A800F9BFCD44E5B7797126D24AD052CC56CAF7
:10B2B80006D6BA8A22D44ECE19472E89B284368A47
:10B2C800639BE506035526000944EFE0DF8D2AC697
:10B2D8003DC95C458359650083D727002390F40056
:10B2E800B24715472380570103C6918E2391E70083
:10B2F800130716001377F70FA384E18E2382C70084
:10B3080001E70547A384E18E5147631AE900154711
:10B318002391E400DC4703D784002394E700528795
:10B32800A686CA854E85EFF07FEF2A84324515C47C
:10B33800EFE0BF9309A842867400BE85AA89EFE0B2
:10B34800CFF82A8451DD2285B250225492540259F2
:10B35800F249624AD24A45618280F945EFE0FFAC82
:10B36800DDB783D705002300F50083D70500A18347
:10B37800A300F50083D725002301F50083D7250016
:10B38800A183A301F5001145828083D7050023001E
:10B39800F50083D70500A183A300F50083D7250016
:10B3A8002301F50083D72500A183A301F50083D7E6
:10B3B80045002302F50083D74500A183A302F500C9
:10B3C80083D765002303F50083D76500A183A30312
:10B3D800F5002145828083D705002300F50083D737
:10B3E8000500A183A300F5000945828083D70500E5
:10B3F8002300F50083D70500A183A300F50083D7B8
:10B4080025002301F50083D72500A183A301F500BA
:10B4180083D745002302F50083D74500A183A30203
:10B42800F50083D765002303F50083D76500A18362
:10B43800A303F50083D785002304F50083D785008F
:10B44800A183A304F5002945828003D7050085461A
:10B45800AA872300E50003D705002183A300E500A0
:10B4680003D70500631DD70003D725002301E50096
:10B4780003D725002183A301E500114582800945F2
:10B488006315A70203D7250019452381E70003D7D1
:10B4980025002183A381E70003D745002382E70025
:10B4A80003D745002183A382E700828083D7050064
:10B4B8002300F50083D70500A183A300F50083D7F7
:10B4C80025002301F50083D72500A183A301F500FA
:10B4D80011458280797126D24AD04ECEB2842A890B
:10B4E800AE8929468145480022D406D6368497502D
:10B4F800FF1FE780C0512316910085EC8357240075
:10B508002312F1009387A18E83D707002314F1003B
:10B518005C4485C383C6C7011387418F18439206CD
:10B5280083D787003697035727002315F100231385
:10B53800E1004A8517070000130787EB540013F64C
:10B54800F90FD545EFF09FCD2A8911C19DE08547B8
:10B558002300F40023020400014681452285EFF010
:10B568006FDAB25022544A8592540259F249456121
:10B5780082802285EFE06FEFEDB7B28617070000F3
:10B588001307E7EC2E8685456FF05FC90111231775
:10B59800A1004165700001489307F00F0D47970619
:10B5A8000000938646DC99457D1506CEEFF0BFCFA7
:10B5B800F24005618280B28701482E8611479706BE
:10B5C80000009386C6DCC9456FF0FFCDB286170729
:10B5D8000000130787E02E86CD456FF03FC40111A8
:10B5E80022CC26CA4AC84EC606CE2A89AE891784F6
:10B5F800FF1F1304E4149784FF1F938464171C40EF
:10B6080081C7CE854A8582971104E31A94FEF240D9
:10B618006244D2444249B249056182801785FF1FBE
:10B628000345F5F89377350009811787FF1FA301B4
:10B63800F716AA971787FF1F230CF714BDCF13051A
:10B64800C0033385A702A5654111850506C6976025
:10B65800FF1FE780801123A2A1909307C0031786DC
:10B66800FF1F0346E6123306F60281459750FF1F77
:10B67800E780E039938741909C439786FF1F83C6F4
:10B688002611014789077D56634FD700B24013063C
:10B69800000381451785FF1F1305850A41011753CC
:10B6A800FF1F6700C3362390C7002381070023A527
:10B6B800070205079387C703C1BF8280938741901C
:10B6C80098431786FF1F0346A60C81476315F600AB
:10B6D800814636858280BA861307C703835567FC7F
:10B6E800E389A5FE850793F7F70FCDB7011122CCA3
:10B6F8002EC632C406CE2A84EFF05FFC2246B2453D
:10B7080011E9C167F9176303F4005145F240624437
:10B718000561828054558347450095C213F7270178
:10B7280041456314A700154575F2C18B3D45F9DF06
:10B7380083C7A6010145E3FBB7FC3145C1BFC18BF7
:10B748000145E9F71545D9B7797126D2C16422D4E4
:10B758004AD04ECE52CC56CA06D62A89014493897D
:10B768004190130AC003FD14854A9787FF1F83C7BA
:10B7780027026364F400014535A8B307440303A70F
:10B788000900BA9703D727006316970005041374B6
:10B79800F40FE1BF03C55700300093856700EF90B1
:10B7A800003B1946CA8528009750FF1FE780A02B49
:10B7B800E31E55FDB250225492540259F249624A8E
:10B7C800D24A4561828093874190C16698439785A4
:10B7D800FF1F83C5E5FB8147FD166395F50001460C
:10B7E80032858280035827003A866306D8000348CA
:10B7F8000700E307A8FE850793F7F70F1307C703AA
:10B80800E9BF411106C6EFF07FEB11C503554501AD
:10B81800B240410182800145E5BF9387419098433A
:10B828009786FF1F83C6C6F68147110701456393B4
:10B83800F60082800346070001C605051375F50F5B
:10B84800850793F7F70F1307C703D5B71785FF1FAA
:10B85800034505F482801787FF1F130767EE8147AA
:10B86800BA8631460C4391E58A07B69788C30145E5
:10B87800828085071107E397C7FE4D4582804111F5
:10B8880006C622C4EFF09FE31DCD2A840355250088
:10B898008545EFF0DFD4485409C59760FF1FE7805E
:10B8A80020F922851306C00381459750FF1FE780C2
:10B8B8000016FD572311F400230204000145B2408D
:10B8C8002244410182800945DDBF411106C6EFF0DF
:10B8D800FFDE11C50345C500B24041018280014524
:10B8E800E5BFC167F9176304F502411122C406C612
:10B8F8002E84EFF0BFDCAA87014591C703C5470036
:10B90800698C33358000B24022444101828005456C
:10B918008280011106CE2EC6EFF05FDA854711C985
:10B9280003574501B24585476305B700231AB5009B
:10B938008147F2403E850561828031C901114AC8BC
:10B94800416922CC26CA4EC652C406CE0144AA84F6
:10B9580093894190130AC0037D199787FF1F83C7F6
:10B9680027E3634AF400F2406244D2444249B249B0
:10B97800224A056182803305440383A709003E9566
:10B98800835725006383270182940504F9B78280D1
:10B998009387419094431786FF1F034666DF01474C
:10B9A800910681476310E602858393C7F7FFC207B4
:10B9B800C18305456364E50285473395A7004205C1
:10B9C8004181828083C5060081C583D5C602CD8F9B
:10B9D80005071377F70F9386C603E9B793F61700A1
:10B9E800E1FE050585831375F50FE9B7797156CA28
:10B9F800AA8A2E8526D24AD04ECE52CC5AC85EC6C6
:10BA080062C406D622D4AE84328B368CBA8B3E8A78
:10BA1800C2894689EFF09FCA49E141657D15EFF07B
:10BA2800FFC92A84554531CC1946DE8513056400C3
:10BA3800A30284019750FF1FE780E0F983570103B1
:10BA480023119400230264012319F400835741034E
:10BA58002300540123260402231AF4002306440178
:10BA68002317340123182401EFF09FF22318A402AE
:10BA7800232A04022685232C04028145EFF03FB6D1
:10BA88000145B250225492540259F249624AD24AAC
:10BA9800424BB24B224C456182804545DDB79387C6
:10BAA800419098439786FF1F83C686CE814763954A
:10BAB800F60041657D1582803A861307C7038355D2
:10BAC80047FF6395A500035526008280850793F7F5
:10BAD800F70FF1BF93874190944341661788FF1F82
:10BAE800034808CB01477D16954811436314E800C5
:10BAF8000145828083D7260036856380C704CC5AE7
:10BB08008DCD83C7350083C5250089CD938597FDE5
:10BB180093F5F50FE37FB3FC9387D7FA93F7D70F25
:10BB280089EF82809385F7FD93F5F50FE3F3B8FC71
:10BB38009387D7FA93F7D70FCDDF05071377F70F5A
:10BB48009386C60365B79387419041669843978566
:10BB5800FF1F83C5E5C381477D1625486394F5001B
:10BB680001458280835627003A85638CC600545B62
:10BB780089CA83C636009386E6FD93F6F60FE3720C
:10BB8800D8FE850793F7F70F1307C703C1BF011145
:10BB980022CC2A84494506CEEF902FBA15C12AC671
:10BBA8002285EFF0BFB109CD6244324683550503C3
:10BBB800F2401785FF1F034555BD05616F708FF073
:10BBC800F24062440561828039714ED652D4AE8902
:10BBD8002A8A93053005414526DA4AD856D206DE28
:10BBE80022DC32C63689BA8A9760FF1FE780E0B741
:10BBF800CD4431C92A848944638209043246814587
:10BC0800231AC10041469750FF1FE78040E056863F
:10BC1800CE8522859750FF1FE780E0DB2146630E23
:10BC28000902CA8528089750FF1FE780C0DAA28654
:10BC380050082C085285EF30304BAA842285976033
:10BC4800FF1FE780E0BEF250625426854259D25465
:10BC5800B259225A925A2161828081452808975008
:10BC6800FF1FE780C0DAE1B7411122C4405926C25C
:10BC780006C6AA8429CC085409C59760FF1FE78027
:10BC880020BB285809C59760FF1FE78060BA68582D
:10BC980009C59760FF1FE780A0B9285C09C59760B0
:10BCA800FF1FE780E0B8685C09C59760FF1FE78061
:10BCB80020B80325040809C59760FF1FE78040B72F
:10BCC80022859760FF1FE780A0B623AA04022244BA
:10BCD80083D50403B24092441785FF1F0345F5AA94
:10BCE80041016F702FFF411126C206C622C4AE84DF
:10BCF800EFF0DF9C21C54C592A84A9C183A8C50748
:10BD080003A88507FC59B85983C6650003D6050002
:10BD180083C525002685EF906FAA2285EFF0DFF412
:10BD2800EFF07FE201CD2244B24092441785FF1F15
:10BD38000345B5A5854541016F70AFC7B2402244A0
:10BD4800924441018280011122CC06CE2A842EC65B
:10BD5800EFF0DF965C5991CF83D70700B245639A1D
:10BD6800870085476397F5006244F24005616FF0EC
:10BD7800BFEFF240624405618280411106C622C4C9
:10BD880026C2EFF03FD529C14059AA8415CC834774
:10BD9800240085CB9387C1909C4389C7DC4399C312
:10BDA80022858297034734009307F002631EF70049
:10BDB800224403D52400B2409244814541016FF0EA
:10BDC8009FF293870191C9BFB24022449244410136
:10BDD8008280411126C24AC006C622C4AA842E897E
:10BDE800EFF0DF8D31C1405945CC8357040063998A
:10BDF800970A83473400130710026399E7088347BB
:10BE08002400D1C37C540327040883D7470105E7DE
:10BE180013F717000DC3185403574700058B01CFBC
:10BE280093072002A301F400B2402244924402493D
:10BE380005454101828013F7270009CB18540357A1
:10BE48004700098B01C793074002E9BF918B89CB53
:10BE58001C5483D74700918B81C793076002D9B7D9
:10BE68009387C1909C43E9D3DC43DDDF2285829729
:10BE7800034734009307F0028145E317F7FA268554
:10BE8800EFF07FE655B793870191E9BF1307A0024A
:10BE98006398E7006304090013092003CA85C5B73E
:10BEA800631C09002685EFF07F8119C5834745008B
:10BEB80093E707012302F500A6854A85EF803FA492
:10BEC800A5B7797126D29947231DB100AA842E857A
:10BED8008D4522D406D632C636C4231CF100EFE0C5
:10BEE800AF9A2ACE4D441DC13246A246AA85328554
:10BEF80082962A8419E52C082685EFF00FAA2A8451
:10BF080011C572459760FF1FE78080922685EFF084
:10BF18001FC82285B2502254925445618280411133
:10BF280022C42E862E849726000093862692894561
:10BF380006C626C24AC02A89EFF0BFF88345040026
:10BF4800AA844A85EFF03FDAB240224426850249A6
:10BF5800924441018280938701919C4395CB9C43F5
:10BF680085CB1D71A2CC86CE984110082A843AC888
:10BF7800D84185453ACA829701C92306A1000355CD
:10BF880024006C00EFF0BFF9F6406644256182801A
:10BF98008280AE8715C5785505C78346070023807C
:10BFA800D50083461700A380D50083462701238147
:10BFB800D50083468701584BA381D500D8C182801C
:10BFC800414681453E851753FF1F670043A4938769
:10BFD800C1909C4391C703A38700630303000283B6
:10BFE800094582801387419718431DC75843AA877C
:10BFF80005450DC703A50708411106C693060502A6
:10C008001306050C93050506130505040297B240AF
:10C018001375F50F410182800545828082804DC9E4
:10C02800357122CD2A840355050026CB4AC94EC74F
:10C0380056C306CF52C55AC1DEDEB68AB2892E89EA
:10C04800EFF0CFE7AA8439C50C182285EFF07FF40A
:10C0580083472400138A6400A9CBEF802FE42A8B3E
:10C06800014583CB5400EF802FE1AA840C100818F7
:10C07800EF10405F08542C10EF10605FD288268ABA
:10C0880056C05E88D2875A8714103010CE854A85EC
:10C09800EF207017FA406A44DA444A49BA492A4AF2
:10C0A8009A4A0A4BF65B0D618280EF802FDFAA8BDC
:10C0B800014503CB5400EF802FDC2ACE08540C1026
:10C0C800EF10405A2C100818EF10605AF2484DBF74
:10C0D8008280C14709CD1455C14791CA785501CB13
:10C0E80083C73600BD4663F4F600834787013E8563
:10C0F800828089476309051063870510411106C6C8
:10C1080022C426C2834715002E842380F500834766
:10C118002500A380F500834735002381F500834778
:10C128004500A381F50083475500858B93968700CA
:10C1380083D7450093F7F7EFD58F2392F500834611
:10C14800550093F7F7DFA20693F60620DD8E2392BB
:10C15800D5000347550093F6F6BF2207137707402B
:10C16800558F2392E50083475500FD769386F67F29
:10C178008D87858B758FAE07D98F2392F5008346FF
:10C188006500F99B858ADD8E2392D50003476500FB
:10C198009377270013F7D6FF5D8F2392E500834737
:10C1A800650093F647009377B7FFD58F2392F50084
:10C1B80003476500DD9B4D45218BD98F2392F50000
:10C1C800EF80BFD7AA845145EF803FD7034734009B
:10C1D80093F4F40FC947636297021375F50F636E02
:10C1E800E500834604001147E1476368D7008346AA
:10C1F800140005476363D7008147B2402244924444
:10C208003E85410182803E85828015C1AA87094505
:10C218008DC141112E8541469385170006C697406A
:10C22800FF1FE780407BB2400145410182800945FC
:10C238008280828089471DC595C5411106C603477E
:10C248001500AE8719462380E50093052500138560
:10C2580017009740FF1FE7800078B24081473E856E
:10C26800410182803E85828015C1AA8709458DC11A
:10C2780041112E8541469385170006C69740FF1F3A
:10C28800E7806075B240014541018280094582809E
:10C29800828089471DC995C9411106C603472500F3
:10C2A80083461500AE872207558F2390E500214667
:10C2B80093053500138527009740FF1FE780A0717D
:10C2C800B24081473E85410182803E85828015C10A
:10C2D800AA8709458DC141112E85414693851700CE
:10C2E80006C69740FF1FE780006FB2400145410135
:10C2F8008280094582808280894719C991C903478C
:10C308001500BD46E14763E5E6002380E500814767
:10C318003E85828015C1AA8709458DC141112E85A8
:10C3280041469385170006C69740FF1FE780A06A1D
:10C33800B24001454101828009458280828015C151
:10C34800AA8709458DC141112E854146938517005D
:10C3580006C69740FF1FE7800068B24001454101CB
:10C3680082800945828082801DC1AA87094595C1BE
:10C3780041112E85130600049385170006C69740C1
:10C38800FF1FE7804065B2400145410182800945B1
:10C398008280828015C1AA8709458DC141112E85E9
:10C3A80041469385170006C69740FF1FE780A062A5
:10C3B800B2400145410182800945828082801D7119
:10C3C800A2CC2A84084586CEA6CA23060100834447
:10C3D800050035479387F4FF93F7F70F636AF70C67
:10C3E80017170100130787E28A07BA979C43BA9781
:10C3F80082870C08EFF0FFCFC9476312F50299470F
:10C408002306F100035524006C00EFF05FB1F640FD
:10C418006644D644256182800C08EFF05FEB29C999
:10C428008347C100E5F303552400EFF04FF6C5B785
:10C438000C08EFF03FEEE5B70C08EFF0FFEBC5B7DF
:10C448000C08EFF09FDCE1BF0C08EFF09FE4C1BFE0
:10C458000C08EFF07FE1E1B70C08EFF0BFDDC1B7E2
:10C468000C08EFF0DFED65BF834715002308F100E6
:10C4780003552400EFF08FA4A14705C10347C50069
:10C48800631AF7029387C19098439D4719C71843C9
:10C4980009C71008A6850297AA872306F10049B79D
:10C4A8000C08EFF07FECA5BF0C08EFF0BFEE85BFDE
:10C4B8009D47B9B793870191C1BF011122CC06CE20
:10C4C80026CA4AC84EC603470500930720092A848E
:10C4D8006317F7128347150039476391E70A8356B4
:10C4E80045000967610781476393E6109389819046
:10C4F80003A50900CE84630C050E0C4403C905008E
:10C50800631E09008347050085052146A9CB290537
:10C518009740FF1FE780204C9C40B9CF4945EF600A
:10C52800FF932A840DC5930710FC2300F500A30090
:10C5380025018C400905414689059740FF1FE78082
:10C5480080499C40A28503C51700EF601F9C884066
:10C558009750FF1FE780C02D23A4019031A809053B
:10C568009740FF1FE7802047EF30C03705494DF55A
:10C5780083A7090023802701854795A81307E003AF
:10C58800639DE708034725009547631EF702035597
:10C598004500EFF08FB39147E310F5FE93870191C3
:10C5A8009C43F9DB03A38700E30803FC0356E4007C
:10C5B80003554400930564006244F240D244424962
:10C5C800B24905610283A147631EF70083456400F1
:10C5D800035544006244F240D2444249B2490561DD
:10C5E8006FF02FFF930600038147E301D7FEF24067
:10C5F8006244D2444249B2493E850561828093062D
:10C60800000A8147E315D7FEEFF07FDB08442DD5FC
:10C618009750FF1FE780C02185B78147C9BF011127
:10C6280026CA06CE22CC89441DCD95CDAA842E8457
:10C6380068008D45EF70DFD58347E10026852286A7
:10C6480093F7F70393E707046C002307F100EF2043
:10C658008032AA8409E90D466C001305340097401E
:10C66800FF1FE7804037F24062442685D2440561C7
:10C6780082805D714EDE86C6A2C4A6C2CAC052DCE4
:10C6880056DA5AD85ED6894945CD5DCA138B45001E
:10C69800420B135B0B01AE8A2A8A930530055A8533
:10C6A800B2849750FF1FE780400C2A84CD4949C9BE
:10C6B800EF80EF802A895686D285935A8900135ACB
:10C6C8000901937BF90F1305440093FAFA0F137AC3
:10C6D800FA0F135989019740FF1FE780A03BA30178
:10C6E800740123015401A300440123002401EF70C5
:10C6F8005FFCAA85414608089740FF1FE7808039FC
:10C70800214734005A86A2850808EF20604DAA897F
:10C718001DE121462C0023807401A380540123814C
:10C728004401A3812401138544009740FF1FE7803B
:10C738006036EF70BFF922859750FF1FE780400FE2
:10C74800B64026444E8596440649F259625AD25A52
:10C75800425BB25B6161828001114AC82A892E85D9
:10C7680006CE22CC26CA2EC6EFE05FF571C5405929
:10C7780071C4834754000947B24593F6B70F6387DE
:10C78800E60011471305E00F6392E708835704009A
:10C798000945639DB706930484004146CA852685EA
:10C7A8009740FF1FE78020234146CA85130584016F
:10C7B8009740FF1FE78020220347340085469307F0
:10C7C800F7FE93F7F70F63E9F6041306C4033285FF
:10C7D800C14532C6EF70DFBB32469306C402A68558
:10C7E8002285EFF0DF838347240089CB22856244CA
:10C7F800F240D244424905616F10A00C034734004F
:10C80800C947E305F7FEA301F4000145F24062447D
:10C81800D244424905618280930710050145E31718
:10C82800F7FE83472400FDD322856244F240D244B8
:10C83800424905616F10600F0945C9BF4945F9B7FD
:10C8480029CD011126CA06CE22CCAA840945A9C140
:10C858000D4628002E848D059740FF1FE780A017FE
:10C868008347A10070002C0093F7F70393E70704B0
:10C8780026852305F100EF20001019E90D46A28551
:10C8880068009740FF1FE780001E7D153335A00024
:10C89800F2406244D24405618280094582800111D8
:10C8A80052C42A8A32854EC656C25AC006CE22CCF7
:10C8B80026CA4AC82E8BB28AB689EFE03FE009ED56
:10C8C8008944F240624426854249D244B249224A08
:10C8D800924A024B056182805C592A89C544F5F366
:10C8E8004D45EF808FE51374F50F5145EF80EFE468
:10C8F800E38809FC83C78901E3E487FC1375F50F16
:10C90800E360F5FC93053005130540089750FF1FB9
:10C91800E780A0E5232AA9022A84CD445DD1130625
:10C92800400881459740FF1FE780600EA30104007F
:10C9380023014401230264012310540123263407F0
:10C9480023240402A30204008144E30C0AF622858E
:10C95800EF003071AA8435D54A85EFF0EFB095B76E
:10C96800397122DC06DE26DA4AD84ED652D456D29F
:10C978005AD05ECE62CC66CA0944630B06106309BE
:10C988000710AA8B3A89368BB28A2E8CEFE01FD318
:10C998002A8A5144630E050E930530054145975088
:10C9A800FF1FE78080DCAA894D447DC183441900BC
:10C9B80083472900A204C207BE9483470900BE9496
:10C9C80083473900E207BE9483278A0263E697000B
:10C9D8007D5709446399E70A63070C0083474A00B7
:10C9E8000544898BCDC3930C4B00214681450A85AC
:10C9F800C20C9740FF1FE780800193DC0C01930570
:10CA0800300566859750FF1FE78020D62A8C4D4455
:10CA18003DC95A86D68511059740FF1FE7808007D4
:10CA28001146CA8562859740FF1FE780A0064146E8
:10CA380093058A014E859740FF1FE780A00521478F
:10CA48008A866686E2854E85EF2080192A841DE550
:10CA580021468A8528009740FF1FE780A0032146CA
:10CA68009305490028009740FF1FE780C0FF8547CE
:10CA7800631EF502A6855E85EF805F82628597500A
:10CA8800FF1FE780E0DA4E859750FF1FE78040DA06
:10CA98002285F2506254D2544259B259225A925ABB
:10CAA800025BF24B624CD24C216182800544F9B79B
:10CAB80079719397050122D406D626D24AD04ECE54
:10CAC800C1872E8463D507041775FF1F0345F5CB6F
:10CAD800EF602FBD2AC605C1EFF03F9EB24509E9B8
:10CAE8001775FF1F034565CA9307F00F631EF5000E
:10CAF8002E85EF60EFB32165218DB25022549254F8
:10CB08000259F24945618280EF602FC0EDB793F773
:10CB1800150091C7EFF06FA613451400F9BFA1E106
:10CB28000145E1BF850493F4F40FEFE03FD2E3F948
:10CB3800A4FE339599001319050113590901B37718
:10CB48002401EDD34A85EFE09FF5C167FD17630522
:10CB5800F500DD45EFF02F993345240179BF854471
:10CB68008549E1B723A4019023A6019023A8019049
:10CB78009777FF1F9387C7BF1707000013076761E1
:10CB880098C3170700001307A731D8C317F7FFFF8B
:10CB98001307C70398C79777FF1F938727BE1717F1
:10CBA80000001307C75598C3171700001307E70CB1
:10CBB800D8C3171700001307273A98C782809777BA
:10CBC800FF1F83C7A7BCA18B1777FF1F130747BA9F
:10CBD80091E3014723A6E190014582809777FF1FE3
:10CBE80083C7C7BA918B1777FF1F130727B991E33C
:10CBF800014723A8E19001458280011106CE2AC68B
:10CC0800EFF05FF6324599459777FF1FA38FA7B6D8
:10CC1800EFD0AFC2F24017F5FFFF1305051305610A
:10CC28006FE07FC31C5581C7A1473E8582800111F3
:10CC380022CC26CA2A84AE84130500049305300545
:10CC480006CE9750FF1FE78040B208D46305051051
:10CC580013060004A6859740FF1FE780C0D77854C5
:10CC68008347270193F68700638E0610145483C602
:10CC78002600A18A6388061083270408E9EF930534
:10CC88003005130500109750FF1FE78000AE2320E2
:10CC9800A4088D4771C1A3020400785483C7140007
:10CCA8008346170081EF81EE83C72400918BDDEB6B
:10CCB80083472701918BDDE7854711A889C621475E
:10CCC800A302E40099C78347540093E70701A3022E
:10CCD800F4006C5483C72501858B91CF1C540547FC
:10CCE80083C727008D8B6398E7008347640093E729
:10CCF80017002303F4008327040899C783476400B7
:10CD080093E787002303F40083475400054763989B
:10CD1800E70C930484004146814526859740FF1F10
:10CD2800E780E0CE41468145130584019740FF1F07
:10CD3800E780E0CD1306C4033285C14532C6EF70E3
:10CD48002FE5832704083246BDC72285EF00F03D52
:10CD58009307000525CDA147F2406244D2443E85A1
:10CD68000561828083C7040083460700154733871F
:10CD7800E702970701009387A74EBA97B69783C72C
:10CD88000700B1B783C6140091C68346170099C23D
:10CD9800E14735BF83C62400D58F918B91DF83C7C8
:10CDA80004008346070015473387E7029707010009
:10CDB80093874749D9B722859306C402A685EFF021
:10CDC8000FA62285EF00F02F59F5C147035504003F
:10CDD800A301F4008145EF802FB78147B5BF13F752
:10CDE800870149C3C18B930484004146A9CB8905B7
:10CDF80026859740FF1FE78000BE41468145130501
:10CE080084019740FF1FE78080C0834764001306B2
:10CE1800C403328593E747002303F400C14532C6B3
:10CE2800EF700FD78327040832468DC32285EF00A1
:10CE3800D02F9307200505F1A301F40079BF8145A0
:10CE480026859740FF1FE78080BC45BF9306C40234
:10CE5800A6852285EFF0AF9C2285EF009026CD476E
:10CE680061DDD5BD094785456388E70093F7D70F8E
:10CE780011476397E700894503550400EF80CFAC5D
:10CE88008347640093E747002303F40083270408DB
:10CE980081C7930710054DB7C54779BF834725005C
:10CEA80063820726797122D406D626D24AD08347D0
:10CEB8003500130750052A84639EE7060349750069
:10CEC8001306C503C14593573900AA97328583C411
:10CED800870032C6EF70CFCB938741979C43A9C791
:10CEE8009C47B9C30325040893767900B3D6D44088
:10CEF8003246858A93050504180893E60608130543
:10CF0800050882971375F50F05E141460C081305CE
:10CF1800C4029740FF1FE78000AC2285EF00701A1B
:10CF280093076005A301F400B250225492540259A9
:10CF380045618280130710026395E7021C55032799
:10CF4800050883D7470069EB13F7071071C77855B1
:10CF5800035747011377071061C393077002A301B2
:10CF6800F4008347340013077002639FE70C3C58B2
:10CF780085E39305300571459740FF1FE780E07E04
:10CF880028D819C5714681459740FF1FE78020A81A
:10CF98002458B9C883C7A40191E72285EFF06F939D
:10CFA800238DA4002858814541469740FF1FE780FC
:10CFB80000A628583D478345A5019387F5FF93F7B9
:10CFC800F70F6364F700EF70AFBCEF600F8C3C584D
:10CFD800A1452398A70013852701EF706FBB2C5834
:10CFE80003550400EF00303F930780020355040007
:10CFF800A301F400EFE08FEC414611C58357E5002B
:10D0080013D617003E96060685451765FF1F03458C
:10D01800D577EF602FAB09BF13F7072011CB7854F2
:10D02800035747011377072001C79307900205BFED
:10D0380093F707409DD77C5483D7470193F7074060
:10D048008DD39307B00221BF13078002639BE702C9
:10D058003C5889CB83D50701035504001386270163
:10D06800EF00F03C1C5483D7470013F707202DC36B
:10D078007854035747011377072039CB9307900259
:10D08800B5B713079002639CE700EF70CFE1AA855C
:10D0980003550400EF00B0389307A00281BF1307BF
:10D0A800A0026393E704EF706FDFAA858547014507
:10D0B8006384F500814505452EC6EF70EFDB2A86AF
:10D0C800B24503550400EF0010321C5483D74700C3
:10D0D80093F707408DC77C5483D7470193F70740E0
:10D0E80099CF9307B00219B71307B0026399E70005
:10D0F800EF702FDCAA8503550400EF00D0369307A4
:10D10800F0020DB58280411122C4405926C206C6DC
:10D118007C54AA8483D7470113F7071019C71854FA
:10D1280003574700137707101DE313F7072019C7A4
:10D138001854035747001377072011EB93F707405C
:10D148008DCF1C5483D7470093F707409DC793079B
:10D158001002A301F4002285EFF05FD403473400E6
:10D168009307F0026310F702224403D52400B2406B
:10D178009244814541016FE01FB79307F002A30174
:10D18800F400DDB7B24022449244410182803971F3
:10D1980022DC405926DA4AD84ED606DEAA89AE8461
:10D1A80032896300043E03552500835704006384D5
:10D1B800A700A14429A08347240091EB9D44F25085
:10D1C800625426854259D254B2592161828093878C
:10D1D800E5FF93F7F70F2D47E362F7FE1707010006
:10D1E8001307C7098A07BA979C43BA978287B285FB
:10D1F8002285EFF03FA3AA84D9B74146CA85130513
:10D20800C4049730FF1FE780007D2285ED25AA849E
:10D2180011C1A14483473400130740056397E70011
:10D2280093079005A301F40059BF130760056395A0
:10D23800E7009307A005FDB7D147EDB79309C405EB
:10D248004E854146CA859730FF1FE780C078032581
:10D2580004084DC983473400130790056399E70014
:10D26800228525279307E005A301F40051A8130799
:10D27800A0056393E7088347740013D73700229704
:10D28800834687009D8BB3D6F640938741979C438E
:10D29800858A93E606F893F6F60F81DF9C4791DBC3
:10D2A8009305050818084E8613050504829793749C
:10D2B800F50FE39004F041460C081305C4049730B9
:10D2C800FF1FE780407A834774004D47850793F72F
:10D2D800F70FA303F4006377F70022857D259307F2
:10D2E800E00589B785451765FF1F0345154AEF50C7
:10D2F8005FEC930750053DB71307C005E382E7F6D7
:10D30800814475BD130984004E86CA852285140898
:10D31800EFE0FFD041469305C40408089730FF1F8B
:10D32800E7806074E30D05E88A861306C403CE859A
:10D338004A85EF10900115E12285EFE09FD99767A4
:10D34800FF1F9387E7422A879C47035504008146BD
:10D3580001468A858297AA8411C1A14493072002B5
:10D36800D1B583450600EFE01F9859BF0347340045
:10D3780093072002E314F7E47C5889EB9305300502
:10D3880071459740FF1FE780403E68D86858E3071B
:10D3980005E24146CA859730FF1FE780C06364589D
:10D3A8002285EFE01FD3238DA400930730026DBDC3
:10D3B8000347340093073002E312F7E0835706006F
:10D3C80068582146930529002318F5004905973028
:10D3D800FF1FE78040607C5483D7470113F727007D
:10D3E80035CB185403574700098B2DC793074002C4
:10D3F800A5BD0347340093074002E311F7DC3C5C0A
:10D4080081EB85455D459740FF1FE780003628DCA6
:10D41800285CE30705EE834709004146CA85230BCC
:10D42800F5009730FF1FE780005B930750022DBD82
:10D438000347340093075002E312F7D8285C1946D3
:10D448009305190041059730FF1FE780C0587C54A9
:10D4580083D74701918B9DCF1C5483D74700918B6D
:10D4680095CB9307600209B57C5C89EB9305300581
:10D4780051459740FF1FE780402F68DC685CE30A4E
:10D4880005D24146CA859730FF1FE780C0547C5CAF
:10D498007D5798CB4E85EFF01FC79DB5032504082F
:10D4A80013060004CA85130505049730FF1FE7809B
:10D4B80080522285EFE01FB383473400130700052D
:10D4C8006395E7009307400545B313071005639C70
:10D4D800E70085451765FF1F0345352BEF507FCDC6
:10D4E8009307500551B313072005E39BE7E09387A3
:10D4F80041979C43E38F07CA9C47E38C07CA83255F
:10D508000408930484001808938505088146268634
:10D518002E858297035504001008A685EF70BFCBAF
:10D528009307B00591B3034734009307E005E31769
:10D53800F7C88325040841464A859730FF1FE780CE
:10D548008052AD44E30D05C6032504084146CA854B
:10D558009730FF1FE78020482285EFE09FB7976745
:10D56800FF1F9387E7202A879C472C580355040000
:10D57800814601468297AA8411C1A14493071002EB
:10D5880055B1AD47E39EF5D6834606008355250081
:10D598001306650003450500EF700FC795B389476B
:10D5A80061C2DDCD2300A60083C70500A300F600F5
:10D5B80083C715002301F60083C72500A301F600E1
:10D5C80083C73500A30206002302F60083D745006F
:10D5D800A183858BA302F60003D7450013770720A4
:10D5E80009C793E72700A302F60083D7450093F7FE
:10D5F800074099C78347560093E74700A302F60000
:10D6080083D745001397470163580700834756009F
:10D6180093E78700A302F6002303060083C74500AB
:10D62800858B2303F60003D74500098B09C793E7C9
:10D6380027002303F60083D74500918B99C78347BA
:10D64800660093E747002303F60003D745008147A8
:10D65800218B19C703476600136787002303E60079
:10D668003E8582802E86AA8505456FF05FF32E865B
:10D67800AA8509456FF0BFF289478DC505C54111D7
:10D6880006C6AE870D47AA852380E70013851700D5
:10D6980041469730FF1FE7800034B24081473E85FE
:10D6A800410182803E85828089478DC505C541112B
:10D6B80006C6AE871147AA852380E70013851700A1
:10D6C80041469730FF1FE7800031B24081473E85D1
:10D6D800410182803E85828089478DC505C54111FB
:10D6E80006C6AE871947AA852380E7001385170069
:10D6F80041469730FF1FE780002EB24081473E85A4
:10D70800410182803E85828089479DCD15CD41119A
:10D7180006C61D472380E50003570500AE8721464E
:10D72800A380E5000357050021832381E5009305C5
:10D738002500138537009730FF1FE780C029B240C6
:10D7480081473E85410182803E85828089478DC51B
:10D7580005C5411106C6AE872147AA852380E70083
:10D768001385170041469730FF1FE780C026B24057
:10D7780081473E85410182803E858280894795C9DF
:10D788000DC9411106C625472380E500034705005A
:10D79800AE871946A380E500930515001385270079
:10D7A8009730FF1FE7802023B24081473E85410123
:10D7B80082803E85828089478DC505C5411106C690
:10D7C800AE872947AA852380E700138517004146BD
:10D7D8009730FF1FE7802020B24081473E854101F6
:10D7E80082803E858280894795C50DC5411106C650
:10D7F800AE873147AA852380E700138517001306F3
:10D8080000049730FF1FE780001DB24081473E8526
:10D81800410182803E85828089478DC505C54111B9
:10D8280006C6AE873547AA852380E700138517000B
:10D8380041469730FF1FE780001AB24081473E8576
:10D84800410182803E858280894791C909C99547EF
:10D858002380F50083470500A380F50081473E85B6
:10D86800828015C55D718A8586C6A2C42A84EFE0C8
:10D878004FF2035504000A86970600009386C6DE19
:10D888009D45EFE00FE4B64026446161828005457E
:10D89800828015C55D718A8586C6A2C42A84EFE098
:10D8A8004FEF035504000A8697060000938666DC4E
:10D8B8009D45EFE00FE1B640264461618280054551
:10D8C80082805D71A2C49305C5022A8441460A85F7
:10D8D80086C69730FF1FE7800010035504000A86AC
:10D8E80097060000938686D9C545EFE08FDDB640E0
:10D8F8002644616182805D71A2C49305C5032A84B0
:10D9080041460A8586C69730FF1FE780C00C03553D
:10D9180004000A8697060000938646D9C545EFE0BD
:10D928004FDAB640264461618280938741979C43D1
:10D93800B1CB9C435D71A2C486C62A841305E00F4F
:10D9480095CF032504089305050C13050508829750
:10D9580083250408130600040A8593850508973073
:10D96800FF1FE780400703550400970600009386D1
:10D97800C6E70A8693051004EFE0AFD4B640264404
:10D98800616182801305E00F8280317122DD2A8473
:10D998000355050026DB06DF4AD94ED752D556D3A4
:10D9A8005AD15ECF62CDEFD07FD13C58AA8489EBA3
:10D9B8009305300571459740FF1FE78000DB28D8A5
:10D9C8002858CD470DC9714681459730FF1FE7801C
:10D9D8000004032904072285EFE0AFEF230DA90017
:10D9E8008347240013894197638A07128327090014
:10D9F80085E39307E00FFA506A54DA544A59BA5942
:10DA08002A5A9A5A0A5BFA4B6A4C3E8529618280E7
:10DA180083AB0701E38F0BFC032B0408EF601FC8DF
:10DA28002A8C0145EF605FC583C754003858130B33
:10DA38000B029309C403130AC405938A64003AC00D
:10DA4800B337F0002A87930801045688B33680015B
:10DA58005286CE855A85829B1C5403C7270023070C
:10DA6800E10203C71700A306E10283C707002306E4
:10DA7800F10283270900B5DF03AB4701E30B0BF67F
:10DA880083C75400B337F0003ECEEF603FC1AA8B86
:10DA98000145EF607FBE03270408F2472AC03AC257
:10DAA800B338700156887810930684004E86D28564
:10DAB8008800029B7C5403C727012305E10203C7A2
:10DAC8001700A304E10283C707002304F102832798
:10DAD800090003A94701EF607FBC2A8B0145EF606D
:10DAE800BFB983C854009C082A883EC2B3381001C5
:10DAF800B33760013810930684015286CE8556C02C
:10DB0800880002990355040097060000938606D101
:10DB18009008C545EFE0EFBAAA87F1BD83C6540067
:10DB280083270900032B0408B336D00083AB070111
:10DB380036CEEF60BFB62A8C0145EF60FFB33C5884
:10DB4800F246130B0B02130AC4059309C403938A04
:10DB580064002A88930801044E86D2853EC0568701
:10DB6800B33780015A85829B1C54130B010303C7EA
:10DB780027002307E10203C71700A306E10283C7B2
:10DB880007002306F1028327090083AB470183C7F7
:10DB98005400B337F0003ECEEF605FB02A8C0145E9
:10DBA800EF609FADF2472AC0B338800156887810DD
:10DBB800930684004E86D2855AC28800829B8325AC
:10DBC800040841465A859730FF1FE780C0E9AD47F2
:10DBD800E31205EE0DB52E8697060000938606B073
:10DBE800C5456FE00FAE5D71B287A2C42300B100D6
:10DBF8002A84BE8513051100194686C69730FF1F73
:10DC0800E78060DD0A86228597060000938646B77E
:10DC1800A145EFE00FABB6402644616182802E86B5
:10DC2800970600009386C6B2C5456FE08FA95D715F
:10DC3800B287A2C42310B1002A84BE85130521002F
:10DC4800214686C69730FF1FE780E0D80A862285DE
:10DC580097060000938686ABAD45EFE08FA6B640E9
:10DC68002644616182802E86970600009386E6B47A
:10DC7800C5456FE00FA5797122D406D626D2834711
:10DC88003500130730052A846383E7081307500516
:10DC98006395E7089307A005A301F500834775007E
:10DCA800C14513D737002A97834687009D8B1305F4
:10DCB800C503B3D6F640858A93E606F893F6F60FC1
:10DCC80036C6EF60EFECB246938741979C439DCBF5
:10DCD8009C478DCB0325040818081306C403930535
:10DCE80005041305050882971375F50F01ED130553
:10DCF800C40241460C089730FF1FE780C0CD22853B
:10DD0800EFF03FBCB2502254925445618280930791
:10DD18009005A301F500814645BF130710026396DD
:10DD2800E7027C550327050883D747016314070ECC
:10DD380013F717006300070E185503574700058BA4
:10DD480071CB93072002A301F40083473400130723
:10DD58002002639BE70E3C5889EB9305300571451B
:10DD68009740FF1FE78060A028D82458BDCC2285A3
:10DD7800EFE02FB6238DA4002858814541469730FF
:10DD8800FF1FE780C0C828583D478345A5019387F2
:10DD9800F5FF93F7F70F636BF70283C7C195D5C3F8
:10DDA8004146814508089730FF1FE78040C619465D
:10DDB8009765FF1F9385459108089730FF1FE780F7
:10DDC80080C130580C082E85EF107076EF50EFABFD
:10DDD8003C58A1452398A70013852701EF604FDB26
:10DDE8002C5803550400EFF01FDF9307300203554A
:10DDF8000400A301F400EFD07F8C414619C10356FB
:10DE0800E500060685451765FF1F03451598EF5081
:10DE18006FCBCDBD13F7270009CB18540357470024
:10DE2800098B01C79307400239BF918BE38F07F035
:10DE38001C5483D74700918BE38907F0930760024E
:10DE480019B7EF60EFD459B713073002639AE702A6
:10DE58003C5889CB83D50701035504001386270155
:10DE6800EFF0FFDC7C5483D7470113F7270021CF5D
:10DE7800185403574700098B39C79307400285BFD9
:10DE880013074002639CE700EF60FF81AA850355F2
:10DE98000400EFF0DFD89307500291BF1307500238
:10DEA8006390E704EF608FFF0DE9814505452EC6B5
:10DEB800EF608FFC2A86B24503550400EFF0BFD20D
:10DEC8007C5483D74701918B9DC71C5483D7470047
:10DED800918B95C39307600219BF85450145C1BF62
:10DEE800130760026399E700EF60AFFCAA8503554A
:10DEF8000400EFF05FD77C540327040883D7470159
:10DF080019EF13F7071001CF185403574700137779
:10DF1800071011C793077002A301F400E5B313F7C4
:10DF2800072011CB1854035747001377072001C760
:10DF380093079002D5B793F7074091CB1C5483D72A
:10DF4800470093F7074081C79307B002F1B79307DB
:10DF5800F002D9B7397122DC26DA4ED652D406DE61
:10DF68004AD8AE89328AAA84EFD04FF54059414643
:10DF780081450A859730FF1FE78060A925C80359A6
:10DF88000400631599060347340093071002631FC2
:10DF9800F7028327040899CF2C58A9C94A85EF109E
:10DFA800B0150545F2506254D2544259B259225A1A
:10DFB800216182808A861306C4059305C40313056C
:10DFC8008400EF0090381DE18A85C9BF2C5899CD8F
:10DFD80083D70501639C47012146C9054E859730C3
:10DFE800FF1FE78040A819C12C584DBF2685EFD0E8
:10DFF800EFEC2A8405455DD44C54B9C583D7050197
:10E00800639447052146C9054E859730FF1FE78071
:10E0180080A58547631AF50283C7718291C74C545E
:10E0280083C7B5016396A70CBD452685EF10D007B9
:10E038009757FF1F938747569C5B0145A5D71D45FA
:10E04800894582970145B9BF9387F19403C70700B3
:10E058009759FF1F938949543E89058B15CF03476C
:10E06800540083C781946319F702194693859194E4
:10E07800130564009730FF1FE780E09E8547631D06
:10E08800F50083A7090381C791451D458297BD45C2
:10E098002685EF10700131B703C7C19583A709031F
:10E0A80031CB03470900098B09CB81C795451D452D
:10E0B80082972685EF109004EDB581C78D451D45E3
:10E0C80082974146814508089730FF1FE7802094D2
:10E0D80019469755FF1F9385255F08089730FF1F3E
:10E0E800E780608F0C082E850A86EF1050448A85D9
:10E0F800268575B58545C5FF6DBF797122D4405910
:10E108004AD04ECE52CC06D626D2AA892E8A328939
:10E11800630C046A0355250083570400638CA70029
:10E12800A144B2502254268502599254F249624AB7
:10E13800456182808344240099C09D44DDB793875C
:10E14800F5FF93F7F70F3147E369F7FE17F700007C
:10E158001307C7158A07BA979C43BA9782871C5436
:10E16800E1F393053005130500049730FF1FE7809E
:10E17800C05F08D455D503470900914763F4E70009
:10E188008D4445B7034719008547E3EBE7FE1306BF
:10E198000004CA859730FF1FE780E0830C54705451
:10E1A800A3020400D4415C4A858AFD8E8357460148
:10E1B800F99BD58F231AF600D841544AF59B05835D
:10E1C800058B8582F98E8606DD8E231AD600DC4102
:10E1D800584AED9A8983858B09837D8F0A07558F65
:10E1E800231AE600D4415C4A5D9B8D82858A8D8323
:10E1F800F58F8E07D98F231AF600D841544A93F722
:10E20800F7EF2183058BA182F98EA206DD8E231AF2
:10E21800D600DC41584AA583858B25837D8F9317CB
:10E22800970013F7F6DF5D8F231AE600D4415C4AA6
:10E23800A982858AA983F58F9396A7009377F7BF5C
:10E24800D58F231AF600D441584AAD82858A2D838A
:10E25800758FFD769386F67F2E07F58FD98F231A53
:10E26800F6008347260103250408A18B638707105E
:10E2780083C72500A18B63820710E31305EA930582
:10E288003005130500109730FF1FE780004E23204C
:10E29800A408E30705EE7C54A30204000347190011
:10E2A80083C6170089EA45C38347540093E70701EB
:10E2B800A302F40029A0A147A302F40075F7228560
:10E2C800EFF02FDD6C5483C72501858B81CF1C545B
:10E2D80083C727008D8B99C78347640093E717008E
:10E2E8002303F4008327040899C78347640093E74E
:10E2F80087002303F4008347540005476393E70C22
:10E3080041468145130584009720FF1FE780207050
:10E3180041468145130584019720FF1FE780206F40
:10E32800C1451305C403EF60AF86032704089307AC
:10E33800000511E3C14703550400A301F40081451A
:10E34800EF609FE0F9BB03C72701118B19E703476B
:10E358002900118B19E38547A1BF83C707008346AE
:10E36800090015473387E70297F70000938747EFBF
:10E37800BA97B69783C7070025BF19C59730FF1FFF
:10E38800E780004B232004087C5403C7170011C7FB
:10E398000347190019C3E14721BF03C72701118BA0
:10E3A80009E703472900118B5DD783C70700154785
:10E3B800834609003387E70297F70000938787E8C9
:10E3C80045BF13F7870131CFC18B13058400414640
:10E3D800A9C389059720FF1FE780E05F4146814573
:10E3E800130584019720FF1FE7806062834764005C
:10E3F800C1451305C40393E747002303F400EF5016
:10E408003FF98327040881CF93072005A301F4006F
:10E4180009BB81459720FF1FE780605FC1B7CD47E3
:10E42800F5B7094789456386E70011476398E70010
:10E43800854503550400EF603FD121A01947E389C2
:10E44800E7FE8347640093E747002303F40083272C
:10E45800040881C79307100555BFC54745BF414606
:10E46800CA851305C4049720FF1FE780C056834759
:10E47800340013076005639CE70085451755FF1FA7
:10E488000345B530EF40FFD29307500541B74547E4
:10E498006383E7029306C4021306C403930584004A
:10E4A8002285EFD0DFB72285EFF0AFC1AA8411C172
:10E4B800A144D147A1BFC94791BF9309C4054E855F
:10E4C8004146CA859720FF1FE780E05003250408CE
:10E4D80071C983473400130790056398E7002285C4
:10E4E800EFF06FC19307E00515B71307A005639D0B
:10E4F800E706938741979C43E38107C403A88700F5
:10E50800E30D08C283477400930505084E8613D7A8
:10E5180037002297834687009D8B0A87B3D6F6403B
:10E52800858A93E6060813050504029841468A85FC
:10E538001305C4049720FF1FE780E05211E1D2843D
:10E548002285EFF04FBB83477400CD461307E005E3
:10E55800850793F7F70FA303F40063E4F6001307A6
:10E568006005A301E40075BE1307C005E39BE7BA85
:10E57800938741979C43E38207BC9C47E38F07BA84
:10E5880093050508130984000A8781464A862E8563
:10E598008297035504000A86CA85EF60DFC3930794
:10E5A800B005ADB58A864E86930584002285EFD0E6
:10E5B8001FA741469305C4040A859720FF1FE780DB
:10E5C800804A8547D284E31EF5B42285EFF0AFB2C6
:10E5D800AA84E31705B4930710020DBD034734005E
:10E5E80093077002E31BF7B47C5889EB9305300559
:10E5F80071459730FF1FE780401768D86858E30EC9
:10E6080005B2CA8541469720FF1FE780C03C032911
:10E6180044072285EFD0FFAB230DA90093078002A2
:10E62800F5B30347340093078002E318F7B0835724
:10E63800060068582146930529002318F500490566
:10E648009720FF1FE78020397C5483D7470113F7B1
:10E65800072025CF1854035747001377072035C7DD
:10E668009307900265B30347340093079002E316BB
:10E67800F7AC3C5C89EB930530055D459730FF1F8F
:10E68800E780A00E28DC285CE30905AA4146CA8574
:10E698009720FF1FE78020349307A00285BB03471C
:10E6A80034009307A002E31AF7A883470600285C02
:10E6B800194693051900230BF50041059720FF1F04
:10E6C800E78060317C5483D7470193F70740B1C78F
:10E6D8001C5483D7470093F70740A1C39307B002A0
:10E6E80035B3034734009307B002E318F7A47C5C02
:10E6F80089EB9305300551459730FF1FE780E00609
:10E7080068DC685CE30E05A04146CA859720FF1FB8
:10E71800E780602C7C5C7D5798CB03D52900814528
:10E72800EFD06FDCFDBA034734009307F004E3F938
:10E73800E79E03250408E305059E13060004CA8521
:10E74800130505049720FF1FE780E0282285EFF0D6
:10E75800CF9DAA842285EFD0FF8883473400130712
:10E768000005639FE70003D6E90085451755FF1F9D
:10E778000345B5010606EF40FFB49307300579B1AC
:10E78800130710056395E7009307600541B1130768
:10E798002005E398E7989307C0058DB9034734002F
:10E7A8009307E005E31EF796032504084146CA854A
:10E7B8009720FF1FE78020222285EFF00F9DAA8473
:10E7C80019BD83450600A9BF85478144E39BF5949D
:10E7D8000328460083473600034726008346160071
:10E7E80083552500034606000145EF608F9815BA4A
:10E7F8008147C1463307F500B388F5000347070092
:10E8080083C808003308F60085073347170123003B
:10E81800E800E391D7FE82800147BD471308F00F57
:10E828003306F50083460600B388F500FD17860613
:10E83800558F2380E8000347060093F7F70F1D83E1
:10E84800E39007FF82808147930800F8414893F6D8
:10E85800F70F3387F50063FCC600B306F50083C6DF
:10E8680006002300D7008507E39307FF828063959E
:10E87800C60023001701C5BF23000700EDB701112B
:10E888004AC856C22E89AA8A93053005414506CE44
:10E8980022CC26CA4EC652C4328A9730FF1FE78060
:10E8A800C0ECAA849305300541459730FF1FE780E7
:10E8B800C0EB2A84CD49A5C431CD41468145972076
:10E8C800FF1FE780C0142686A2855685EF102046D4
:10E8D800AA8929E18387040063D30706A2852685D0
:10E8E800EFF09FF34A8697F500009385659F228590
:10E8F800EFF01FF08307090063D80704A2854A8553
:10E90800EFF09FF1528697F500009385659D22856B
:10E91800EFF01FEE26859730FF1FE78060F111C4E6
:10E9280022859730FF1FE780A0F0F24062444E85B1
:10E93800D2444249B249224A924A05618280CA8534
:10E948002685EFF07FED7DB7D2854A85EFF0DFECC5
:10E95800D1B781474146B306F5003387F500034731
:10E96800070003C806008507334707012380E60030
:10E97800E393C7FE8280011126CA4EC6AE84AA89D7
:10E9880093053005130500034AC806CE22CC328908
:10E998009730FF1FE78060DD2DC513060003814512
:10E9A8002A849720FF1FE78080064146CE8522856E
:10E9B8009720FF1FE780000EA6850D461305D4019A
:10E9C8009720FF1FE780000D13060402930504013A
:10E9D8002285EF10C035AA840D469305D4024A85D6
:10E9E8009720FF1FE780000B22859730FF1FE780E5
:10E9F80020E4F240624426854249D244B249056186
:10EA08008280CD44FDB75D714EDE62D4AE892A8C1A
:10EA18009305300513050003A6C2CAC052DC56DAB6
:10EA28005AD85ED686C6A2C4B28B368BBA84BE8A42
:10EA38004289468A9730FF1FE78020D36305051077
:10EA48001306000381452A849720FF1FE78020FCD6
:10EA58004146E28522859720FF1FE780A0034146B3
:10EA680081450A859720FF1FE78060FA1D46DE85ED
:10EA78000A859720FF1FE780E0011D46DA85130508
:10EA880071009720FF1FE780E00033392001B3347D
:10EA9800900041468145080823072101A3079100FA
:10EAA8009720FF1FE780A0F61946D68548089720CB
:10EAB800FF1FE78020FE1946D2851305A101972084
:10EAC800FF1FE78020FD930404014146CE8526857B
:10EAD8009720FF1FE78000FC8A852685EFF07FE7F7
:10EAE800930904024E86A6852285EF1040242A89C0
:10EAF8000DE94146CE8526859720FF1FE780A0EDCA
:10EB08000C082685EFF0FFE44E86A6852285EF10D7
:10EB180000222A8946454146CE859720FF1FE78077
:10EB280060F722859730FF1FE78080D0B6402644E3
:10EB38004A8596440649F259625AD25A425BB25BF8
:10EB4800225C616182804D49D5B7011126CA52C441
:10EB5800AA842E8A13050003930530054AC84EC6B9
:10EB680006CE22CC3289B6899730FF1FE780E0BFF6
:10EB780035C52A84A68541469720FF1FE78080F186
:10EB8800930404012146D28526859720FF1FE7803C
:10EB980060F0CA852146130584019720FF1FE7808E
:10EBA80060EF13090402A6854A862285EF10201813
:10EBB800AA844146CA854E859720FF1FE78080EDCD
:10EBC80022859730FF1FE780A0C6F2406244268561
:10EBD8004249D244B249224A05618280CD44F5B700
:10EBE80039715AD05ECE2A8BAE8B414593053005DC
:10EBF80006DE26DA52D456D262CC66CA6AC8368C89
:10EC0800328DBA8C22DC4AD84ED69730FF1FE78067
:10EC1800C0B5AA8A9305300541459730FF1FE780A4
:10EC2800C0B42A8ACD44638E0A0859C52A86D68577
:10EC38005A85EFF0DFC4AA8441E1930530054145C8
:10EC48009730FF1FE78060B22A8993053005414558
:10EC58009730FF1FE78060B1AA89630A090E63062F
:10EC6800050E1304FD0011841376FD0049C07D14C0
:10EC78004204418035EE131544004E86D6855E95D4
:10EC8800EFF01FB7414681454A859720FF1FE7806F
:10EC980000D8014D93170D01C18363F48708BDC0E7
:10ECA8004A859730FF1FE780A0B8638709004E8523
:10ECB8009730FF1FE780C0B756859730FF1FE78062
:10ECC80020B763070A0052859730FF1FE78040B6D8
:10ECD800F250625426854259D254B259225A925A55
:10ECE800025BF24B624CD24C424D2161828001445E
:10ECF800131544008A855E95EFF0FFB44E86D285E1
:10ED08000A85BDBF93154D000A86DE954A85EFF04A
:10ED18003FAE4A868A855A85EF106001AA84050DA0
:10ED280095BFBDFC0A86CE854A85EFF07FAC4A8642
:10ED38008A855A85EF00B07FAA846686CA8562856F
:10ED48009720FF1FE78020C9A1BFCD4491BFCD44C4
:10ED5800A9BF397162CC2A8C594526DA4AD84ED6D1
:10ED680052D456D25AD05ECE06DE22DCAE8B328B1F
:10ED7800B68A3AC63E8AC289468983440104EF406E
:10ED8800EF8D49C19167938717E92310F5008547EF
:10ED98002301F5002A8432472105630C0C049307EC
:10EDA8001003A301F400194681459720FF1FE7804F
:10EDB80000C623036401A3035401230A9400231209
:10EDC8007401231744012318340123192401A2854F
:10EDD8006254F250D2544259B259225A925A025BA2
:10EDE800F24B624C1755FF1F0345059A21616F408E
:10EDF800CF91A30104001946BA859720FF1FE78029
:10EE080080BD45BFF2506254D2544259B259225A79
:10EE1800925A025BF24B624C21618280011122CC32
:10EE28002A84314506CE2EC632C436C23AC0EF40D7
:10EE3800EF8229C19167938717E92310F5008D4761
:10EE48002301F500A3018500B245224692460247F8
:10EE58006244F2402312B5002313C5002314D500E1
:10EE68002315E500AA851755FF1F0345E5910561A0
:10EE78006F40AF89F24062440561828001114AC83F
:10EE88002A89394526CA06CE22CC2EC6B284EF304E
:10EE9800FFFC31C1B2459167938727E92310F5003C
:10EEA8009147A30125012312B5002A842301F50007
:10EEB800A685190521469720FF1FE780C0B1A285C6
:10EEC8006244F240D24442491755FF1F0345C58B9F
:10EED80005616F408F83F2406244D2444249056124
:10EEE800828001114AC82A89414526CA06CE22CC09
:10EEF8002EC6B284EF309FF629C19167B245938739
:10EF080027E92310F50095472A84231225012301B8
:10EF1800F500214619059720FF1FE780C0ABA285A1
:10EF2800231794006244F240D24442491755FF1F08
:10EF38000345B58505616F305FFDF2406244D244F8
:10EF4800424905618280011122CC2A84394506CEC6
:10EF58002EC632C436C23AC0EF305FF029C191677D
:10EF6800938717E92310F50099472301F500B24567
:10EF7800224692460247231285006244F240231338
:10EF8800B5002314C5002315D5002316E500AA856E
:10EF98001745FF1F0345457F05616F301FF7F24096
:10EFA800624405618280797122D406D62A842EC6ED
:10EFB80032C436C23AC0EFC06FF01DC1B245224616
:10EFC80092460247231CB100231DC1002C081306DA
:10EFD800F00F2285231ED100231FE100EFC0AFDD13
:10EFE800B250225445618280011122CC2A843945CD
:10EFF80006CE2EC632C436C23AC0EF303FE629C12B
:10F008009167938717E92310F5009D472301F500C1
:10F01800B245224692460247231285006244F240D6
:10F028002313B5002314C5002315D5002316E500C6
:10F03800AA851745FF1F0345257505616F30FFEC4D
:10F04800F2406244056182805D712AC61305200280
:10F05800CAC04EDE52DC56DA5AD85ED662D466D2C0
:10F068006AD086C6A2C4A6C26ECE2E8CB28B368B50
:10F078003AC43E8DC28CC68A035A0105835941059C
:10F0880003498105EF309FDD69C591663243938658
:10F0980016E9A9472A842310D5002301F500930D0A
:10F0A800E4002105930444012247630D03069307F6
:10F0B8001003A301F400194681459720FF1FE7803C
:10F0C8000095194681456E859720FF1FE78020949B
:10F0D8001946814526859720FF1FE7804093230323
:10F0E8007401A30364012300240323128401231D54
:10F0F8005401231E4401231F3401A2852644B6402F
:10F1080096440649F259625AD25A425BB25B225C73
:10F11800925C025DF24D1745FF1F0345E56661618C
:10F128006F30BFDEBA85A301040019469720FF1F80
:10F13800E780608AEA856E8519469720FF1FE78079
:10F1480080891946E68526859720FF1FE780A088D5
:10F1580079B7B640264496440649F259625AD25ABB
:10F16800425BB25B225C925C025DF24D616182801F
:10F17800011122CC2A84214506CE2EC632C436C2BD
:10F18800EF30DFCD15CD224692469167938717E978
:10F198002310F500B1472301F500A3018500B2450E
:10F1A8002303C500A303D5006244F2402312B5002F
:10F1B800AA851745FF1F0345255D05616F30FFD4FC
:10F1C800F240624405618280411126C2AA845145F9
:10F1D80006C622C4EF309FC849C19167938717E9D3
:10F1E8002310F500B9472301F50083C714002A84CA
:10F1F80093856400A301F50083C7340003C7240086
:10F208002105A207D98F231EF5FE83C7440019469E
:10F21800230FF5FE83C75400A30FF5FE9710FF1FB9
:10F22800E780607B83C7C400A2851745FF1F03459D
:10F23800A5552307F40083C7E40003C7D400A20739
:10F24800D98F2318F40083C7F4002309F40022445B
:10F25800B240924441016F305FCBB24022449244A5
:10F2680041018280411122C42A84194506C6EF3023
:10F27800FFBE0DC59167938717E92310F500C147B5
:10F288002301F500231285002244B240AA851745C0
:10F29800FF1F0345654F41016F303FC7B24022440D
:10F2A8004101828041110D4506C6EF303FBB0DC5B7
:10F2B800930710F92300F5009307E003A300F50076
:10F2C800C5472301F500B240AA851745FF1F03452E
:10F2D800A54B41016F307FC3B240410182800111CB
:10F2E80022CC2A84294506CE2EC632C436C2EF3037
:10F2F800FFB615CDB24592469167938717E923105B
:10F30800F500C9472302B5002301F500A3018500D4
:10F318002304D50022466244F2402313C500AA857F
:10F328001745FF1F0345454605616F301FBEF24074
:10F3380062440561828001114AC82A892D4526CA7E
:10F3480006CE22CC2EC6B284EF305FB129C5B245B5
:10F35800930710F92300F5009307E003A300F500D5
:10F36800CD47A30125012302B5002A842301F50016
:10F37800A685150519469710FF1FE780C065A28569
:10F388006244F240D24442491745FF1F0345C53F36
:10F3980005616F309FB7F2406244D244424905612B
:10F3A8008280011122CC2A84214506CE2EC6EF3058
:10F3B800FFAA05C9B2459167938717E92310F5009D
:10F3C800D1472303B5002301F500231285006244C9
:10F3D800F240AA851745FF1F0345053B05616F30BD
:10F3E800DFB2F240624405618280011122CC2A8496
:10F3F800214506CE2EC632C4EF305FA61DC5224673
:10F40800930710592310F50023018500B245230303
:10F41800C5006244F2402312B500AA851745FF1FB4
:10F428000345853605616F305FAEF2406244056181
:10F438008280011122CC2A84214506CE2EC632C4F0
:10F44800EF30DFA11DC922469167938727E9231072
:10F45800F500A1472301F500B24523038500A30366
:10F46800C5006244F2402312B500AA851745FF1F64
:10F478000345B53105616F305FA9F240624405610B
:10F488008280011122CC2A84314506CE2EC632C490
:10F4980036C23AC0EF309F9C15CD224685679387C8
:10F4A80017C92310F50023018500B2452303C500C1
:10F4B800924602476244F2402312B5002314D50055
:10F4C8002315E500AA851745FF1F0345E52B0561B0
:10F4D8006F30BFA3F240624405618280011126CAE1
:10F4E800AE844AC82A891385C40006CE22CC32C607
:10F4F800EF30DF961DCD8567B245938717E9230165
:10F508009500231225012A842310F500310508C42B
:10F5180026869710FF1FE780004CA2856244F240C0
:10F52800D24442491745FF1F0345052605616F3040
:10F53800DF9DF2406244D244424905618280011154
:10F5480022CC2A84194506CE2EC6EF303F9105C934
:10F558008567938717F92310F500854723018500F0
:10F56800A301F500B2456244F2402312B500AA8512
:10F578001745FF1F0345452105616F301F99F2406C
:10F58800624405618280411122C42A840D4506C661
:10F59800EF30DF8C05C5930710F92300F500E94724
:10F5A800A300F500230185002244B240AA8517452F
:10F5B800FF1F0345651D41016F303F95B24022444E
:10F5C80041018280011122CC2A84214506CE2EC613
:10F5D800EF30DF880DC99167938727E92310F5007D
:10F5E800930700032301F500B24523038500624415
:10F5F800F2402312B500AA851745FF1F0345F518E9
:10F6080005616F309F90F24062440561828001116C
:10F61800214506CE2EC632C4EF305F8415C58567F6
:10F62800938707392310F500B24522468547230101
:10F63800F500F2402312B5002313C500AA8503C5BF
:10F64800818F05616F307F8CF2400561828039714E
:10F6580022DC1304F5FF4AD852D456D25ECE4204B7
:10F6680006DE26DA4ED65AD0894B2A8A3289B68ADD
:10F67800418063917515938B018F83C7018F5E8BD2
:10F6880089448DCF83C9160083C706009144A20917
:10F69800B3E9F9009747FF1F83D707F1F51763DF31
:10F6A800F9009307C6FF639BF90831452EC6EF3072
:10F6B800EFFA2A84B24519ED9304F00FF250625420
:10F6C80026854259D254B259225A925A025BF24BB9
:10F6D800216182804209135909012302B5002313CD
:10F6E8002501930700F91509A1652310F5002311D9
:10F6F800450185054A859720FF1FE780000708C454
:10F7080005C983C70B009385EAFF13562900FD1727
:10F718002388F18E9710FF1FE780E02D1C44A285F7
:10F7280003C5818F89071CC4EF302FFE814479B748
:10F7380022859720FF1FE780A00FBDBF9307D6FF44
:10F74800E3CCF9F6B1473304F402938401909C406A
:10F75800A29703C7A70019C7884309C59720FF1FA9
:10F76800E780000D13854900A165420585054181A3
:10F7780003AA04009720FF1FE78020FF9C40229ADD
:10F788002320AA00A297884305D905472385E700C7
:10F7980083470B004A86D685FD172388F18E97107C
:10F7A800FF1FE78040239C403E942313240123122B
:10F7B8003401ADBF8547E391F5F0B1473304F40256
:10F7C800138B019083270B00DA89A29703D7670070
:10F7D800884355C783D74700B306C700910763C05E
:10F7E800D70A3A95D6859710FF1FE780C01E0327D2
:10F7F8000B008144229783576700CA97C207C183C9
:10F808002313F700035747001107E399E7EA314547
:10F81800EF30CFE4AA8515CD930700F92310F50042
:10F8280083270B002302750123114501A29703D7F3
:10F8380067009C432313E5001CC503C5818FEF3087
:10F84800CFEC83270B003E94231304002305040008
:10F85800B5B583270B00A297884311C99720FF1FCE
:10F86800E78000FD83270B00A29723A0070083A74A
:10F8780009003E94231304002305040045BD11C963
:10F888009720FF1FE780C0FA83A70900A29723A04B
:10F89800070083A7090085443E9423130400230529
:10F8A800040029BD6F2000106F2020116F20E05444
:10F8B8006F202014411106C6EF206010B2400145A8
:10F8C800410182806F2080156F2080176F2080197A
:10F8D8006F20601B6F20601D6F20401F6F2040212C
:10F8E8006F2040236F20E02483471600034606005C
:10F8F800A2075D8E6F2020266F2060276F20202AA8
:10F908006F20E02C6F20C02F6F20A0326F20C034F2
:10F918006F20E0366F2000396F20203B411122C64E
:10F928000344C10226C48344010303430101030EB7
:10F938004101834E8101034FC101834F010283427C
:10F9480041028343810222D6324426D8A2441ED4DF
:10F9580016D27ED07ACE76CC72CA1AC841016F20F0
:10F96800404F6F20E0386F20003B6F20203D6F2014
:10F97800403F6F2060416F2080436F20A0456F207B
:10F9880080486F20A04A6F3090741307A5FF420784
:10F9980085672A8841831385A7C7636CE5021387A7
:10F9A80007C801456368B70263E605031307301FFC
:10F9B8006362C702138766FF42074183938767C75D
:10F9C80063EAE70005063306B6028E063325D6003D
:10F9D800828001458280411126C206C622C4AA84BB
:10F9E800EFA0A05719C52A842685EFA0003D23243F
:10F9F800A418B24022449244410182801747FF1F55
:10FA08000347B7D99547630BF7009747FF1F9387BD
:10FA180067D883C777000D47631FF7009747FF1F15
:10FA280083C7D7D7639E0710930760101747FF1F38
:10FA38002316F7D68280411126C29747FF1F938766
:10FA480067DF9384419222C4E05F9C404AC006C6A7
:10FA580023A20706096798C719459747FF1F238DF3
:10FA680007D2EF00900593878191944337C7898E19
:10FA7800130767ED98C63757550013075755D8C26F
:10FA8800034724029306F00F3E896307D700FD570A
:10FA9800A300E4022301F402034514028947630327
:10FAA800F5000145984001469305F00F5C4393E744
:10FAB80017005CC3930710FA2305F400994717470A
:10FAC800FF1FA30CF7CC9747FF1F238507CC974749
:10FAD800FF1F238307CCB5239387C1929443DC5639
:10FAE800F59BDCD683270900034794001376F707B4
:10FAF8009843137707F8518F98C31747FF1FA30D33
:10FB080007C890401747FF1FA30607C8054718C234
:10FB180098431377F7E798C398431377F7E7136782
:10FB2800071098C39C4637073300B240D98F224448
:10FB38009CC69307900D3CCA9244024941018280B9
:10FB48008280411106C622C41747FF1F034717C505
:10FB58009747FF1F938707C401CF9746FF1F83C6A8
:10FB6800E6C309476396E6001747FF1FA30807C2C5
:10FB780003C77700A1466387E60003C777009D4661
:10FB8800639DE60083C777001747FF1F2308F7C068
:10FB980085471747FF1FA303F7C06D259747FF1F2A
:10FBA800938747C9E05F68402315040023040400D5
:10FBB8009720FF1FE780C0C7914523100404232224
:10FBC8000404232404041745FF1F0345D5A0EF3080
:10FBD8007F90A1451745FF1F0345F59FEF309F8F85
:10FBE800034514039307F00F6307F500EF30FF9206
:10FBF800FD57A308F402034504039307F00F6307B6
:10FC0800F500EF309F91FD572308F402B2402244DB
:10FC180041018280011126CA9744FF1F938484C141
:10FC280022CC03A4040C4AC84EC652C456C206CEFF
:10FC38002A898149130A2500854A29E893057025F0
:10FC480031459720FF1FE78040B22A8401453DC017
:10FC580083471900194693052900A300F4001305EA
:10FC680024009710FF1FE78000D783A7040CA1EF9B
:10FC78009747FF1F23A087C82324040083C7C40B0A
:10FC880085071747FF1F2305F7C625A0034714005C
:10FC9800834719006305F700A289004479BF194614
:10FCA800D285130524009710FF1FE780C0DBE315FA
:10FCB80055FF0545F2406244D2444249B249224ABE
:10FCC800924A05618280E38909FA23A489006DB705
:10FCD8009747FF1F938707B603A5070C11E99747B6
:10FCE800FF1F23A907C09747FF1F238307C08280F0
:10FCF800411106C622C400459720FF1FE78040B384
:10FD0800228575F8B24022449747FF1F23A407BEF7
:10FD18009747FF1F238E07BC410182809747FF1F2B
:10FD2800938747B123A0070C238E070A828001110D
:10FD380022CC13844192184006CE26CA2EC632C45D
:10FD48003C4BAA84354593F7F7F73CCBBD231840C5
:10FD580026853C4B93E707083CCB2246B2459710D3
:10FD6800FF1FE780E011F2406244D244014505617B
:10FD78008280138681911C42B7068000B7150180E6
:10FD88009843938585E7558F98C39843B706001025
:10FD9800558F98C31307001DD8DB1747FF1F03476C
:10FDA800E78093169701CD8ED4D7D457B705008234
:10FDB8001377F703FD15ED8E6607558FD8D73717DC
:10FDC8000040930770052300F704930780FA230087
:10FDD800F7049736FF1F83C6667DB54763FBD702D6
:10FDE8008357270293E707012311F7021842B70741
:10FDF8000900938737081CD337E700E0D147A309E8
:10FE0800F7049717FF1F9387C73293E717007CD72C
:10FE1800828083572702C207C183BD9BC207C18363
:10FE2800E1B79307C00363E2A7061307800295476B
:10FE3800636BA704714791476367A70459478D47C8
:10FE48006363A70449478947636FA7023947854712
:10FE5800636BA702314781476367A7022947FD57AC
:10FE68006363A7022147F557636FA7001947ED574A
:10FE7800636BA7000D47E1576367A7000547C157A4
:10FE88006373A700D1573E8582809947EDBFC55758
:10FE98006340F50655578947634AE5046557914716
:10FEA8006346E50471579D476342E5047957A547C2
:10FEB800634EE502AD47634B0502B54705C90547E3
:10FEC800BD476305E5020947CD476301E5020D47D4
:10FED800DD47630DE5001147F5476309E500154760
:10FEE8009307D0036314E500930790023E85828050
:10FEF8008547EDBF938701929C4399CB944BD04B98
:10FF08009842518F98C294439C479842D98F9CC27B
:10FF1800938781911386419205489C431747FF1F99
:10FF28000347E787144263120505884375787D18EF
:10FF38003375050188C3C846F977FD17E98FDCC614
:10FF48000100010014428967AD059CC6930700F8BB
:10FF58001746FF1F2302F684939725009305E709A8
:10FF6800BE958605ECD2C8C68280757813732500C5
:10FF78009308F8FF630B030803A8070089050D43DE
:10FF88003378180189683368180123A0070151786C
:10FF98001307E70B8E057D186311650488433375D5
:10FFA800050111683365050188C3C846F977FD174F
:10FFB800E98FDCC6010001001C42930600F8938516
:10FFC800750D23A417011736FF1F2307D67C860556
:10FFD800BA958605ECD3C8C7828088433375050176
:10FFE80088C3C846F977FD17E98FDCC60100010010
:08FFF8001C42930600F89385FA
:020000021000EC
:10000000A50423A417011736FF1F230BD6788E05EE
:10001000E1B788430568337515013365050188C369
:10002000C846F977FD17E98FDCC6010001001C42C4
:100030008966A90594C7930600F81736FF1F2301A8
:10004000D6768E051307E70941BF938701929C433B
:1000500089CFD44303A8870098423367070198C229
:10006000D447DC4B9842D98F9CC29387819183C639
:10007000C191137725009C43858A25CB98437575DC
:100080007D15698F0965498F98C3370709001307E4
:10009000670898D3372730084517D8CB37170300A0
:1000A0001307976198CF0D671307E78D98D73767C8
:1000B000000113070731D8D385C637A73F001307C0
:1000C000F74D9E0598CB938545369737FF1F23AD97
:1000D000B76C11C606069737FF1F23A7C76C82802F
:1000E000372737001307F72DE9BF37070900130734
:1000F000370898D33727100813071790D8CB37172E
:1001000003001307476298CF0D671307E78B98D753
:100110003767000113070731D8D385C637A73F00DB
:100120001307E72C98CB75779306F7FF984305489C
:100130009505758F631C050198C38E059385C503CE
:1001400069B7372737001307072DE9BF8566558F35
:1001500098C39205E5B711C9371700408357870147
:100160002168B3E70701231CF7008E059737FF1FAF
:10017000238BB7629387819122069C43498E4D8ED3
:10018000B70510004D8EF0D3F85313674700F8D32E
:10019000984391C6B7060020558F98C38280B70652
:1001A00000E0FD16758FD5BF411106C61737FF1F3A
:1001B0000347475FA1476310F7049737FF1F83C7C3
:1001C000A75F858B1736FF1F034636619736FF1FE3
:1001D00083C6A660B5C79737FF1F9387E75FC843FD
:1001E00025C1834515000905192511C58547173710
:1001F000FF1FA309F75A1737FF1F0347A75A99474D
:10020000631CF7009737FF1F93874763FC5F83C723
:10021000B70095CBEFF00FFF1737FF1F0347875845
:100220009D476312F7029737FF1F9387276183A7C4
:10023000070983C7770081CBB24041016FA0C0108E
:100240008145014555B7B2404101828013874192F3
:100250001C43B44BE19AB4CB944393E6860094C319
:100260009C438D83858B89C701000100010001003B
:100270009387819194439C4293F7F7E793E70708AC
:100280009CC29387C1929043B706CEFFFD161C46D1
:10029000F58F1CC61C4313070008B8CB9387019247
:1002A0009C4399CBD44390479842518F98C2944B2A
:1002B000DC4B9842D98F9CC29737FF1FA383074E10
:1002C0008280938741929C439C438D8BF9CB411153
:1002D00022C426C206C61737FF1F0347974C8D4717
:1002E000AA841734FF1F1304644B631BF70097376E
:1002F000FF1F9387674C9C4B01468145454582977C
:1003000019476392E4049737FF1F83C7B74999CB16
:100310009737FF1F83C70749639697009737FF1FDB
:10032000A38207488347740021476318F7009307A7
:1003300080101737FF1F2317F7462244B24092441C
:1003400041016FF0BFF09D47639FF4009737FF1F97
:1003500083C75745E1DB1737FF1F0347A7448D4786
:10036000E312F7FC65BF83467400630BD7000347B5
:1003700074006387E700834774002147E31FF7FA9F
:100380009737FF1F83C71742CDFB8347740017378A
:10039000FF1F2309F74085471737FF1FA304F740C6
:1003A00069BF8280011122CC2A8411452EC632C435
:1003B00036C206CEEFF0FFF0938781919C43B708D9
:1003C0003300D857719B13671700D8D71387419212
:1003D00008431307000A78D198431377F7E798C3C7
:1003E00098431377F7E71367071098C31387C192F1
:1003F0001843B24592460328870022463368180105
:10040000232407011308A00D23280505C9CD4C5747
:1004100013640404F5994CD71377F40780431374DD
:1004200004F8598C3747767180C31307971298C721
:1004300037575500130757551734FF1F1304043659
:10044000D8C35C48B6853CD99737FF1F238907344A
:100450009737FF1FA38507345C41F99B5CC1914727
:1004600001451737FF1FA30EF7329710FF1FE780D4
:10047000E0DE93870192984311C7544318479C428A
:10048000D98F9CC283473400858B91CB9737FF1F50
:1004900083D7473B85071737FF1F2315F73AF240ED
:1004A0006244056182804C57F5994CD71377F40765
:1004B0008043137404F8598C37C7898E80C313079F
:1004C00067EDB5B7011126CA4AC84EC6C1643709DF
:1004D000006AB70900AC22CC52C406CE0544FD1414
:1004E0001309690E9389E90C130A000205E49305C8
:1004F000000F4145EF302FC9B7B7006A4205938717
:1005000067CE5D8DF2406244D2444249B249224AEC
:1005100005618280A6850145EF302FC993178500BC
:1005200013F7071033E5270119C333E53701814776
:100530000147E145B356F50085073356F500858A36
:10054000058A6307D60005071377F70F63E4E50410
:10055000E39247FF81471306F003ED463357F5005A
:100560001377F70305CB6307C7028507E398D7FE28
:10057000135785009377F50F1377F70FE394E7F898
:10058000135705011377F70FE39EE7F6135785011D
:10059000E39AE7F605041374F40F89BF1737FF1FBA
:1005A00003473720A5476303F70C9737FF1F93874F
:1005B000E71E83C777001147630AF70A93874191C3
:1005C0009843B7C70040938707306311F70A41117A
:1005D000354506C622C426C24AC0EFF09FCE138915
:1005E0008191ED289D29EFF04FF983270900F576D9
:1005F000FD1698439384C19213844192758F98C3DA
:100600009843B70633001377F7E798C398431377F7
:10061000F7E71367071098C398401C47D58F1CC78E
:100620001C401307D00DB8CB9D25EF104036792B19
:100630002525032709001C4393F7F7E793E70708ED
:100640001CC394403707CEFF7D179C46B2409244AE
:10065000F98F9CC61C40130700082244B8CB97377B
:10066000FF1FA38007140249410182808280238EEC
:10067000019023A00192B7C700401387073023AA37
:10068000E1901387072023A2E1929387071037D7C1
:100690000040411123A6E19223ACF19006C6173722
:1006A000FF1F1307A70F8547A303F7009737FF1F07
:1006B000938707EF9C431CCF938707115CCBEFF028
:1006C000FFEDB7E700E037071000B24023A0E710C6
:1006D0003707200023A0E7104101828093874192D1
:1006E0009C431307C00893066007D8CBD4CFD8D358
:1006F0001306C003D0D7D8DBD0DFF8C31737FF1FEE
:100700001307C709184FF4C7F8DB41677D1798C76F
:100710003D673D07D8C737E700E0D5472309F70411
:100720009717FF1F938727FD93E717003CD7828019
:100730009387C19298431736FF1F1306E6079387E6
:10074000819194438347160013F8F707D9C588426F
:100750005C42137505F83365050188C213F5150071
:1007600001C993F5050341456396A5069387078361
:100770004C574168130808A093E525004CD7B3D522
:100780000703B70810FEFD18B3F70703FD8913959B
:1007900045016C43B3F51501C98D6CC39305A00FDA
:1007A0003705FCFFAA07B3D7B7026C43E98DBA0738
:1007B000B983CD8F7CC383470600898B99CB9C423C
:1007C00093F7F70713E707049C4293F707F8D98FCD
:1007D0009CC28280938787C161BF5C57F59B5CD7C1
:1007E0009C4293F707F8B3E707019CC2E9B7973734
:1007F000FF1F9387A70483A7470A85C30545828007
:100800000545B250225492540259F249624AD24AE2
:10081000424BB24B224C4561828079714AD01739E4
:10082000FF1F130969F98327890006D622D426D22F
:100830004ECE52CC56CA5AC85EC662C4F1D3138497
:1008400041921C4098430D8B05C3B84B619BB8CBBC
:1008500098431367870098C39C438D83858B89C712
:100860000100010001000100138C819103270C009D
:10087000138AC192368B1C43B7063300B28B93F7B1
:10088000F7E71CC31C43AE89AA8A93F7F7E793E7FF
:1008900007101CC303270A009734FF1F9384C4F377
:1008A0001C47D58F1CC71C401307900DB8CB97373A
:1008B000FF1F83C727F3918B89EB9735FF1F83C5F4
:1008C000A5EF93F705046398071481451735FF1FBB
:1008D000034595EEEFF0DFE51735FF1F0345C5ED46
:1008E000118501469735FF1F83C5C5EE0D89EFF0D1
:1008F000CFF503270A005C4393F7F7EF5CC30100D1
:1009000001000100010001000100010001000327B6
:100910000A005C4393E707105CC383270C0003279E
:10092000890098C70327C900D8C318408347090026
:1009300093F617005C43F99BD58F5CC39737FF1F75
:10094000A38D77E99737FF1F238967E95C43858B80
:10095000A9CFDC4085E31735FF1F0345B5E79305B5
:10096000900409059710FF1FE780A0E09737FF1F4D
:1009700023A6A7E6DC40E38507E81737FF1F0347F8
:10098000C7E52380E700DC40638E0A08638C090812
:10099000A3803701C8404E86D68509059700FF1F02
:1009A000E780E0031C40D840B8DB3545EFF07F918D
:1009B00083C7E40093E747001737FF1F2305F7E2DB
:1009C000930700041737FF1F230AF7DC9737FF1F31
:1009D000238807DCA1471737FF1FA304F7DC9737ED
:1009E000FF1F9387E7BB9C5791CB13060064C1455B
:1009F0001735FF1F034545DFEF205F8D9737FF1F3A
:100A0000A38007DA9737FF1FA38A07D81C40054742
:100A1000014598C3FDB393F5050393E51500032540
:100A200049004DBDA3800700B5BF9387C192944391
:100A3000056713071710D8C6514701007D1775FFCA
:100A4000984323260700514701007D1775FF9843FF
:100A50008567938717105CC78280411106C6EFF047
:100A6000DFFC9387C1929C43130700483703009033
:100A700098D7B8477D13370E002033776700336768
:100A8000C701B8C7B847B70600F9FD16758F370616
:100A90000004518FB8C7B8473706F9FF7D16419B50
:100AA00013679700B8C7B847B7080080B70E0002B1
:100AB000718FB8C7B847370600FF7D163367170137
:100AC000B8C7F84745757D1E619B13673700F8C7A7
:100AD000F8471377F7F813670703F8C7EC4793F560
:100AE000F58F93E50530ECC7F847718FF8C7F847E5
:100AF00011663367D701F8C703A807051307F5FF89
:100B00007D753378E8003368C80023A8070503A87B
:100B100047057D15137808FF1368C80023AA070549
:100B2000F04B13660608F0CBF04B698EF0CBC85F34
:100B3000798D2167598DC8DFCC5F37070040F58D6F
:100B4000B3E5D501CCDFD05FB70570003376C601C1
:100B5000598ED0DFD05709674D8ED0D7D057F18E40
:100B6000D4D7D45775767D16F18ED98ED4D7D45775
:100B70003706FDFF7D1637070200F18ED98ED4D7D8
:100B8000945BC19A94DB945B93F6F6F094DB945BF0
:100B900093F6F68F94DB985BB70600504D8F98DB89
:100BA000985B33776700558F98DB985FB70608FF2F
:100BB000FD16758FB7068800558F98DF985FB3686C
:100BC000170123AC1703B240410182801387C19201
:100BD0001C4341767D16B44BF18EB4CB9447370657
:100BE0002000D18E94C7D44793E60601D4C7D447DA
:100BF000BD9AD4C70100010001000100144305663D
:100C0000DC4693E70701DCC6DC42D18FDCC2938768
:100C100041929043930700057CD27C5291C783A7F1
:100C2000C609A183858BF5DB0100010001000100ED
:100C30001C43416603A7C709B44BD18EB4CB93764E
:100C4000F701B84B019B558FB8CB9847B706E0FF2B
:100C5000FD16758F98C782809387C1929C43417718
:100C60007D17B44F4166F98EB4CF9447D18E94C7A7
:100C7000D44793F6F6EFD4C7D443758FD8C3D4477F
:100C800093E60610D4C7D843518FD8C382803971F8
:100C900022DC1384C1921C4006DE26DA4AD84ED6E6
:100CA00052D456D25AD05ECE62CC66CA6AC86EC6DC
:100CB000D843FD76FD161377F7EFD8C39857758F95
:100CC00098D7D857B70602003D9BD8D79847558F7D
:100CD00098C7D84313670701D8C313878192144379
:100CE0003757341213078767E38FE648D843817478
:100CF0009384F40F799BD8C3985FB166938606F00E
:100D0000658F558F98DFD84313671700D8C39710A6
:100D1000FF1FE780E0A21C4003A707091377F70332
:100D20002388E19203A7470929831377F707A3894B
:100D3000E192D843B96693860670799BD8C3985FD1
:100D4000658F558F98DFD84313671700D8C3971066
:100D5000FF1FE780E09E1C4003A707091377F703F6
:100D60002389E19203A7470929831377F707A38A09
:100D7000E192D843B56693860630799BD8C3985FD5
:100D8000658F558F98DFD84313671700D8C3971026
:100D9000FF1FE780E09A18408327070993F7F703BE
:100DA000A388F19283274709A98393F7F707238A3A
:100DB000F1921C4003CC119383C6019303A7070A49
:100DC000B386864113F6F600419B518F23A0E70AB4
:100DD000130760023387E6021306700283A5070A31
:100DE0007D7E130EFE0F93F5F5F01305400245735B
:100DF0007D13130430023347C702B708F1FFFD1813
:100E000013082002930E10027D4FF94FF542F14373
:100E10006D4DD14B454BBD443949314AAD4AB54979
:100E20003D8B12074D8F9305500223A0E70A3387AD
:100E3000B60283A5070AB3F5C5013347C7023D8B48
:100E400022074D8F23A0E70A3387A60283A5070A4E
:100E5000370500F17D15B3F565003347C7023D8BBB
:100E600032074D8F23A0E70A3387860283A5070A3E
:100E70006144B3F515013347C7023D8B42074D8FDF
:100E800023A0E70A3387060383A5070A370810FF64
:100E90007D18B3F505013347C7023D8B52074D8FCF
:100EA00023A0E70A3387D60383A5070AB70E0010ED
:100EB000FD1EE98D3347C7023D8B62074D8F23A08E
:100EC000E70A139756003347C7029315C70103A7D4
:100ED000070A3377D7014D8F23A0E70A3387E6034C
:100EE0005D4F3347C7029375F70003A7470A419B3D
:100EF0004D8F23A2E70A3387F60383A5470AD94F0C
:100F000093F5F5F03347C7023D8B12074D8F23A2AF
:100F1000E70A3387560283A5470AD542B3F5C501D0
:100F20003347C7023D8B22074D8F23A2E70A338741
:100F3000760283A5470ACD43B3F565003347C70260
:100F40003D8B32074D8F23A2E70A3387A60383A583
:100F5000470A494DB3F515013347C7023D8B420798
:100F60004D8F23A2E70A69473387E60283A5470A24
:100F7000B3F505013347C7023D8B52074D8FE54559
:100F800023A2E70A3387B60283A5470AE98D3347D0
:100F9000C7023D8B62074D8F23A2E70A3387860283
:100FA0000D443347C7029315C70103A7470A337798
:100FB000D7014D8F23A2E70A3387E603254F334736
:100FC000C7029375F70003A7870A419B4D8F23A49F
:100FD000E70A3387F60383A5870A9D4F93F5F5F05B
:100FE0003347C7023D8B12074D8F23A4E70A33878F
:100FF000560283A5870A9942B3F5C5013347C70254
:101000003D8B22074D8F23A4E70A3387760383A500
:10101000870AB3F565003347C7023D8B32074D8F12
:1010200023A4E70A3387760283A5870A9543B3F59D
:1010300015013347C7023D8B42074D8F23A4E70AB2
:101040003387A60383A5870A294DB3F505013347E6
:10105000C7023D8B52074D8F23A4E70A33876603EF
:1010600083A5870AE98D3347C7023D8B62074D8F01
:1010700093954600B3C5C50223A4E70A03A7870AD0
:101080003377D701F2054D8FB385960223A4E70A83
:1010900003A7C70A419BB3C5C502BD894D8F23A6CF
:1010A000E70A3387260383A5C70A93F5F5F033478C
:1010B000C7023D8B12074D8FB3C5860223A6E70AF0
:1010C00003A7C70A3377C701BD89A2054D8F23A6A1
:1010D000E70A3387460383A5C70AB3F5650033479C
:1010E000C7023D8B32074D8F23A6E70A338756038D
:1010F00083A5C70AB3F515013347C7023D8B4207E5
:101100004D8F23A6E70A3387A60383A5C70AB3F545
:1011100005013347C7023D8B52074D8F23A6E70ACF
:101120003387E60383A5C70AE98D3347C7023D8BA2
:1011300062074D8F93953600B3C5C50223A6E70A13
:1011400003A7C70A3377D701F2054D8FB385F6039E
:1011500023A6E70A03A7070B419BB3C5C502BD89B8
:101160004D8F23A8E70A3387560283A5070B93F513
:10117000F5F03347C7023D8B12074D8F23A8E70ACE
:101180003387760283A5070BB3F5C5013347C70242
:101190003D8B22074D8F23A8E70A1397260033477C
:1011A000C70283A5070BB3F565003D8B32074D8F52
:1011B000B3C5360323A8E70A03A7070B3377170144
:1011C000BD89C2054D8F23A8E70A13971600334740
:1011D000C70283A5070BB3F505013D8B52074D8F61
:1011E000B3C5C60223A8E70A03A7070B698FBD8909
:1011F000E2054D8F23A8E70A03A7070B930580029A
:101200003377D70123A8E70A03C721933307EC40BC
:10121000B34DB70283AC470B93FC0CFFB34B770382
:1012200093FDFD00B3ECBC0123AA970B83AC470BE5
:10123000CD4D93FCFCF093FBFB00920BB3EB7C01D8
:1012400023AA770BB30B870283AC470BB3FCCC010B
:10125000B3CBBB0293FBFB00A20BB3EB7C01B34C03
:10126000A70323AA770B83AB470BB3FB6B0093FC5D
:10127000FC00B20CB3EB9B0123AA770BA14BB34B41
:10128000770383AC470BB3FC1C0193FBFB00C20B41
:10129000B3EB7C0123AA770BB30B570283AC470B4C
:1012A000B3FC0C01B3CBBB0293FBFB00D20BB3EB43
:1012B0007C0123AA770BB30BF70383AC470BB3FC7A
:1012C000AC00B3CBBB0293FBFB00E20BB3EB7C01A6
:1012D000B34C770223AA770B83AB470BB3FBDB013D
:1012E000F20CB3EB9B01B30CE70323AA770B83ABA0
:1012F000870B93FB0BFFB3CCBC02B30A570393FCE1
:10130000FC00B3EB9B0123AC770B914B83AC870BB9
:1013100093FCFCF0B34B7703330A470393FBFB00CA
:10132000920BB3EB7C0123AC770B83AB870BD54CD3
:10133000B3FBCB01B3CABA02B309370393FAFA007D
:10134000A20AB3EA5B0123AC570B83AA870BD94BE4
:10135000B3FA6A00334ABA0233092703137AFA0050
:10136000320A33EA4A0123AC470B03AA870BE14A4E
:10137000337A1A01B3C9B902B304970293F9F90099
:10138000C209B3693A0123AC370B83A9870B654ABD
:10139000B3F909013349B902B3C4B4021379F900AE
:1013A000520933E9290123AC270B03A9870BE9492B
:1013B0003379A900330B6703BD88E204B364990055
:1013C0001319470023AC970A83A4870BB3F4D40105
:1013D0003349B902334BBB027209B3E4240123AC95
:1013E000970A83A4C70BC198137BFB0033EB6401FE
:1013F000C944B304970223AE670B03A9C70B5D4B27
:101400001379F9F0B3C4B402BD889204B3649900AF
:1014100023AE970AB304B70303A9C70BF54D33797D
:10142000C901B3C4B402BD88A204B364990023AE59
:10143000970A8944B344970203A9C70B337969001B
:10144000BD88B204B364990023AE970AB30497032E
:1014500003A9C70BF94C33791901B3C4B402BD8891
:10146000C204B364990023AE970AB304770303A9B7
:10147000C70BFD4B33790901B3C4B402BD88D20454
:10148000B364990023AE970AB304670303A9C70B9B
:10149000130B10023379A900B3C4B402BD88E2046F
:1014A000B364990023AE970AB304570303A9C70B8B
:1014B000930A20023379D901B3C4B402F204B364AD
:1014C000990023AE970AB304470303A9070C130A34
:1014D0003002137909FFB3C4B402BD88B364990024
:1014E00023A0970CB304370303A9070C9309400208
:1014F0001379F9F0B3C4B402BD889204B3649900BF
:101500006D4923A0970CB304270303A9070C337973
:10151000C901B3C4B402BD88A204B364990023A076
:10152000970CF144B304970203A9070C33796900BF
:10153000B3C4B402BD88B204B364990023A0970C6D
:10154000B304B70303A9070C33791901B3C4B40278
:10155000BD88C204B364990023A0970CB304970319
:1015600003A9070C33790901B3C4B402BD88D204BE
:10157000B364990023A0970CB304770303A9070C65
:101580003379A900B3C4B402BD88E204B3649900FE
:1015900023A0970C93145700B3C4B4021399C40149
:1015A00083A4070C3306C702B3F4D401B3E42401C7
:1015B00023A0970C03A9470C137909FFB304670311
:1015C000B3C4B402BD88B364990023A2970CB304DA
:1015D000570303A9470C1379F9F0B3C4B402BD88CB
:1015E0009204B364990023A2970CB304470303A9A0
:1015F000470C3379C901B3C4B402BD88A204B364F3
:10160000990023A2970CB304370303A9470C33793D
:101610006900B3C4B402BD88B204B364990013096D
:10162000500223A2970CB304270303A9470C337974
:101630001901B3C4B402BD88C204B364990023A2E3
:10164000970C93046002B304970203A9470C337903
:101650000901B3C4B4023346B602BD88D204B364F0
:10166000990023A2970C83A4470CE98C3D8A62065B
:10167000458E23A2C70C03A6470C9314C7013376EB
:10168000D601458E23A2C70C130690023306C7026B
:1016900083A4870CC1983346B6023D8A458E23A4A5
:1016A000C70C1306A0023306C702B345B60203A651
:1016B000870C1376F6F0BD899205D18D23A4B70C63
:1016C00083C5419303C651933386C540B304A60333
:1016D00003A9870C3379C901B3C4E40293E48400FD
:1016E000BD88A204B364990023A4970CB304E60355
:1016F00003A9870C33796900B3C4E40293E484003E
:10170000BD88B204B364990023A4970C93143600E7
:10171000B3C4E40203A9870C3379190193E484006C
:10172000BD88C204B364990023A4970CB304F603E4
:1017300003A9870C33790901B3C4E40293E484005C
:10174000BD88D204B364990023A4970CB304560255
:1017500003A9870C3379A900B3C4E40293E484009D
:10176000BD88E204B364990023A4970CB304760205
:1017700003A9870C3379D901B3C4E40293E484004C
:10178000F204B364990023A4970C93142600B3C405
:10179000E40203A9C70C137909FF93E48400BD8810
:1017A000B364990023A6970CB304860203A9C70C5F
:1017B0001379F9F0B3C4E40293E48400BD88920481
:1017C000B364990023A6970C93141600B3C4E402E3
:1017D00003A9C70C3379C9013347E60293E48400B7
:1017E000BD88A204B364990023A6970C03A6C70C76
:1017F00033766600136787003D8B3207518F23A62F
:10180000E70C03A7C70C3377170123A6E70C03C720
:1018100031930D8F3346D70293F5F507E2053D8AE4
:101820009314460103A6C70C3304870233760601DE
:10183000458E23A6C70C1316170083A4C70CE98C8A
:101840003346D6023D8A6206458E23A6C70C03A600
:10185000C70C3344D402B37ED60113162700B3035A
:101860007702720433E48E0023A6870C3346D60237
:10187000B3025702937EF60003A6070D419A336622
:10188000D60123A8C70C03A6070DB3C3D302137652
:10189000F6F0B3C2D20293F3F3009203B36376007F
:1018A00023A8770C03A6070D337EC601B30FF703F9
:1018B00093F2F200A202B3625E0023A8570C03A6C3
:1018C000070D3373660013163700B3CFDF02330FF3
:1018D000E70393FFFF00B20FB36FF30123A8F70DE7
:1018E00003A3070DB37813013346D602330DA703C4
:1018F0003D8A420633E6C80023A8C70C03A6070D9D
:1019000033780601334FDF02B346DD02137FFF0059
:10191000520F336FE80123A8E70D03A7070D798D58
:10192000BD8AE206C98E23A8D70CD84385663D9BA5
:10193000D8C3D843799BD8C39857558F98D7D857D1
:10194000B7060081FD1613670701D8D71377FC038C
:1019500003AC8703137C0CFC336CEC0023AC8703D3
:10196000985F758FD98D8CDF6254F250D2544259F2
:10197000B259225A925A025BF24B624CD24C424DFF
:10198000B24D2161828023A401926FF08FC2138730
:10199000C1921443DC4293F7F7EFDCC2010001006F
:1019A00018435C4393E707105CC38280411106C66D
:1019B000F92D93056040EF10D07EB2400145410102
:1019C00082806F00807219C591C509C683570600D1
:1019D00001459DE301110565C9471306F100130593
:1019E00055C3854506CEA307F100EF10507BF240AA
:1019F0000345F10005618280828001119727FF1F56
:101A00002384A7E805651306F100130595C48545F1
:101A100006CEA3070100EF109078F2400345F100D5
:101A20000561828001111305910006CEDD25230496
:101A3000A1000565300025059D45EF105076F24068
:101A4000034581000561828001111305D10006CE96
:101A5000DD252306A1000965700009059145EF10F9
:101A60001074F2400345C10005618280011106CE69
:101A7000F525A307A10009651306F10015058545A5
:101A8000EF10F071F2400345F10005618280011111
:101A900006CEEF00A077A307A10009651306F100A9
:101AA00029058545EF10B06FF2400345F10005614F
:101AB0008280011106CEEF001005A307A100096581
:101AC0001306F10039058545EF10706DF2400145B0
:101AD00005618280011106CEEF00503EA307A100F0
:101AE00009651306F10041058545EF10506BF24082
:101AF0000345F10005618280011106CEEF00301C24
:101B0000A307A10009651306F10045058545EF10FF
:101B10001069F2400345F10005618280411106C65B
:101B200022C4EF0090228965CD052A84EF107067EA
:101B30002285B240224441018280011113055100E7
:101B400006CEEF00F03C2302A100096550006105BC
:101B5000A545EF10D064F240014505618280411136
:101B600006C6EF00503E8965E505EF109063B24070
:101B7000014541018280011106CE22CC2A84EF006A
:101B8000B0512306A1000965A306810070002180E1
:101B900069058D4523078100EF107060F2406244B3
:101BA000014505618280011106CE22CC2A84EF0016
:101BB00070612306A1000965A306810070002180E1
:101BC0006D058D4523078100EF10705DF240624482
:101BD000014505618280011106CE22CC2A84EF00E6
:101BE00000752306A1000965A3068100700021800D
:101BF000130505028D4523078100EF10505AF2406E
:101C00006244014505618280011106CE22CC2A84FE
:101C1000EF00F0062306A1000965A306810070000D
:101C20002180130515028D4523078100EF103057E1
:101C3000F2406244014505618280011106CEEF0049
:101C4000705DA307A10009651306F1001305750275
:101C50008545EF10D054F2400345F10005618280C4
:101C6000011106CEEF005066A307A1000965130617
:101C7000F100130595028545EF107052F2400345BF
:101C8000F10005618280011106CEEF00B068A30764
:101C9000A10009651306F1001305D5028545EF1073
:101CA0001050F2400345F10005618280011106CE1B
:101CB000EF00506CA307A10009651306F10013059E
:101CC000E5028545EF10B04DF2400345F100056196
:101CD0008280011106CEEF00D06EA307A100096536
:101CE0001306F100130515038545EF10504BF24024
:101CF0000345F10005618280011106CEEF104024FA
:101D0000A307A10009651306F100130575038545B6
:101D1000EF10F048F2400345F100056182800111A7
:101D200006CEEF10C038A307A10009651306F10025
:101D3000130585038545EF109046F2400345F100F9
:101D400005618280011106CEEF106050A307A1004B
:101D500009651306F100130595038545EF1030441E
:101D6000F2400345F10005618280011106CEEF10BB
:101D70008068A307A10009651306F1001305E503B8
:101D80008545EF10D041F2400345F10005618280A6
:101D9000011106CEEF106075A307A10009651306B7
:101DA000F1001305F5038545EF10703FF240034540
:101DB000F10005618280011106CEEF105009A307E2
:101DC000A10009651306F100130505048545EF1010
:101DD000103DF2400345F10005618280011106CEFD
:101DE000EF103018A307A10009651306F1001305D1
:101DF00025048545EF10B03AF2400345F100056136
:101E000082809727FF1F239BA7A60145828001118F
:101E100006CEEF10D01FA307A10009651306F1003D
:101E2000130515058545EF109037F2400345F10085
:101E300005618280011106CEEF10B026A307A10034
:101E400009651306F100130525058545EF103035AA
:101E5000F2400345F100056182805D711303D103F7
:101E60001AD20343010786C61AD00343C1061ACE0D
:101E7000034381061ACC034341061ACA03430106F1
:101E80001AC80343C1051AC6034381051AC40303D4
:101E900041051AC2034301051AC0EF001057230E73
:101EA000A10209657018130565038945EF10302FED
:101EB000B6400345C103616182809727FF1F83D726
:101EC000879899E79307F01F1727FF1F231DF796A1
:101ED0009727FF1F83D72797A146014513F70710C0
:101EE0008607C2073357D740C183598D13D6574051
:101EF00013D79740318F058BFD161375F50FD98FCA
:101F0000F1FE1727FF1F2310F79482809727FF1FEA
:101F100083D7879381EBE17793C7F7FF1727FF1FDD
:101F20002314F7929727FF1F83D70792B9460145DD
:101F30001168194633F707018607C2073357D740A0
:101F4000C183598D13D7E74093D5F700058B2D8FAB
:101F5000FD161375F50FD98FE39EC6FC1727FF1FDB
:101F60002314F78E8280011126CA4AC84EC656C273
:101F70009727FF1F9387878206CE22CC52C45AC070
:101F8000AE893289B68AC44B35C9AD472A8463EE1F
:101F9000A7021304F5FF1374F40F631D0906268AC4
:101FA000338B990063124B071379F9009386FAFF7C
:101FB000228523802401A380340193F6F60F4E86F8
:101FC0008545EFE02FBE014505A0B147630BF50243
:101FD0009307600263E5A7001304E5FF6DBF930755
:101FE00070024945E30BF4FAF2406244D24442499C
:101FF000B249224A924A024B056182801304500280
:1020000069BF1304600251BFEFF03FEB2301AA0048
:10201000050A49BF8547631CF9004E869305000FEA
:102020001385240097F0FE1FE780E09EB5BF894727
:102030006316F9004E869305A00ADDB78D47631D30
:10204000F900268A338B9900E3004BF7EFF01FEC81
:102050002301AA00050ACDBF91476316F9004E86F9
:102060009305F00F75BF95476315F9004E868145BE
:1020700045BF99476315F9004E86BD4555B79D4745
:102080004945E313F9F64E869305500551BF0111FA
:1020900006CE9317450163D40702EF70504289477B
:1020A00019C9834605001147B1476396E600954775
:1020B0002300F500C947F2403E85056182802EC6A7
:1020C000EF70306AC94765D90347A500418B65D7D2
:1020D000B2458347B500230AB50491E7E9472308D1
:1020E000F5008147C9BFED47DDBF011106CE22CC07
:1020F0002EC6EF70106701CDB2452A84EF70704E86
:10210000A305A4020145F24062440561828049456D
:10211000DDBF1717FF1F1307677281479946834575
:10212000870E3306F50085072300B6000507E39800
:10213000D7FE014582809717FF1F9387674603D715
:1021400007012300E50003D707012183A300E50071
:1021500083C7F7002301F5000145828019E1494555
:1021600082809717FF1F9387676DF84B411122C438
:1021700006C62A8409C70347C700314525E3F85F2F
:1021800009C70347B700314531EB83A7070989C762
:1021900083C777003145B9E385471946A2851715EE
:1021A000FF1F130585781717FF1F230AF76897F09D
:1021B000FE1FE780C082834754001307000C93F78B
:1021C000070C6391E7021946A2851715FF1F130537
:1021D000257697F0FE1FE78080800145B2402244BB
:1021E0004101828081EB1946A2851715FF1F130557
:1021F0008574C5B7130700044945E391E7FE194606
:10220000A2851715FF1F13056573E1B7411126C29B
:102210009714FF1F9384846222C4E04806C611C449
:102220007C4813974700634C070CFC5099E74945DD
:10223000B240224492444101828009ED1305000F0F
:10224000EF6070616DD58347C500F5D3EF70E00492
:102250000145F9BF0547E31CE5FC15EC01458297F4
:102260002A8445C18567938707802310F502930769
:1022700000702317F5008D47230CF500A30A050213
:1022800019469715FF1F9385E5691305650397E0C8
:10229000FE1FE780C0740347C4008547E309F7F8D1
:1022A0008347E400B98B95C30347E400854763186F
:1022B000F70289472310F402224403A38406B240A4
:1022C00092441305000F41010283EF7050219717CC
:1022D000FF1F83C7572E8D8BE318F5FC89BF8357EB
:1022E000040211676375F7002310E402F1B7930647
:1022F00000023E87E3FAD7FE13070002F5B7314527
:1023000005BF1D4535B79717FF1F9387275383A731
:102310000709314581CF83C7770089CB411106C6B4
:10232000EF80A01AB24001454101828082800111F4
:1023300026CA4AC84EC652C456C25AC02E89368BC7
:10234000BA89BE8A06CE22CCB284428AEF7070412E
:102350001307A9FF4207856741839386A7C763EEEA
:10236000E610938707C82A84494563E8970A63E61D
:10237000240B1307301F6362670B63E0370B93076F
:102380001B00B387970213973900860763D7E708C6
:1023900049C48347140113F747003DC7ED9BA308C9
:1023A000F4008347B400231A2407231B9406D5EFB7
:1023B00003578406C167FD17630BF7066319990677
:1023C0008357A403231BE404231CF4049717FF1F63
:1023D00083D7C7518D46114763E5F600850713F78C
:1023E000F70FA30AE4042285EF70901183570404C9
:1023F000A907231FF4048327440A93E71700232225
:10240000F40AC547A30EF400231C5407231D4407F8
:10241000231D6405231E34050145F2406244D24465
:102420004249B249224A924A024B0561828083574F
:10243000440691CFB3D4F4024A87B3879702C20708
:10244000C1836373F9003E87231CE40441B7B305DD
:10245000990085814A85EF104FD5231CA40493056C
:1024600084052685EF40505495B78327840A93E767
:1024700007022324F40AC14771B7494579BF011106
:102480002EC606CEEF70F02DB24509E54945F24063
:102490000561828083471501A305B50213F7470044
:1024A00075D7ED9BA308F500BD472306F5028327EA
:1024B000850A93E727002324F50A0145C9BF1717AA
:1024C000FF1F1307A7377C4B81CB83C6C70089C684
:1024D00083C6D700C947A1E27C5F89CB83C6B7001A
:1024E00091C683C60701C947858A95E683270709F0
:1024F00081CB03C7770009C703C7D700C94701EFDE
:102500001717FF1F0347473F9717FF1F83C7D73E84
:10251000636AF7009D473E8582809D47F2403E8575
:10252000056182800111A304A10019461305A100D1
:1025300006CE97E0FE1FE780804A2800EFD00FEE1E
:102540008547E31CF5FC8147D1BF797126D24AD07B
:102550004ECE06D622D42E89B28936C63AC43EC2A1
:1025600042C0EF701020C94455C99305A9FFC205A8
:1025700005662A84C1811305A6C7C9446360B50AEC
:10258000130606C8636C360963EA2909B246930547
:10259000301F63E5D50822476362E60813861600FC
:1025A0003306260393153700635AB6060346140113
:1025B000B144058A25E60326440A1376162039EE2F
:1025C00092470248231EE4040347B400231CF40688
:1025D000231A2407231B3407231D0407231DD404B7
:1025E0008347D401814459EF95EB83270410898BED
:1025F00095CF31469305F00F1305840697E0FE1F33
:10260000E78060418327440A2314040693E70720E8
:102610002322F40AC947A30EF4008144B250225485
:10262000268502599254F249456182806309390531
:10263000B385290185814A85EF102FB7231CA40497
:10264000930584054E85EF4030369717FF1F83D7DB
:10265000E7298D46114763E5F600850713F7F70F65
:10266000A30AE4042285EF70A06983570404A90734
:10267000231FF4048327440A93E7170051BF231C48
:102680002405E1B7C1FF83278410898B95C73146A4
:102690009305F00F1305840697E0FE1FE780A0372F
:1026A0008327440A2314040693E707202322F40A0D
:1026B000CD47A30EF4009DB7E9448DB79717FF1FD0
:1026C0009387C717F84B01CB8346C70089C60347DA
:1026D000D70049450DEFF85F09CB8346B70091C697
:1026E000034707014945058B1DE383A7070981CBF4
:1026F00003C7770009C783C7D700494589EB411154
:1027000006C6EFD06FDDB240014541018280828074
:10271000411122C426C24AC006C62A890144A144E6
:102720009305F00F0545EF100FA6B307890023802E
:10273000A7000504E31694FEB240224492440249E5
:10274000014541018280011122CC4AC806CE26CA29
:102750002EC632893684EF70D000630D0512834790
:10276000B500AA84B2450945DDEB21461385F4186E
:1027700097E0FE1FE780A026A38B24191359890038
:10278000238C24198347E4000346D4008345F400D6
:102790008346C400A207420603C5C404B297AE979D
:1027A000E20603A7440AB69749C123A6F40A834761
:1027B000A4008346940013670702A207C206B697D7
:1027C0008346B400B69783468400E206B69723A8F2
:1027D000F40A8347640083465400A207C206B697F2
:1027E00083467400B69783464400E206B69723AA50
:1027F000F40A8347240083461400A207C206B69752
:1028000083463400B69783460400E206B69723ACAD
:10281000F40A8547A386F40423A2E40A0145F240A2
:102820006244D24442490561828023A6F40C834766
:10283000A4008346940013678700A207C206B697D8
:102840008346B400B69783468400E206B69723A871
:10285000F40C8347640083465400A207C206B6976F
:1028600083467400B69783464400E206B69723AACF
:10287000F40C8347240083461400A207C206B697CF
:1028800083463400B69783460400E206B69723AC2D
:10289000F40C59B7094561B7011106CE2EC6EF7089
:1028A000406C630F05108346B5000547AA87B24503
:1028B00005456391E60A83C60701130740020145F7
:1028C000639AE60803C7E50083C6D5002207C2065F
:1028D000369783C6F500369783C6C500E20636975D
:1028E00083C6D704BDCA23A6E70A03C7A50083C6CB
:1028F00095002207C206369783C6B500369783C671
:102900008500E206369723A8E70A03C7650083C659
:1029100055002207C206369783C67500369783C6D0
:102920004500E206369723AAE70A03C7250083C6B7
:1029300015002207C206369783C63500369783C630
:102940000500E206369723ACE70A1307A0022388A6
:10295000E7000145F2400561828023A6E70C03C72A
:10296000A50083C695002207C206369783C6B50028
:10297000369783C68500E206369723A8E70C03C77F
:10298000650083C655002207C206369783C67500C8
:10299000369783C64500E206369723AAE70C03C79D
:1029A000250083C615002207C206369783C6350068
:1029B000369783C60500E206369723ACE70C71B75D
:1029C000054549BF411106C6EF70A05931C1834684
:1029D000B5000547AA8709456399E60283C6070142
:1029E000130740026393E6020D472386E702194767
:1029F000A385E702130750022388E70003C7A70255
:102A00000145136717002385E702B2404101828028
:102A10000945E5BFAA871718FF1F034838E21715B5
:102A2000FF1F1305A5E12A8763080802684911C53D
:102A30000348C500314563180808685F11C503489D
:102A4000B5003145631108080325070911C503487E
:102A500075003145631908069718FF1F83C848EAB7
:102A60001718FF1F0348D8E91D4563FE0805032713
:102A7000870D49451377070439C75D71A6C2280041
:102A8000B284194686C6A2C4A303F100368497E037
:102A9000FE1FE780C0F4A6851305E102414697E0DA
:102AA000FE1FE780C0F3A2851305E101414697E0D0
:102AB000FE1FE780C0F24800EF809047B6402644F2
:102AC00096446161828082809716FF1F83C616D765
:102AD0008DCA1717FF1F130767D6BA87784B09C728
:102AE0000347C700494515E7F85F09C70347B70023
:102AF000494505E383A7070989C783C77700494587
:102B000089EB411106C6EF803058B24001454101C2
:102B1000828082809717FF1F938747D29716FF1FE7
:102B200083C6D6D13E8785C6FC4B89C783C6C700FE
:102B3000C94785EE7C5F89C783C6B700C94795E65C
:102B40008327070989C783C67700C94799EE971776
:102B5000FF1FA385A7CE8327070E11C993E7076040
:102B60001717FF1F232CF7DA81473E85828093F7E2
:102B7000F79FFDB7130700643305E502411197176E
:102B8000FF1F9387A7CB22C403A4870C26C24AC089
:102B900006C6BE841309F00F1717FF1F232AA7CC00
:102BA00001E8B24022449244024901454101828039
:102BB0000345040063052501CC58EF008FE5405C18
:102BC000C5B79717FF1FA387A7CA937715001717D5
:102BD000FF1F1307A7C681EF8347C703ED8F6384E9
:102BE000B700494582809716FF1F2386F6C8937762
:102BF0002500014591EB8347D703F18FE393C7FE8F
:102C00009717FF1FA389C7C682805D71A6C297145C
:102C1000FF1F9384A4C203A34405CAC04EDE62D43E
:102C200066D26AD086C6A2C452DC56DA5AD85ED6BC
:102C30006ECE030C41058349810503490106834C8F
:102C4000C106034D0107630903020323430513145F
:102C50005300635304023143B64026449644064968
:102C6000F259625AD25A425BB25B225C925C025DBC
:102C7000F24D1A85616182800D4E4943E36EFEFC80
:102C800093FD0501638D0D08054EE397C9FD3AC616
:102C9000468B42C43EC2B68BB28A2E842AC0EF60F5
:102CA000803B2A8A324719E9FC50054582972A8AD7
:102CB0001D435DD1824732472304F500930500028E
:102CC0006391BB028D456310B90A0355CA01930590
:102CD000900F13035004E3E1A5F80355EA01E3ED77
:102CE000A5F69375F40F2300BA0663810D1C3D8889
:102CF00015456312A408130510F82307AA004543DD
:102D0000E3EC5BF57D454543E37855F51165E365F7
:102D100075F533865B0105822310CA02B5A093FEC8
:102D200035004943E38ACEF393FE8500E3960EF225
:102D30006392C90303C3C40313734300E30D03F099
:102D4000E30739F50943E31469F403C3C4031373B8
:102D5000230039A0E318C9FF03C3C403137343005E
:102D6000E31703F2CDBD8545E31DB9F60355CA014E
:102D70009305D02EB9BF35456310A41285462307AD
:102D8000DA0089462310DA02A307EA006315071662
:102D90000547230CEA0093F5050281E59247A30A53
:102DA000FA02194681455A8597E0FE1FE780C0D098
:102DB00063140516A2470547230EEA02A30EFA0282
:102DC0001946DA851305EA0397E0FE1FE78020C164
:102DD00003470105A306EA001307F0076311EC148B
:102DE0001707FF1F1307C77B03474701D6572380E9
:102DF000E70003055A01EFD00F8A2304AA06EFD09B
:102E0000CF82D657A30AAA000D472380A70063915B
:102E1000E912638D0C0093F61C0099C603C7C40326
:102E2000218B19E3E3893CE32305DA0609472302F2
:102E3000EA060347C105A302EA0603470A06418BD7
:102E40001DEB1307F9FF1377F70F89464943E3E5B5
:102E5000E6E08D466313D90E630D0D0013761D0059
:102E600019C683C6C403A18A99E2E3062DDFA30530
:102E7000CA06A301EA0603474106B7060008014354
:102E8000A300EA0603478106A303EA0603274A05CF
:102E9000558F232AEA04C9B309456314A4001945D0
:102EA000A9BDE30C04E423070A0091BD1D452307D7
:102EB000AA0013F8150013F54500630B080011482C
:102EC00011C10548A30F0A050545230FAA0405BD36
:102ED00013F8250063090800094811C11548A30F1C
:102EE0000A050945DDB70D4811C11948A30F0A05A8
:102EF000230F0A0429B5230C0A0081460D453356D9
:102F0000D740058A11C603468A010506230CCA006C
:102F10008506E396A6FE41B5230E0A0255BD194764
:102F200063458701A30A8A01E9B5A30AEA00D1B57E
:102F300023050A0623020A06EDBDA3050A0615BFEE
:102F40009717FF1F9387878FF04B01114EC606CE50
:102F500022CC26CA4AC852C4BE8911C67C4A1396DE
:102F60005700634E06003A8AB6842E89EF60A00EA1
:102F70002A8419ED83A749051305200491C331451F
:102F8000F2406244D2444249B249224A05618280F9
:102F90000347E500854701453D8BE303F7FE034703
:102FA0000406418B41CB8D476304F9004945C9BFF5
:102FB000FD47E3ED97FE231E04008D476316F90CD1
:102FC000C5CC8357C4011717FF1F0357C78E1D4574
:102FD000B3869700E346D7FA0347C40015C7835664
:102FE0000402130700026391E602034734068D468C
:102FF0006319D70A1307900F13055004E362F7F81B
:103000008357E401E36EF7F68D471D45E31AF9F6A1
:103010009305800C0545EF001F978357C4061205E2
:10302000232444038507BD8BC98F2316F406231E72
:10303000940089A81377D90FE30FF7F611476315AA
:10304000E904784893167700E3C206F60347C40004
:10305000E31EF7F48357C401B1DBA9F89305800C94
:103060000545EF005F928357C40612058507BD8BA7
:10307000C98F2316F40639A07C48370700FF7D1757
:10308000F98F7CC80145EDBD9307D9FF93F7F70F82
:103090000547E378F7F299D88347C400E393E7F252
:1030A000F9BD8546E312D7F61307D02EB1B79707BF
:1030B000FF1F9387A778F04B01114EC606CE22CC96
:1030C00026CA4AC852C4BE8911C67C4A1396570004
:1030D000634E06003A8AB6842E89EF50D0772A8450
:1030E00019ED83A749051305200491C33145F2402A
:1030F0006244D2444249B249224A05618280034770
:10310000E500854701453D8BE303F7FE03470406D1
:10311000418B55CF8D476304F9004945C9BFFD4731
:10312000E3ED97FE231F04008D47631CF90EF5C0E5
:103130008357E4011707FF1F0357E7771D45B38641
:103140009700E346D7FA0347C40015C78356040225
:10315000130700026391E602034734068D466310AD
:10316000D70E8356C4011307900F13055004E36074
:10317000D7F8E36EF7F68D471D45E31AF9F65C5470
:103180008DC783476406898B8DC3085819CD834743
:10319000A50081CFEF8020540C5819461305640315
:1031A000B10597E0FE1FE78080839305800C0545FD
:1031B000EF006FFD8357C4061205232644038507DD
:1031C000BD8BC98F2316F406231F940089A813779B
:1031D000D90FE309F7F411476315E904784893160A
:1031E0006700E3CC06F20347C400E318F7F2835705
:1031F000E40185D79DF09305800C0545EF00AFF8FD
:103200008357C40612058507BD8BC98F2316F406A4
:1032100039A07C48370700FE7D17F98F7CC801452F
:10322000F9B59307D9FF93F7F70F0547E372F7F066
:10323000E38504EE8347C400E39CE7EE45BD854685
:10324000E31BD7F28356C4011307D02E39BF5D713B
:10325000A6C29704FF1F9384645E03A8440586C634
:10326000A2C4CAC04EDE52DC56DA5AD85ED662D448
:1032700066D26AD06ECE630808028327480513948D
:103280005700635204023145B6402644964406492D
:10329000F259625AD25A425BB25B225C925C025D86
:1032A000F24D616182803AC632C493771500B689C7
:1032B00089C7639105104945C1BF91E9A04C19E048
:1032C0000145D9B72285EF50507D0040CDBFE309BD
:1032D00008FE4285EF50707CE5B77849B7070003D8
:1032E0007D8F55F30347F505630487016315970147
:1032F00003D7EA0149DB03C75A036301270903C760
:10330000EA0063192701131714004E9703570700AB
:10331000E3E3EDFAB8547D141374F40F45CB931620
:103320001A00B69903D70900B2479305800C23977A
:10333000EA063E9A03470A00054523980A06A38435
:10334000EA06EF004FE403D7CA0612052644050734
:103350003D8B498F2396EA0603A3840603C50B0021
:10336000B64096440649F259625AD25A425BB25B61
:10337000225C925C025DF24D61610283138B8A05CF
:10338000194681455A8597D0FE1FE780E072631980
:1033900025011946EA855A8597D0FE1FE7802064EB
:1033A000194681455A8597D0FE1FE780E070E318E3
:1033B00025F511B7FD1513F4F50F094C954C05498A
:1033C000170DFF1F130D6D56930D00089307F00F97
:1033D000E303F4EEA247228AB38B870003C50B00F8
:1033E000EF507047AA8AE31A05EEFC481305200443
:1033F000E39B07E851BD9707FF1F93872744FC4BCA
:1034000095C3FC4B13975700635E0700B1473E8599
:103410008280B147F2406244D2444249B2493E857B
:1034200005618280011122CC26CA4AC84EC606CE4A
:10343000B6893289AE84EF5010422A849307200463
:1034400071D9C947E36899FC1547E37597FC0347B1
:103450000506137737035DFF8347E505DDFB7C49F0
:10346000918BC5FBEF20F00E79479D47E374A7FAD7
:103470008347340609476391E706835744081307D7
:10348000D02E6373F7021307C00293075004E3734F
:1034900027F9794793075004E37E27F741479307BD
:1034A0005004636B2701BDB71307301FE363F7FEBA
:1034B0001307900FE364F7FE7C4883460406CA9422
:1034C00093E727008584B3E9D9007CC823139408C7
:1034D0002300340781473DBFE5F3035744089307B2
:1034E000D02EE3FBE7FC19475DBF9707FF1F9387CB
:1034F000E734FC4B81CBFC4B139757006354070018
:1035000031458280011122CC26CA4AC84EC606CE59
:10351000B6893289AE84EF5010342A841305200412
:10352000630904107C48898BB9CB8347340609476B
:103530006395E70C835744081307D02E6379F7028D
:10354000035764089307C0021305500463F3E70EA2
:1035500003576408F9471305500463FCE70C03574D
:103560006408C1471305500463EBE700D9A01307B3
:10357000301FE36FF7FC1307900FE362F7FE93F73A
:10358000D40F0547639EE70A0325840A19C597E00F
:10359000FE1FE780602A2324040A2312040863091B
:1035A00009067C48918BB5EF8D476393F40893052A
:1035B00050104A8597E0FE1FE780A01B2324A40A31
:1035C00025C97C4893F7074091CF9305800C0545AA
:1035D000EF006FBB8357A40812058507BD8BC98F09
:1035E0002315F4080325840A4A86CE8597D0FE1F4A
:1035F000E780E03E231224091DA0D1F303574408BD
:103600009307D02EE3FDE7F603576408994799BF67
:103610008D474945639FF4007C48F99B7CC8014570
:1036200009A89387D4FF93F7F70F0547E37EF7F6D2
:103630003145F2406244D2444249B2490561828038
:10364000E31109F691474945E38DF4F4DDB7970797
:10365000FF1F9387A71EF84B411126C24AC006C61A
:1036600022C4AA843E8909CF7C4B13975700635923
:1036700007003145B2402244924402494101828010
:103680002E85EF50501D2A841305200465D413F7AE
:1036900014007C4845CF13F7170061FF0347040669
:1036A0001377370379F78988D9CC0327C90D4545A6
:1036B00093E70740418B5DDFC1657CC8FD1501457F
:1036C000EF00AFAE2314A408EFC0DFDFB7050001A1
:1036D0002326A408FD150145EF006FAF9304040AEB
:1036E00015462328A4089705FF1F93858525268561
:1036F00097D0FE1FE780A02EA685130500FB97E05C
:10370000FE1FE78020C52685EF60703E7C4803479A
:10371000C400A300A408DD9B93E747007CC885474D
:10372000631FF7009305800C0545EF00CFA5835775
:10373000C40612058507BD8BC98F2316F406EF70EA
:103740000065014505BF93F7F7BFBDB70345D40733
:10375000CD9B7CC89307F00FE303F5FEEFF07EDC12
:10376000F9BF1707FF1F1307670D7C5F411106C6DE
:1037700022C426C24AC099C703A8C701131418015E
:10378000634004080327070825CF3684B2842E89B6
:1037900009ED81EB4945B24022449244024941017E
:1037A0008280EFC08FBA0145FDB78546E314D5FE90
:1037B000B9E30297AA8731C91147A3060504231B61
:1037C000E500231CE50083C6B7000547E384E6FC5B
:1037D00095C8239C9702239D870201C41E04E3DB46
:1037E00084FA238927012244B2409244024903A368
:1037F000870641010283D84F93161701E3D506FCD3
:10380000314551BF23AC0702E9BF0D4569B701112E
:1038100006CE2EC632C436C23AC0EF50D0033DCDDC
:1038200083284505AA87314513F808206315080643
:10383000B2451708FF1F0348F8044545636DB804F7
:1038400003C8C70A22463358C840137818006304D7
:1038500008041705FF1F130565FE0328850D454560
:103860001317C8006359070202471708FF1F0348D0
:1038700068016362E80292462387C70AA386B70AF3
:10388000A387D70A11E2014793E808102388E70AC3
:1038900023AA17050145F240056182801305200423
:1038A000DDBF011106CE2EC6EF50E07A13072004CB
:1038B00001CD7C49314793F6270099C6B24589C9A5
:1038C00093E707207CC90147F2403A850561828071
:1038D00093F7F7DFC5BF011126CA4AC84EC606CE08
:1038E00022CC2E89B289B684EF60A0674DC1639D5A
:1038F00009008547238BF1920145F2406244D2448E
:103900004249B2490561828003C7619385472A8491
:103910006315F700238B019209494165130545F5AD
:10392000EF60006639C58347A5002315F50083279E
:10393000841185EF232CA410232EA410930710F8D4
:10394000F914231635012304250144C12320050061
:10395000A304F5008347940285450145B395F5001E
:10396000C205C181EFF07E8541BF8327C41188C3A2
:10397000E1B79707FF1F9387A7C29C5B1D45B5DF83
:10398000956505459385555582971D45BDB70945F4
:10399000ADB76FB01FA66FB05FAA6FB01FAF6FB0AB
:1039A0007FB46FB05FBA6FB01FC76FB05FBE6FB04C
:1039B000FFC182806FB03FCA034301001AC06FB0DD
:1039C000CFB96FB02FC66FB0EFCB6FB00FD26FB063
:1039D0000FD86FB0CFDD6FB0AFE103530100035ECE
:1039E0004100834E81001AC072C276C46FB04FE6A8
:1039F0006FB08FF86FB0CFFD6FB05F876FB01F8B68
:103A00006FB07F8E6FB0BF936FB03F9A828082801D
:103A100001119397050126CA06CE22CC4AC8C18758
:103A2000AE8463D3071E03C5F199EFF00EC82A8454
:103A300015C5034705009307000D631EF700834774
:103A4000250011476364F7020D4663F1C710B5C343
:103A500009476380E70A2285EFF00EBE2165258DB8
:103A6000F2406244D2444249056182804D46E3E41B
:103A7000C7FE51476377F712138757FE1377F70F87
:103A80008546E3EAE6FC9386C19A98427D76130662
:103A9000F60F718F03461500631506166D46639F7A
:103AA000C7141367071023A6E19A9C42370500024A
:103AB00025AA834715006395072493053500194609
:103AC0001385019A97D0FE1FE78060F185478545F1
:103AD00003C5F19923A6F19AEFF02EEE9387C19AD0
:103AE0008843938781939C43BDD79C43ADD78297EE
:103AF0009DB7834615000347350095EE6312F70224
:103B00009387C19A9C438145014593F7F7F093E76A
:103B1000070223A6F19AEF309F8BA300A40025BFD4
:103B20008547814501456315F700EF302FFAF5B75A
:103B3000EF30AFE9DDB7E300F7F29387C19A88432E
:103B400041991365650023A6A19A61BF9386C19A26
:103B50009842834515003689419BA9E16399C702C4
:103B60001367270023A6E19A83C7E199139787017A
:103B70006187635B070093F7F707894503C5F199F0
:103B8000238FF198EFF06EE30325090099BFA38915
:103B900001981367370023A6E19AFDB71367670002
:103BA000DDBF9386C19A9842834515003689137705
:103BB000F7F0B1E1639CC7021367070123A6E19AFE
:103BC00083C76199139787016187635B070093F748
:103BD000F707914503C5F199238BF198EFF0EEDDDE
:103BE00083270900370500015D8DE5BD13670702D6
:103BF00023A6E19AF5B713670703DDBF1367072014
:103C00005DB51367073045B593F71500ADCF83C792
:103C10003199BDC79387419983C707009385C198A0
:103C2000130561002302F1009387219983C70700E0
:103C30001946A302F10097D0FE1FE78040DA938770
:103C4000A19883C707004C0003C5F1992306F10032
:103C50009387519983C70700A306F100EF306FA245
:103C600005C19387C19A884341991365650023A6CE
:103C7000A19A938781939C4381C79C4391C3829768
:103C800013C51400F1BB93F725009DCB83C7E199C1
:103C9000858B85C703C5F199EF30AFCD19CD9387DB
:103CA000C19A88431375F5F023A6A19A938781934F
:103CB0009C4381C79C4391C3829713C524004DB395
:103CC00093F745000145E38D07D883C7619995C7F0
:103CD00003C5F199EF300FCD0DC19387C19A884389
:103CE000FD779387F70F7D8D23A6A19A9387819304
:103CF0009C4381C79C4391C3829713C544008DB3F5
:103D0000994723A6F19AD9BB9387C19A9C4391EF17
:103D100019C123ACA192814701478146014683C561
:103D2000619A03C5F1996F20706345458280411106
:103D300022C406C603C4F1999307F00F6307F40089
:103D40006145B240224441018280170500001305FD
:103D500065CCEFF01E9CA38FA198E30385FE23ACF6
:103D6000019223A6019A85472383F19A8D47238ADE
:103D7000F198238901989D472385F198A38A01989A
:103D8000EF106FA3014575BF1307050383570500A7
:103D9000110593C7F7FF231EF5FE8347E5FF93C781
:103DA000F7FF230FF5FEE313E5FE82809947330505
:103DB000F50201110A86C14506CE130505021375E9
:103DC000E50FEFF0BEE911E50345C100F2400561E2
:103DD00082800145E5BF411122C426C24AC006C601
:103DE000814401441389019483C751946369F400A9
:103DF000B2402244268502499244410182808327B1
:103E000009001315440019469305F00F3E9597D00D
:103E1000FE1FE78060CA01E5850493F4F40F0504F2
:103E20001374F40FD1B793870197884305C14111EB
:103E300006C6EFF06E8023A801969387519483C73E
:103E40000700B240238FF192410182809387519401
:103E500083C70700238FF19282805971A6D286D63C
:103E6000A2D4CAD083C7E193AA84639EA7008545E4
:103E700003C56194EFF00EB7894503C56194EFF077
:103E80006EB6EFF05FFA1949338924035000C1453B
:103E90001379F90F130409021374F40F2285EFF05C
:103EA000FEDB09C901442285B650265496540659B2
:103EB0006561828019469305F00F480097D0FE1F78
:103EC000E78080BF65F1480041469305F00F97D029
:103ED000FE1FE78040B4480871469305F00F97D065
:103EE000FE1FE78040B30818130600039305F00F88
:103EF00097D0FE1FE78020B25000C1452285EF0019
:103F0000AF842A84130519025008F1451375F50F83
:103F1000EF008F83498C130529025008F145137572
:103F2000E50FEF006F821374F40F498C130539020B
:103F30005008C1451375F50FEF000F811374F40F8E
:103F4000498C130549025008C1451375E50FEFF080
:103F5000BEFF1374F40F498C1305590250089145A4
:103F60001375F50FEFF05EFE1374F40F498C138593
:103F700004071018930500031375F50FEFF0DEFC2E
:103F80001374F40F498C03C501821374F40FEFF01E
:103F90001EF611BF411122C406C60145014483C764
:103FA00051946373F40009C5B240224441018280F8
:103FB00022850504EFF07FEA1374F40FCDB74111A9
:103FC00022C426C206C64AC00144EFB07F91938442
:103FD000019483C751946368F400B2402244924430
:103FE0000249410182808840131944001946930513
:103FF000F00F4A9597D0FE1FE78000AC19E58C4082
:10400000CA9503C5F500EFB0FF8D05041374F40FD6
:10401000C9B7397122DC26DA4ED606DE4AD8014409
:10402000EFB05F8F93840194994983C7519463697A
:10403000F400F2506254D2544259B2592161828044
:1040400088401319440019469305F00F4A9597D0FC
:10405000FE1FE78060A605E9330534030A86C145E3
:10406000130535021375F50FEFF05EBF1008C1455B
:104070000945EFF0BEBE8C4014080A86CA9503C5F8
:10408000F500EFB0FF8805041374F40F79BF011138
:1040900006CEEFF05FD40547A9476373A7008947B1
:1040A0001306F10085451545A307F100EF20B0196F
:1040B000F24005618280011122CC26CA4EC606CE8E
:1040C0004AC8014493840194994983C75194636613
:1040D000F402EFF05FD083C7D19399C3EFF03FEEC6
:1040E00083C7C19399C3EFF0DFF26244F240D24438
:1040F0004249B24905616FF09FF93305340390409E
:1041000013194400C1454A96130505021375E50FBE
:10411000EFF0DEB405C9884019469305F00F4A95C3
:1041200097D0FE1FE780208F884019469305F00F37
:104130004A95190597D0FE1FE780E08D9C403E9977
:104140002316090005041374F40F41B70355250025
:1041500083C561946F30BFB2397122DC1944338456
:10416000850226DA4AD806DEA147AA84328913746A
:10417000F40F639AF604130424027146814548083B
:104180001374F40F3AC697D0FE1FE780C08850081A
:10419000F1452285EFF09EAC0DE18347E102A54693
:1041A0003247E51793F7F70F63E9F600BA86500830
:1041B000937519002685EF003FCEF2506254D25419
:1041C0004259216182801304140245BF797122D4BF
:1041D00026D24AD0AE842A89328481451306000251
:1041E0000A8506D697D0FE1FE780E082938751822A
:1041F00083C7070023102101230EF100835781019B
:104200005DC41387E19503470700F99B41462302EC
:10421000E100138701960347070097F5FE1F93857A
:10422000E55E13056100A302E10003C7F1959376F3
:104230001700D58FF59B93762700D58FED9B93764E
:104240004700D58F9316470093F6061093F7F7EFC4
:10425000D58F9316470093F6062093F7F7DFD58F97
:1042600012071377074093F7F7BFD98F231CF1008C
:1042700097C0FE1FE780A07683C7D19513F717007C
:1042800001CB99C40357810113672700231CE10068
:1042900003476101A2850A85D98F230BF100EF0046
:1042A000DFB1B25022549254025945618280138783
:1042B000219503470700F99B41462302E10013873C
:1042C00041950347070097F5FE1F93852553130576
:1042D0006100A302E10003C7319593761700D58FE3
:1042E000F59B93762700D58FED9B93764700D58F6E
:1042F0009316470093F6061093F7F7EFD58F9316B2
:10430000470093F6062093F7F7DFD58F1207137750
:10431000074093F7F7BFD98F231CF10097C0FE1F0A
:10432000E780E06B83C7119591BF411122C426C27B
:104330004AC006C6AA8401441389019483C75194D4
:10434000636AF4003E842285B240224492440249CA
:104350004101828083270900131544001946A68570
:104360003E9597C0FE1FE780807071FD05041374B1
:10437000F40FE9B75D71A2C4138401971C40CAC051
:104380004EDE86C6A6C252DC2A89AE89A1EB19E1AF
:104390000545D9A0F5DDEFF05FF9238FA19283C722
:1043A0005194636DF5028144138A01940DA0832713
:1043B0000A001395440019469305F00F3E9597C0E7
:1043C000FE1FE780606F09E9850493F4F40F83C74B
:1043D0005194E3EEF4FCBE84238F9192138AE1930F
:1043E00003C5E19383C75194D284E373F5FA1C406B
:1043F000A5EF99473305F5024A86C1451305050225
:104400001375E50FEFF05EB4130600039305F00F8C
:104410000A8597C0FE1FE780006003450A000A86F0
:1044200093050003130505071375F50FEFF0DEB1D3
:1044300013870194084383C7E19392073E95414651
:10444000CA8597C0FE1FE780805923A8319703C50E
:104450000182EFF0DEA90145B640264496440649A4
:10446000F259625A616182809047814719CE99471B
:104470003305F502F145130515021375F50FEFF03D
:10448000BEAC1C4023A4070085471840104B0DC24A
:1044900003C504009947F1453305F50213052502CC
:1044A0001375E50FEFF05EAA1C4023A807008547AF
:1044B0001840504B0DC203C504009947C145330550
:1044C000F502130535021375F50FEFF0FEA71C403A
:1044D00023AA07008547184050471DCE03C5040096
:1044E0001949C14533052503130545021375E50F29
:1044F000EFF09EA503C504001C409145330525033C
:10450000D0474106130555021375F50FEFF0DEA3F2
:104510001C4023A6070025BF9DFB83C7D19399C3E9
:10452000EFF0FFA983C7C19399C3EFF09FAEEFF0FF
:104530001FB6B9BD011122CC06CE26CA83C751943D
:1045400009446378F50295C599473305F502AE84B1
:104550000A86C145130505021375E50FEFF00EF04D
:104560002A8401E919468A85268597C0FE1FE780BF
:1045700000472285F2406244D244056182800111E5
:1045800022CC06CE2A842EC632C4EF70AF9305C962
:104590000347C500A1472246B245631FF700938732
:1045A00081979C4389CF03A34700630A03002285B8
:1045B0006244F240056102839387C197DDB7F24000
:1045C000624405618280011122CC194433048502C2
:1045D00026CA0A86AE84C14506CE130404021374AB
:1045E000F40F2285EFF08EE701C98144F240624466
:1045F0002685D2440561828019469305F00F0A850D
:1046000097C0FE1FE780404B6DF10357C1009377C1
:10461000D70F89C49377F70F93E72700C207C183A9
:104620008544E305F7FC0A86C14522852316F1007F
:10463000EFF09E9103C50182EFF07E8B45BF5D7167
:10464000A2C42A8419453305A402A6C2CAC0B284F2
:104650002E890A86C14586C6130505021375E50F26
:10466000EFF0CEDF01C90145B64026449644064925
:104670006161828019469305F00F0A8597C0FE1F7D
:10468000E78080436DF1130404071374F40F1008DE
:10469000930500032285EFF06EDC19C10545E9B7EB
:1046A0000808EFF06FEE6314090413060003814558
:1046B000080897C0FE1FE78020406DF11306000335
:1046C0008145080897C0FE1FE780E0348547080849
:1046D0002384F196EFF04FEB100893050003228539
:1046E000EFF09E8603C50182EFF07E8045BF1C0877
:1046F0009000BE8683D50600368763812503910628
:10470000E39AC6FE0145ADD083D607003E8789C631
:104710009107E31BF6FE81BF239027018347270003
:10472000E38E97F623019700D5F02310070079BF99
:1047300017F5FE1F0345A5E70111FD57930520045A
:1047400012052383F19406CE22CC26CA4AC84EC64F
:10475000A382019423A0019497D0FE1FE7806001FB
:1047600023A0A19415C597F9FE1F938969E383C718
:10477000E900014493840194A382F19483C7519486
:104780006361F40C83A78900638C070E238E019468
:104790009387519483C7070005444146814517F527
:1047A000FE1F1305A506238FF1922383818223A880
:1047B0000196238F01942380019697C0FE1FE78006
:1047C0008025930470074146814517F5FE1F1305A8
:1047D000E502A38F9194A3818182A38E019423A2E9
:1047E0000196A388019423890194238A019497C098
:1047F000FE1FE7804022A389919423AC0194238873
:1048000001949547A380F182C147A382F18223845A
:10481000019689472381F182F24023808182A3831C
:10482000818223828182624423AE019623AC019669
:10483000A38E019223820194D2444249B249056178
:10484000828088401319440019469305F00F4A9559
:1048500097C0FE1FE780201C884019469305F00F83
:104860004A95190597C0FE1FE780E01A9C40050491
:104870001374F40FCA972396070023870700FDBD22
:10488000930700F8238EF19421B71971A2DCA6DA00
:10489000CAD886DECED6130400028144138901945F
:1048A00083C7519463E3F40203C50182EFF02EE461
:1048B0009387519483C70700F6506654238FF19273
:1048C000D6544659B6590961828003250900939947
:1048D000440019469305F00F4E9597C0FE1FE780E0
:1048E00080130325090019469305F00F4E9519050D
:1048F00097C0FE1FE78020128327090041469305D9
:10490000F00FCE972396070023870700480097C033
:10491000FE1FE780401071469305F00F480897C0CE
:10492000FE1FE780400F130600039305F00F0818E1
:1049300097C0FE1FE780200E5000C1452285EFF092
:10494000AEE0130514005008F1451375F50FEFF0B4
:10495000AEDF130524005008F1451375F50FEFF095
:10496000AEDE130534005008C1451375F50FEFF0A6
:10497000AEDD130544005008C1451375F50FEFF087
:10498000AEDC13055400500891451375F50FEFF098
:10499000AEDB138504071018930500031375F50F9C
:1049A00085041904EFF04EDA93F4F40F1374F40F46
:1049B000C5BD930705C04111C20722C406C6C18305
:1049C000130720022E846361F70E17970000130768
:1049D000E7938A07BA979C43BA9782879387618245
:1049E00083C707002300F4002DA083C7D1958987D2
:1049F0000DA89387E195EDB793870196D5B741460A
:104A000097F5FE1F938585E0228597C0FE1FE780FE
:104A100000FD8147B24022443E854101828083C728
:104A2000D195858BC1B79387F1955DBF93874196EB
:104A30009C431CC0F9BF938731825DB783C7119532
:104A40007DB79387219569BF9387419551BF4146B3
:104A500097F5FE1F938585DA45BF83C71195D1B7BA
:104A600093873195B5BF93878195D9B79387019582
:104A700085BF93871182ADB79387518295B793878E
:104A8000D193B9BF9387C193A1BFEFF0CFB42300F7
:104A9000A40041B783C74182B1B783C7D1958D8741
:104AA00049B783C71195E5BF130720048947E3631E
:104AB000A7F6EF000FC92310A400A1BF011106CE75
:104AC00022CC26CA4AC84EC6EF001F8835ED03C760
:104AD000419485472A84630CF702938401948549A5
:104AE00083C751946371F4049840131944004A97A2
:104AF0008347E700639937012285EFF00FB69C40AA
:104B0000CA972387070005041374F40FD1BFEFF091
:104B10006FC823820194938701949C4303C75194E7
:104B2000B907631CE400EFF00EEF6244F240D24498
:104B30004249B24905616FF00FD805042380070090
:104B40001374F40FC107F1BFF2406244D2444249EA
:104B5000B24905618280797126D24AD006D622D424
:104B60004ECE89472E89B2846308F506636FF5003F
:104B70008D476301F50C03C451942285B250225431
:104B800092540259F249456182802E85EFF0EFF987
:104B900083C751942A84E372F5FEE5D01946CA858D
:104BA000268597C0FE1FE78080E3C1BF83A7090069
:104BB0001315440019463E95CA85190597C0FE1F76
:104BC000E780E0EA31ED05041374F40F83C75194D4
:104BD000E36EF4FC3E8455B7014493890194FDB71C
:104BE00005041374F40F83C75194E375F4FE330581
:104BF00034030A86C145130535021375F50FEFF02E
:104C0000EE8579FD41469305F00F0A8597C0FE1F9A
:104C1000E78080EA71F5CA850A85EF006FBA69F10D
:104C200083C75194E37BF4F4A9D8A6852285EFF0DD
:104C30007F90A1B7014499497DB7797126D206D6F4
:104C400022D4AA8402CC231E0100EF60BFA705CDA9
:104C500003C7318289476308F702930565002A84F8
:104C6000034555003008EFF01FEF83C7519463717F
:104C7000F5022AC6EFF08F93B2452A860547A14672
:104C80002685EFF06FCDB250225492544561828058
:104C900083C7318291E795452685EF004FE8E5B758
:104CA0000547E392E7FE8345540001462685EFF071
:104CB000EFD1D1BF4111C1674AC006C622C426C286
:104CC000FD172E896309F506EF60DF9F2A84D14422
:104CD00021CD93056500034555000146D544EFF00D
:104CE0009FE783C751946376F500CA85EFF0BF8DC7
:104CF0008144630B09022285EFF04FC535A0CA85B8
:104D00002285EFF05F8C11C1814405041374F40F08
:104D100083C75194E365F4FE6308090017F5FFFFAC
:104D200013050543EF60FFC1B240224426850249C6
:104D30009244410182800144D544D9BF0111C16729
:104D40004AC84EC606CE22CC26CAFD172E89B28985
:104D5000630EF504EF601F97D14429C193056500E8
:104D6000034555000146D544EFF0FFDE83C751945B
:104D70006376F5024E86CA85EFF07F8C814439A8B0
:104D80004E86CA852285EFF09F8B11C181440504B0
:104D90001374F40F83C75194E364F4FEF240624449
:104DA00026854249D244B249056182800144D544F6
:104DB000D5B7011106CE2AC6EFF09F973245F240D3
:104DC0002383A19405616FF00FAF1D7186CEA2CC35
:104DD000A6CACAC8CEC6D2C4EFA0DFB383C7718249
:104DE00089CB014413890194194A83C75194636A9A
:104DF000F400F6406644D6444649B649264A256141
:104E00008280032509009319440019469305F00F89
:104E10004E9597C0FE1FE78020CA31E9B3044403D2
:104E20005010F14593F4F40F138514021375F50F28
:104E3000EFE0DEE20DED0347F1039307F00F631897
:104E4000F702138534025000C1451375F50FEFE0EA
:104E5000FEE05008C1450945EFE05EE0832509000A
:104E600054085000CE9503C5F500EFA07FAA0504B5
:104E70001374F40F9DBF930705C05D71C207A6C2EE
:104E8000CAC086C6A2C44EDE52DCC183130720020C
:104E90002A89B284636EF74E178700001307C74F45
:104EA0008A07BA979C43BA97828785476384F5003F
:104EB000614409A8834706000947E36BF7FE238393
:104EC000F18201442285B640264496440649F259AF
:104ED000625A616182808547E39CF5FC03470600C6
:104EE000E3E8E5FC83C7D19511C793E74700A38E9C
:104EF000F194C1BFED9BE5BF8547E39BF5FA83477E
:104F000006001147E366F7FA238FF1945DBF8547EA
:104F1000E390F5FA83470600E3ECF5F82380F19679
:104F20004DB7C147E396F5F84146A68517F5FE1F34
:104F30001305C58D97C0FE1FE78060AA59B7854746
:104F4000E398F5F603470600E3E4E5F683C7D19559
:104F500001C793E7170061BFF99B51BF8547E399EC
:104F6000F5F483470600A38FF194A1BF9147E39125
:104F7000F5F41842B7470F009387F723E3EAE7F207
:104F800023A2E1963DBF8547E394F5F283470600EF
:104F90000947E36FF7F0A381F18225B78547E399CD
:104FA000F5F003470600E3E5E5F083C7119511C767
:104FB00093E74700A388F19429B7ED9BE5BF8547A8
:104FC000E398F5EE834706001147E363F7EE238984
:104FD000F194C5BD8547E39DF5EC83470600E3E901
:104FE000F5EC238AF194F1BDC147E393F5EC41461A
:104FF000A68517F5FE1F130565802DBF8547E3992C
:10500000F5EA03470600E3E5E5EA83C7119501C722
:1050100093E7170045B7F99B71BF8547E39AF5E819
:1050200083470600A389F19469BD9147E392F5E8AF
:105030001842B7470F009387F723E3EBE7E623AC6B
:10504000E19441B5E39605E6EF000FB001E9EFE02A
:105050007FF4EFF04E9CEFF00F86A5B585472382D5
:10506000F19485B59D47E395F5E4938514001946C1
:10507000680097C0FE1FE780809603C504005008B3
:105080006C00EFF05FAD83C75194AA840944E37BC1
:10509000F5E24808EF60CFEB09E52685EFE0FFDB9E
:1050A0004DBF938701949C4392045944BE94854715
:1050B0002387F40001BD9D476391F50A1946938546
:1050C0001400680097C0FE1FE780609103C50400CC
:1050D00001466C00EFF03FA883C751946377F50455
:1050E0009944B30495025008F1459384140293F453
:1050F000F40F2685EFE09EB62A8415E51307A0413C
:1051000085476304E9009307F00F5008F1452685B1
:10511000A307F102EFE05EE303C50182EFE03EDDAD
:10512000EFF0BFCA45B30944E5BF83C7C195094441
:10513000E38A07D81307A04183C7F194631BE900F2
:1051400093E71700A387F1941D46A68513858194E4
:10515000D5B3F99BA387F194ADB38547E39AF5D412
:105160001307A04183C7F1946315E50093E7270077
:10517000D5B7F59BC5B7A3830182EFF01FC591B3E7
:105180008547A383F182014419499309F00F7D5AA1
:1051900083C75194E373F4FEB30424035008F1452C
:1051A0009384140293F4F40F2685EFE03EAB05E1FF
:1051B0008347F102638D37015008F1452685A30727
:1051C0004103EFE07ED803C50182EFE05ED2050423
:1051D0001374F40F75BF8547E39CF5CC8347060035
:1051E000E3E8F5CC2388F194E9B98547E392F5CC5F
:1051F000834706002547E36DF7CAA380F182D1B14A
:105200008547E397F5CA03470600A546930797FF2E
:1052100093F7F70FE3EEF6C8A382E1825DB185470D
:10522000E398F5C88347060003C7D1930144A38ED2
:10523000F192E31907C8E397B7C8EFE0DFE759B188
:105240008547E397F5C68347060003C7C193238EBE
:10525000F19209E76394B700EFE0FFE503C5C1935E
:10526000EFA08FEBB9B98547E394F5C483470600F7
:105270000D47E36FF7C22381F182A1B18547E3991E
:10528000F5C2834706002380F18225B90545EFE08A
:105290001EC605B98547E39DF5C0834706002382F6
:1052A000F18205B193074002E394F5C003C51400F1
:1052B000014693852400EFF01F8A83C75194E37958
:1052C000F5BE19443304850203C70400A1471374D3
:1052D000F40F631FF702130424021374F40F500831
:1052E000F1452285EFE09E97E31405BC9385840089
:1052F00048086D4697B0FE1FE780606E5008F14584
:105300002285EFE07EC403C50182EFE05EBE4DB6AC
:1053100013041402D9B717E7FE1F03576729930731
:1053200040046D44E3F0E7BA8547E393F5B883475B
:105330000600E3EFF5B681CF938741979C43554430
:10534000E38207B883C7D19593E787004DB683C73B
:10535000D19593F7770F61BE17E7FE1F03574725D7
:10536000930740046D44E3FFE7B48547E392F5B447
:1053700083470600E3EEF5B2F9DB938741979C4340
:105380005544E38107B483C7119593E787001DB1A6
:10539000930720040944E3E727B3E39585B283D557
:1053A00004004A85EF006F832A8429BE797106D6EE
:1053B00022D426D24AD0834725005147E91793F7D4
:1053C000F70F636BF702178700001307A7058A071B
:1053D000BA979C432A84BA9782878354A5000346D0
:1053E000C5008346D500268532C636C4EF608FAD32
:1053F000AA87A246324619E1854425A203C7C70001
:10540000A14713053400631AF702938781979C43E1
:10541000A68589C79C4399C38297F9BF93878195D5
:105420008843EFF01EB469D99307E00FE306F5FC5B
:1054300085452685EFF0BEEEC1B79387C1979C43A3
:10544000A68599C39C43E9FB93874196D1BF8355B9
:10545000A5002E852EC4EF60EFA6AA8751DD03C7F5
:10546000C700A147130534001306C4009306C40106
:10547000A245631AF700938781979C43B5DF9C4749
:10548000A5DF829795BF9387C197C5BF8347150056
:10549000D5EF83476500858BD5CB938701979C43D8
:1054A0000149D5E781454146080897B0FE1FE780CE
:1054B00080564C48B5CD83C765011946C105A30F79
:1054C000F100080897B0FE1FE78060518347640031
:1054D0000357C1018987858BD98F231EF100EFE027
:1054E0009F8F83C751946390A70283C7418299C35A
:1054F000EFF0AFB997E7FE1F9387870A9C5B81C7E0
:10550000854521458297EFE01F8DA2850808EFE0D1
:105510007FE6AA84554905ED894503C56194EFD01E
:10552000DEC9B250225426850259925445618280C8
:10553000035544008544EF60EF9865D583475500D7
:10554000194693056500A30FF100A5BF0149034665
:105550001400035544008545EFF06F82E30E09E81F
:105560004A868D4503554400EFF06F8171B50347BE
:1055700015009947631AF70203554500EF608F94B1
:10558000AA841DC183C7218209476389E7020D47A9
:105590006380E70205476399E7008345550003559B
:1055A00044000146EFE09FC20346140089455DBFF9
:1055B0000146814513050041EFF0FF8B8355440000
:1055C00003C504001546EFF07ED8F9BF93054500EA
:1055D000034535000146EFF00FD883C75194E37DB2
:1055E000F5E099473305F5021306C400914513050C
:1055F00055021375F50FEFE03E9503C50182EFE00C
:105600001E8FDDBB83C701950355450081C783C548
:1056100011820DB583C7618299E3954521BDEF6085
:105620006F8AAA84E30A05DC8347A400858B85CBB7
:1056300003455500854763F4A7028357C40093F7D9
:10564000072091EF100893856400EFF0CFD083C757
:1056500051946396A7008D4503554400E1BB83C573
:1056600054000355440013068400EFE03FB60146A2
:105670008145CDBD03554500EFF02FDCB5BB03558B
:105680004500EFF0AFC383C7618293F7F707238329
:10569000F1829DB379719397050122D406D626D263
:1056A0004AD04ECEC1872E8463DE070803C56194BD
:1056B000EFD0AEFFAA8431C5834705001307100B56
:1056C000638BE7041307000D6387E7021307000BE2
:1056D0006396E70203474500F9476317F700035550
:1056E00025008145EFF00FDD83C54400138584005C
:1056F000EF10901321A0EFF07FCB01C52685EFD0EE
:10570000AEF3A164A18CB250225426850259925462
:10571000F2494561828083474500EDF303568500D9
:10572000835565000355250023840196EFF00FE1B2
:1057300083C78196E1D703C5018223840196EFE0F8
:105740000EFB6DBF93F7250085C381450145EFE052
:105750007FC29344240083C76194854511E1894544
:105760003E85EFD09EA545B793F715006384070CDF
:1057700013890197832709009384C19683D9470031
:105780009C4099EFC16513870198894617860000F0
:1057900013068609FD150545EF20DFE223A6A19635
:1057A0008C40134414009DE9832709000146854578
:1057B00003D5470093140401C180EFE05FDC832729
:1057C000090001468D4503D54700EFE05FDB03C5C7
:1057D0000182EFE0CEF1EFE00FE535B79308F00F6F
:1057E000094881471307E100740003D601984E85EC
:1057F000EF302FAC11ED0346D1008347C1002206E4
:105800005D8E19C69C404E8583D5A700EFF00FD35F
:105810008840C165814603D60198FD15EF304F9D44
:105820009314040123A6A196C1803DDD854503C5DF
:10583000619405BF93F745008144E38607EC93C468
:105840004500D1B5FD57A38FF19817E7FE1F130749
:1058500027F4A302F7002303F7002383019A0547E7
:10586000A389E19823A4019A1947239DE19805672C
:10587000130707C8239CE1982384F1989D47A384CC
:105880000198A38B0198A38EF198238EF198194665
:1058900081451385C19817B3FE1F6700C31793078F
:1058A00005D04111C20722C406C6C1835D472E84BC
:1058B000636BF70C17870000130707BC8A07BA97BA
:1058C0009C43BA97828783C7619A2300F40035A06E
:1058D000414697E5FE1F938565F4228597B0FE1F2C
:1058E000E780E00F19A8414697E5FE1F938505F470
:1058F000EDB79387819A9C439CC18147B240224473
:105900003E854101828019469385019AF9B783C784
:10591000319965BF2E85EF10FFB7C5B72E85EF1003
:10592000DFB9E1BF83C741994DB783C7219971BFE3
:1059300019469385C19855B783C7A19879B783C78E
:10594000519961B79387C19A9C4341B783C7919896
:10595000ADBF83D7A1992310F40045B783D78199B0
:10596000DDBF83C7D19995B783C7C199B9BF2E85CC
:10597000EF10FFB759B783C7E19993F7F707B1B7AE
:1059800083C7619999B7130720048947E368A7F68D
:10599000EFF02EDB2310A4008DB79307F5CFC207DD
:1059A000AE86C183D9452A8763E6F52817880000AB
:1059B000130888B28A07C2979C43411106C6C29752
:1059C000B285368582874147E147639EE6024146BC
:1059D00017E5FE1F130585E497B0FE1FE780200042
:1059E00015A04147E1476390E602414617E5FE1FD7
:1059F0001305C5E3D5B71147E1476396E6001C429E
:105A000023A4F19A8147B2403E8541018280054737
:105A1000E147E39AE6FE0347060083C73199A3896D
:105A2000E19895C3814765F31387C19A1843894666
:105A30003D8B6305D7009546E317D7FC03C5F19965
:105A4000EF106FDBC1B781475DDF1387C19A184341
:105A50006306A7003D8B7517E367E5FA854503C527
:105A6000F199EFD08EF579BF9307C01C63E0D71C86
:105A7000630E061AB24041016F102FF59307C01C48
:105A800063E6D71A6304061AB24041016F101F84FF
:105A90000547E147E399E6F603470600A946E3E434
:105AA000E6F6238AE198B9BF0547E147E39DE6F4AE
:105AB000034706008D46E3E8E6F42389E19899B7A9
:105AC0001947E147E391E6F419461385C19829B7D0
:105AD0000547E147E399E6F2034706009D46E3E404
:105AE000E6F22385E19839BF0547E147E39DE6F0FB
:105AF000034706008D46E3E8E6F0A38AE19819B76C
:105B00000547E147E391E6F083470600A384F19857
:105B1000D5BD0947E147E398E6EE03560600056761
:105B20001307A7C79306A6FFC206C182E36DD7EC91
:105B3000239DC198C1BD0947E147E396E6EC0356B2
:105B4000060005671307A7C79306A6FFC206C18212
:105B5000E36BD7EA239CC19875B58345060003C65D
:105B6000C199A38EB1980145EF909FDB61BD0346BB
:105B7000060083C5D199238EC198F5B79307C01C41
:105B800063E6D70A45C6B24041016F105F840547FE
:105B9000E147E39AE6E68347060003C7E199058BF0
:105BA000238FF19893F6170011C7E39D06E4EF10D9
:105BB000AFDE89BDE38806E41387C19A184389459F
:105BC000398BE31E07E893E707F8238FF1981DBD93
:105BD0000547E147E399E6E28347060003C7619979
:105BE000238BF19811C7E39F07E0EF104FDD19BD3C
:105BF000E38A07E01387C19A18431377070F19C385
:105C00009145B1BD93E707F8238BF198E5BB930766
:105C1000200463EFE70089458947E396B6DEB2408A
:105C2000835506003A8541016FF02EFBE147E1BB49
:105C30008947D1BB9307200463E9A70089458947B9
:105C40006396B60083550600C5B789473E858280B6
:105C5000411106C6EF4000001745FFFF1305455AE6
:105C6000EFD03EABEF406FC51705FFFF1305658210
:105C7000EFD03EAAEFF02EFD171500001305653F8B
:105C8000EFD03EA9EF10003C1775FFFF130505E3A9
:105C9000EFD03EA8EF60FFF6170500001305C59F83
:105CA000EFD03EA7EFF0EF901745FFFF130505ACCF
:105CB000EFD03EA6EF301FA8B24041016FE02F8722
:105CC0009387819B1387019B9C4318430145631372
:105CD000F700828083D6670081E683D64700369539
:105CE0009C43F5B797E7FE1F9387878B8C4317E795
:105CF000FE1F0357278B41111386052223ACC19A3F
:105D0000938785FFBA97056523A8F19A06C61D05F6
:105D1000935637006374E500930600203307D600DE
:105D200023AAE19A23A0E522E1162312D600231329
:105D300006001CC3998FE1172312F70023130700F5
:105D4000EFF01FF8B24097E7FE1F239CA7884101A0
:105D500082809387819B1387019B9C431443014559
:105D60006393F600828003D7670011E703D74700EB
:105D70006373E5003A859C43E5B79387819B9386DF
:105D8000019B9C4390422A87B305B5406314F600FB
:105D90003A8529A8938687009C43E369D7FEE37779
:105DA000F7FE2E85E3E4D5FEE3F2F5FE828083C79D
:105DB00005002300F50083D72500A300F50083D755
:105DC0002500A1832301F50083C74500A301F50049
:105DD0001145828023A0019C23AE019A828029C1B3
:105DE000411126C206C622C4AA8401458DC52E844F
:105DF00022854146977500009385C57397B0FE1FB5
:105E0000E780E0BD83C7040005452306F40083C78F
:105E10001400A306F400B24022449244410182805F
:105E200001458280011122CC26CA06CE0947AA84E8
:105E300032846383E50441468147639BC500638FD9
:105E4000E6006397B6001DA841478147638FE600CF
:105E5000F2406244D2443E85056182808A85228573
:105E6000EFF0FFF741468A8521A88A85EFF03FF7DA
:105E700041468A85228531A0E398B6FC2E86A2850C
:105E8000268597B0FE1FE78080BEAA87D1B723A0E2
:105E9000A19C8280011122CC0354650006CE26CA43
:105EA0004AC84EC641C083298500AE842A8803C9EA
:105EB0000900814713178901618763550702B147BC
:105EC000054563FA870451144204035528004180B4
:105ED00033878900A2864E868545EF60FFA8B337D9
:105EE000A00085077D1413556900420405891379C4
:105EF000F90341802380F400A380A40023812401BE
:105F000023928400014719C01387190098C40947D8
:105F10006383E7000145F2406244D2444249B249FA
:105F2000056182800545C5BFC167F917630AF5029F
:105F3000D94763F7B702011122CC2EC606CE2A84B8
:105F4000EF408F84B2456368B50022856244F24019
:105F500005616F509F9CF240624405450561828057
:105F600005458280C167F9176314F5006F40CF8142
:105F7000411106C6EF507F8911E15D45B2404101F4
:105F8000828039714ED656D25AD006DE22DC26DA0D
:105F90004AD852D4AA8A2E8BB28949EF36C6EFF07E
:105FA0007FFC9145EF40CF8EAA844D492DC9B24662
:105FB000054A238034010544630A0B00B685138526
:105FC0001400029B0505131405014180E20993D9D1
:105FD000894163D30902C1455685EF501F91654938
:105FE00005E933868400A2852685EF600FE92A89BA
:105FF00005E131044204418091472C085685231C59
:10600000F10026CE231D8100EF50AF992A8901C9E6
:1060100063070A00268597C0FE1FE780E081F250E3
:1060200062544A85D2544259B259225A925A025B5A
:1060300021618280BA84014AADBF011122CC26CAF7
:106040004AC84EC606CE2A893284B689EFF07FF35D
:10605000AA8405E19387019C9C4381CF0547631780
:10606000E40003C4090005041374F40FA2854A85F3
:106070008297F240624426854249D244B249056182
:106080008280AE860147054697050000938565D25C
:106090006FF0BFFA83D705002300F50083D7050012
:1060A000A183A300F5000945828083C72500054729
:1060B0002300F50003D505006397E7000A050505F1
:1060C000420541818280C9473305F502CDBF03D522
:1060D00005000A0542054181828083D725002300FF
:1060E000F50003D5050083D725003305F502050526
:1060F00042054181828003D50500828003D50500D9
:10610000828003D50500828083D725002300F50017
:1061100003D5050083D725003305F50205054205A3
:106120004181828083D705002300F50083D70500D5
:10613000A183A300F50083D725002301F50083D7B1
:106140002500A183A301F50003D5450011054205F3
:106150004181828083D705002300F50083D70500A5
:10616000A183A300F50003D525000905420541815F
:10617000828089471145639BF6008347160083465A
:1061800006000145A207D58F2310F700828003D7B0
:106190000500D947AE8663FAE70001470D4697052B
:1061A0000000938565EF6FF05FE909458280114536
:1061B0006393A60283471600834606000145A207A3
:1061C000D58F2310F7008347360083462600A207A9
:1061D000D58F2311F700828083C725000547FD175F
:1061E00093F7F70F6361F70483D705008DCF011193
:1061F00022CC2A84C84106CE15C12EC68945EFF0AF
:10620000DFB72A8722856244B246F24015469705D9
:1062100000009385C5E905616FF03FE2F2406244FA
:10622000094505618280094582809547114563F9DA
:10623000D706411122C426C24AC006C683471600AB
:10624000BA8403470600A2073284D98F2390F40052
:10625000834736000347260093054400A207D98FE1
:106260002391F40089472382F400094613855400E2
:10627000368997A0FE1FE78080769307A9FF2394B5
:10628000F4009947631BF90023A60400B24022449E
:10629000924402490145410182801904C0C4FDB7FE
:1062A000828083D705008DCF011122CC2A84C8417A
:1062B00006CE15C12EC68545EFF03FAC2A87228554
:1062C0006244B246F2401D4697050000938565E0A2
:1062D00005616FF09FD6F2406244094505618280F6
:1062E0000945828099476395F6048947411106C69E
:1062F0002302F7008347160083460600B285A207F3
:10630000D58F2310F70083473600834626000346C7
:106310004700A207D58F130557002311F7009105F9
:1063200097A0FE1FE780A06BB2400145410182802B
:10633000D14711456394F600C1474DBF828083D792
:1063400005008DCF011122CC2A84C84106CE15C18B
:106350002EC68945EFF07FA22A8722856244B24685
:10636000F240254697050000938565D705616FF0DB
:10637000DFCCF24062440945056182800945828094
:1063800089471145639BF600834716008346060044
:106390000145A207D58F2310F7008280011122CC7E
:1063A0002A84C84106CEAE86014719C52EC685454A
:1063B000EFF0BF9CB2462A8722856244F2402D4608
:1063C00097050000938565D305616FF01FC71145E0
:1063D0006393A60283471600834606000145A20781
:1063E000D58F2310F7008347360083462600A20787
:1063F000D58F2311F7008280011122CC2A84C84155
:1064000006CEAE8611C52EC68545EFF01F97B24663
:106410002A8722856244F24035469705000093851D
:1064200025CE05616FF07FC193F71600114589EB0A
:1064300089476387F60085822312D70010C3014580
:106440008280011122CC2A84C84106CE15C12EC6F5
:106450008545EFF09F922A8722856244B246F2403A
:106460003D4697050000938505CA05616FF0FFBCA6
:10647000F240624409450561828083D705008DCFD3
:10648000011122CC2A84C84106CE15C12EC68945E9
:10649000EFF0BF8E2A8722856244B246F24045461D
:1064A00097050000938585C605616FF01FB9F2401E
:1064B000624409450561828009458280854763FC05
:1064C000D7022304A700A304B7008347160083451F
:1064D0000600A207CD8F2310F7009387E6FF231154
:1064E000F70089476386F600090650C3014582809C
:1064F00023220700E5BF11458280014781464D46B2
:1065000081456FF09FB38D47114563FBD7028347E9
:10651000160083450600A207CD8F2310F70083479E
:10652000360083452600A207CD8F2311F7009387FD
:10653000C6FF2312F7006386A600110610C70145A7
:10654000828023240700E5BF011122CC2A848845DC
:1065500006CEAE8611C52EC69545EFF01F82B24617
:106560002A8722856244F2405D46970500009385A4
:10657000A5BB05616FF07FAC854711456397F600B9
:106580008347060001452300F700828001478146CA
:10659000654681456FF07FAA011122CC2A84C8414B
:1065A00006CEAE86014719C52EC68D45EFF0EFFC2D
:1065B000B2462A8722856244F2407546970500005C
:1065C000938585B905616FF0DF9B03C7050093765E
:1065D00025009377D70F99C2936727001318850179
:1065E0001358884113F7F7076354080013E70708A7
:1065F000937685009377770F99C293678700137717
:10660000050293F6F70D19C393E607022380D50020
:10661000634508009377A50281CB8347060093E783
:10662000C7002300F60082807DFD83470600CD9BD6
:10663000CDBF2D456319071403C505000947631035
:10664000E51401114EC6BE89DC4122CC26CA4AC8D7
:1066500006CE03C7170083C70700B68422075D8FE5
:1066600042078D664187938736A032842E89630165
:10667000F70E63C0E702938716A06309F70A63C1A8
:10668000E70E938606A0630CD70623900400054509
:106690004DA8938766AA6305F70C938786B8630BAA
:1066A000F70C938646A0E312D7FEDC45DDC72147F1
:1066B0002390E40003D707002300E60003D7070078
:1066C0002183A300E60003D727002301E60003D7B8
:1066D00027002183A301E60003D747002302E60039
:1066E00003D747002183A302E60003D767002303F3
:1066F000E60083D76700A183A303F60091A0C845F5
:1067000097A0FE1FE7804032420541814E866373A9
:1067100035012A862390C400420641828325C900A0
:10672000228597A0FE1FE780802B19A8DC4583D720
:1067300007002390A4002300F600A183A300F60025
:106740000145F2406244D2444249B2490561828027
:1067500099472390F4001946D1B723900400CDB790
:1067600085472390F4008327C90083C707002300CF
:10677000F400F9B7E1472390F400614645B7239050
:10678000060005458280828083C805008947639B97
:10679000F814DC41797122D406D626D24AD04ECEE6
:1067A00052CC03C8170083C707002E842208336821
:1067B000F80042088D6713580841138327A063042B
:1067C00068102A8A3A89B684B285634C030113871C
:1067D00007A0630AE802938717A0630BF8088547B0
:1067E00011A8138737A0630CE80A138767AA8D479F
:1067F000E317E8FEB250225492540259F249624A19
:106800003E8545618280484432C697A0FE1FE780DE
:10681000A021420541819D47E36E25FDB309990002
:1068200083C7619CB24563D43701B547E1B748449B
:106830002686C2094A9597A0FE1FE780401A484461
:1068400003C6619C93D9090105063306364181458B
:106850004E9597A0FE1FE780001C9387819C9C4368
:1068600099E3814741BF9C438145E5DF528535A0CF
:10687000AD47E31109F8E39A16FB834716008346F8
:1068800006005844A207D58F2310F7009387819CF8
:106890009C43E1DB9C438545E9D78297D9B7AD4757
:1068A000E31A09F49947E392F6F84844194697A089
:1068B000FE1FE780C0129387819C9C43DDD39C43DD
:1068C000CDD38D4565B7AD4715F78547E39FF6F402
:1068D0000347060093070008E3EEE6F0DC4523805B
:1068E000E70041B785473E85828023A4019CA383AE
:1068F000019C2383019CB707A000938501839387A4
:1069000007059CC1B707E803DCC117760000130632
:10691000E6F297B7FE1F9387E7190947938EB18276
:10692000D0C317760000130626F285462380EE00BA
:10693000138E81829388C182D0C723AED701177688
:106940000000130626EE1383419C1388A182138551
:106950009182977E0000938E6EED2300EE002380DF
:10696000E8002380E7002388E7002380E7022388EC
:10697000E70223AEC7032380E7042300E800238453
:10698000D70023950700D0CB238CD700239D070089
:1069900023A2D7032384D7022395070223A6070245
:1069A000D0DB238CD702239D070223100300230092
:1069B000D500177E0000130E6EE623A2C7052388BC
:1069C000E70423AE17052380E7062388E706238024
:1069D000E70897780000938828E6177700001307E8
:1069E00027E423A2E7082384D7041707000013072E
:1069F00087C42395070423A66704F0CB238CD70410
:106A0000239D070423A217072384D706239507068F
:106A1000ECD7F0DB238CD706239D070623AE0707B0
:106A20002384D7082395070823A6A70897B7FE1F36
:106A30009387471198C317070000130727D5D8C3BA
:106A400023A407008280A54763E8A71017770000FA
:106A5000130747AF0A053A951C41011122CC26CAFB
:106A600006CE4AC8BA97B2842E8482879307800FD5
:106A700063F9B7006145F2406244D244424905617E
:106A8000828097B7FE1F9387E702C8573E8919C5D2
:106A900097B0FE1FE78040DA2383019C13061400A1
:106AA000916593850571328532C697B0FE1FE780E8
:106AB00040CC17B7FE1F2325A7024DDD3246814586
:106AC00097A0FE1FE78020F50325C9022286A68530
:106AD00097A0FE1FE780A0F02383819C014561BF42
:106AE0008947E399F5F8835706002392F19CFDB797
:106AF000A147E391F5F82146A6851385018397A068
:106B0000FE1FE780C0EDD9BF8547E395F5F697B73F
:106B1000FE1F938727FAD04F97B5FE1F938505FC7C
:106B200003C50400EFF07FAA55BF8547E394F5F451
:106B300097B7FE1F938707F8D05F97B5FE1F938521
:106B4000E5FBF9BF8547E397F5F283470600A38489
:106B5000F18269B7094505B709458280011113889B
:106B6000F5FF06CE22CC26CA4AC84EC652C41378B8
:106B7000F80FAD4563EE050BBA890A0817770000D8
:106B80001307C79E3A983E8A832708003689B28445
:106B9000BA9782878545EFD01E9E2A8419E1EF00BF
:106BA000BFE12285F2406244D2444249B249224ABE
:106BB000056182808945EFD01E9C2A847DF126855F
:106BC000EFF03EF0F9BF9145EFD0FE9A2A8471F9BB
:106BD0005286CE854A85EFD07E8FEF00FFDDEF0035
:106BE0005F94EF602F8075BFA145EFD0DE982A84B7
:106BF0004DF95286CE854A85EFD05E8D2685EFF021
:106C00005EECEFF01EE4EF501FFC61BFB145EFD02A
:106C10009E962A8459F55286CE854A85EFD01E8BE2
:106C20002685EFF01EEAEFF0DEE1EF50DFF975B7F1
:106C3000094485BFBD47638CF50663E9B702A547E4
:106C40006387F50663EDB7009947638CF5049D47AC
:106C5000638FF5049547638CF50401458280B54741
:106C60006387F50463E1B704AD47F5B7DD47638E8D
:106C7000F50263EAB700C947638BF502D94763861B
:106C8000F502C547C9BFF5476383F50263E4B70062
:106C9000ED47D1B793072005638BF5009307200DCF
:106CA0005DBF484582800841828008458280484116
:106CB00082809307F00F630EF506011126CAAA849D
:106CC0001305000222CC4AC84EC652C456C206CE94
:106CD0003A89B689B28A2E8AEFC0CE982A844D4569
:106CE00015C8930700FB2300F400A30054012311EF
:106CF000440123023401130584006146630509023F
:106D0000CA8597A0FE1FE78080CDA2852685EFC0AB
:106D10004EA00145F2406244D2444249B249224A5F
:106D2000924A05618280814597A0FE1FE780A0CE30
:106D3000E9BF09458280011122CC06CE2A842306B0
:106D4000B100A306C100EF40FF970DC10347C50086
:106D5000A1476311F70278009306E0070146A28578
:106D600017D5FE1F034525A3EFF0BFF4F2406244A0
:106D70000561828078009306E0070146A28517D559
:106D8000FE1F034535A1CDB7930700643306F60215
:106D90006FC02EE605C90347050085469307270007
:106DA00093F7F70F63F0F602411122C42A843A8563
:106DB00006C6EFC00EF7FD572300F400B240224490
:106DC000410182808280035705009307000B631303
:106DD000F702834745004947639CE70003471501D5
:106DE00085476399E7000355250085456F302F9A45
:106DF0006D47C5BF8280011122CC06CE2A842EC6E3
:106E000032C436C2EF401F8C0DCD8346C500A1476A
:106E100012472246B245639EF600B28617D5FE1F82
:106E2000034565972E86A2856244F24005616FF0A6
:106E30005FE8B28617D5FE1F0345D5952E86A2853D
:106E4000E5B7F240624405450561828023A8A19C14
:106E50008280011122CC26CA06CE2A84AE84EF405D
:106E60007F86A6852285EFF02F8C1DE522852316CF
:106E70009100EF403F850DC10347C500A147631254
:106E8000F70217D5FE1F0345059178009306F0071A
:106E90000146A285EFF0FFE1F2406244D244056171
:106EA000828017D5FE1F0345F58EC5B7011126CA8E
:106EB00006CEB68422CCDD4663E2B608D94663FE30
:106EC000D50AA5466381D50A63EEB6049546638C60
:106ED000D50899466387D50A054441687D1863162D
:106EE00006093AC6EFF00F8833068540324742065E
:106EF0004182420441803305C4004205BA85418184
:106F000032C6EF30EF98AA8749C181C43246239038
:106F1000C400B30580406244F240D2443E8505611E
:106F20006FE0BFE5C5466380D504C9460D44E395CF
:106F3000D5FAC167FD17E31EF6FA65B7F54663801B
:106F4000D50463E4B600ED46D5B793062005638803
:106F5000D5029306200DE391D5F8C167FD170D44C6
:106F60006319F600BDBF09448DBF9306200DE3925F
:106F7000D5F8310642064182ADBF15445DBF0D44D0
:106F80004DBFC167FD171D447DB7F2406244D24436
:106F90000561828079714ECEAE89C16526D20147E6
:106FA000AA848946177600001306C689FD15054593
:106FB00022D406D64AD0EF10EFE0054431CD2A891D
:106FC0001307300281461146F5452685EFF01FEE86
:106FD0002AC6554431C18357A900CE8601462314E1
:106FE000F10091472315F10085472300F500B247D2
:106FF0002C002685A38007003247FD572301F700A8
:107000003247A301F700EF10AFD12A8411C53245F2
:1070100097B0FE1FE78040822285B25022549254DE
:107020000259F24945618280411106C6EFF09FC0C6
:1070300019C5B240410117A3FE1F6700E37FB240AC
:1070400041018280011106CE2AC6EFE0BFD8324549
:10705000914523A6019C23A8019C97C7FE1FA389E5
:10706000A772EF201FFEF24005616F200FDD93979E
:107070000501C18763D80712797117C5FE1F034543
:10708000357122D44AD006D626D22E89EFB0FEE141
:107090002A8449CD034705009307000A6315F708C2
:1070A00085474C08A305F100EFE0DFDEAA8405ED7B
:1070B0008347610171476374F708138717FE1377DD
:1070C000F70F9306000263F3E608858BC5C7938725
:1070D000C19C9C43994481CB035524001306B10005
:1070E0004C088297AA848347B10099C7084409C510
:1070F00097A0FE1FE780407495E05247B707000154
:10710000938707F07D8FB707120093870710630CF2
:10711000F70003476101ED476317F70003552400AB
:107120008545EF20DFE62285EFB01ED1B250225414
:1071300021653345A9009254025945618280370781
:10714000301405073357F700058B41D31387019D92
:10715000184351DB0347510159F72306F1009947C2
:107160002308F100035524006C0023170100EFE011
:107170005FF195BF9387019D9C439DC303552400F8
:107180001306B1004C08829739DDAA848347510168
:10719000B9FB83476101230891002306F100D9B7A9
:1071A0009944EDB7014582808147176800001308B4
:1071B000E83E1306F00F3307F800834607001397E5
:1071C000060141836364E5006393C600828083D631
:1071D00005006365D7002390E5008280850793F75B
:1071E000F70FD1BF41119397050122C406C626C2ED
:1071F000C1872E8463D50702EFB03ECBAA8409CDA8
:1072000083470500054793C707086364F700EF400D
:1072100000202685EFB05EC22165218D29A893F755
:10722000150099CF97C7FE1F93874761FC5791C3FD
:10723000829713451400B240224492444101828057
:1072400093F7250099CB97C7FE1F9387275FBC5BF9
:1072500091C3829713452400F9BF93F7850081CF2E
:1072600097C7FE1F9387875DFC5FBC5B91C38297C6
:1072700013458400C9B793F7450081CF97C7FE1F18
:107280009387C75BFC5FFC5791C38297134544000B
:107290005DB793F7050291CF97C7FE1F9387075AF3
:1072A00083A7070983A7070991C38297134504029F
:1072B00059B793F7050191CF97C7FE1F93870758DA
:1072C00083A7070983A7C70891C3829713450401C1
:1072D0009DB7939725010145E3DF07F497C6FE1F8D
:1072E00083C6365617C6FE1F0346A65597C5FE1F12
:1072F00083C5155517C5FE1F03458554EFA0BFC6AE
:10730000096521BF411122C417C4FE1F1304045391
:1073100013068012814526C2AA84228506C623ACA4
:10732000019C9790FE1FE780006F0145EF2030120F
:107330000145EF20701897C7FE1FA382972AB70751
:10734000D707B50717C7FE1F2324F750B7A70D0DA2
:107350009387372117C7FE1F232EF74EB7A7D707EE
:107360009387372117C7FE1F2328F74EE9779387A6
:10737000372117C7FE1F2313F74E7D478147232070
:10738000E40E0327040D2322F40EB7872D04938700
:10739000F79F5D8F8327440D97C6FE1F23A8E656EF
:1073A00097C6FE1F23A8E65693E7E73917C7FE1FC7
:1073B0002324F75697C6FE1F23ACF65497C7FE1F2B
:1073C00083C7E71E17C7FE1FA308F75217C7FE1F84
:1073D000A308F752F977FD1717C7FE1F2313F756B7
:1073E00017C7FE1F2310F756FD4717C7FE1F230CB4
:1073F000F75497C7FE1FA38F074685679387F7F05B
:1074000017C7FE1F2319F74617C7FE1F2316F74697
:10741000EFC00ED397C7FE1FA383A7429307C01CDC
:1074200017C7FE1F2319F748854717C7FE1FA30676
:10743000F74497C7FE1F83D7E716A98317C7FE1F18
:10744000A300F7488D4717C7FE1F231AF74297C7B7
:10745000FE1F23A70742B71707069387074417C7DE
:10746000FE1F2321F74297C7FE1F9387671383D719
:1074700007011307B00F6374F7009307B00F13965B
:10748000070117C7FE1F2310F73E17C7FE1F231E55
:10749000F73C8347C40341829306E600918BC5C342
:1074A000931766009387073DC207C18317C7FE1F66
:1074B000231CF73A0347D403118B49C713176600FF
:1074C0001307073D4207418397C5FE1F2390E53A06
:1074D000ED4532876373B6006D4717C6FE1F231054
:1074E000E638130680143E8763F4C7001307801440
:1074F0008E0697C7FE1F2395E73697C7FE1F239377
:10750000E73697C7FE1F239ED7349307C01C17C7C3
:10751000FE1F2315F736B70716009387079017C786
:10752000FE1F2327F734EF908F94EF20F034EF8085
:107530006FFF2244B240924441016F40203A93973A
:1075400036009DB713973600B5BF411106C622C459
:1075500026C217C7FE1F0347473297C7FE1F83C7C0
:10756000D7316369F70001442285B2402244924436
:1075700041018280AA84930510241305800B97A0F3
:10758000FE1FE780001F2A8479DD1306800B8145EA
:107590009790FE1FE780204881E4C1572304F40040
:1075A00097C7FE1F93878729B84F3DE717C7FE1F70
:1075B0002320872E17C7FE1F232E872C17C7FE1FD9
:1075C000232C872C23200400054797C6FE1F238603
:1075D000E62A0547A304E400130700F9A305E40025
:1075E00017C7FE1F1307871B544B184F17C5FE1FE5
:1075F000034545FC74C438C87D57230BE40083C79A
:10760000A704A30EE4062304A4062306F40AEF80CD
:10761000DF81A30AA40089BFF84F00C317C7FE1F6C
:10762000232C87262320040003C7E703050771BF27
:107630008347E501411122C406C69907A308F50056
:107640007C4511472308E5002380E7007C4503477C
:1076500015012A84A380E70083475503858B91E7B2
:107660000347450389476319F700784483470700B8
:1076700093E707042300F700684493056403194661
:1076800009059790FE1FE780803568440356E401A2
:107690004C5421059790FE1FE7806034930730F922
:1076A000A305F400B24022444101828041114AC046
:1076B00017C9FE1F130989188327490B06C622C460
:1076C00026C299E3054505AAAA84EF803FB883271F
:1076D000490B8297EF20F0082A846DD5DC50AC4826
:1076E0002324F50803C7B4009307A009631BF71010
:1076F00085472300F51483C734062303F514A30339
:10770000F51483C7F50003C705010148A207420726
:10771000BA9703C7E5001546F905BA9703C735FFC1
:10772000130584136207BA97232CF40883C755FF07
:1077300003C765FFA2074207BA9703C745FFBA9779
:10774000232EF40883C775FFA30BF40283C795FFAC
:1077500003C785FFA207D98F231CF40283C7B5FF97
:1077600003C7A5FFA207D98F231DF40283C7D5FF46
:1077700003C7C5FFA207D98F231EF40283C7F5FFF5
:1077800003C7E5FF232E0413A207D98F231FF4029A
:107790008147232CF4129790FE1FE7804024B848BD
:1077A00083473702FD8BA30AF40203473702ED1724
:1077B00093F7F70F15832308E4022D476368F70258
:1077C0008357A40305679306A7C7E917C207C183B8
:1077D00063EEF6008356C4039307301F63E8D700B7
:1077E0008357E403130707C8637EF7020355840039
:1077F000EF20807F0145B24022449244024941017A
:1078000082808327890D13971701E35C07EEFC4400
:1078100003C7070083C70500F98F9583858B230075
:10782000F514C5B58327890B228582978327090E16
:1078300003558400294693F7072091E305469305F5
:107840000008EF3070568327890D1397170163598D
:10785000070003558400514693050008EF30D054CB
:1078600083274905FC4B13974700E35D07E403C5F5
:107870008400A38B0400494693050008EF30D052E2
:1078800091B5411122C406C626C24AC097C7FE1F41
:1078900083C7D7FA2A848DEB034704018547631811
:1078A000F70E8347D40303475404858B631FF70CFB
:1078B0001946930564041305E4039790FE1FE780BF
:1078C000001BB334A000A1A883475504DDC783473C
:1078D000B5041307000493F7070C6390E70A0859EF
:1078E00031C513096404CA851305A50297A0FE1FBC
:1078F000E78000028547AA84631AF5020858894781
:107900002302F404834735001946CA8593E727000C
:10791000A302F40451059790FE1FE780400CB2408B
:107920002244268502499244410182800347040192
:1079300085476304F70483470406918B9DEF8347D3
:10794000C40385EF1305440497A0FE1FE780400899
:1079500008D805C589472302F40483473500194632
:107960009305640493E72700A302F404510597905C
:10797000FE1FE780C00685445DB78347C403898B3B
:1079800081DF1C5883C7170081FB814449BF8347AF
:107990000406918B99F78347D40013F717000DC3A2
:1079A000834634010D47639DE60068402C44224421
:1079B000B2409244024941011793FE1F6700E3471A
:1079C000898BD5DB034734019547E316F7FAF1BFFE
:1079D000411197C7FE1F238F07EC22C4930710F9AC
:1079E00006C6A305F5009387419D80430DC08545DC
:1079F00017C5FE1F0345B5BEEFB01EB8930710278D
:107A00003305F50222832244B24041010283B24091
:107A10002244410182808347A50199C70347A500FD
:107A20006314F7006FF0DFFA0347950111CF834627
:107A3000A5006382E6022305E500894517C5FE1F00
:107A40000345F5B96FB06EF7F1DF0347A50079FB89
:107A50002305F500DDB7F9D7E5BF2C49314783C7CA
:107A6000150093F7F7032309F5006386E7009307F2
:107A700000083E85828083C705000D47BD8BA309A2
:107A8000F500E396E7FE41114AC01309650322C4DD
:107A900019462A84A1054A8506C626C29790FE1F6C
:107AA000E780E0FC9147630F05222C481946130537
:107AB000640483C7050089059987858BA302F404B4
:107AC0009790FE1FE780A0F12285EFF09FDBA14792
:107AD000630A05201305200483044401EFD06EC619
:107AE000620561859307000863CEA41E64449D4728
:107AF0002308F4002380F40085472381F400A38148
:107B0000F400CA851946138544009790FE1FE7804C
:107B100000ED83C7240003C734000149990793F798
:107B2000F70F136787002381F400A381E4007844F2
:107B3000BA970357C406A381E70083C7240078449B
:107B4000834614063E978357C4069206A183BD8BD5
:107B5000D58F2302F70003C7240009071377F70F17
:107B60002381E4008356E401E1C283470406795986
:107B700093F7070491C375593309E9401379F90F55
:107B80006374D90A83463406751989471379F90F46
:107B90006391F6168347B406639607169167938739
:107BA0000729F9469387771BB3C7D70217C6FE1F6D
:107BB000034646D01366060197C5FE1F238CC5CE2B
:107BC00013864192104285650CC6B386D70286069D
:107BD00034D283C6340093E60601A381D4007444F2
:107BE000034624063697A301C70083C624007844C1
:107BF00036972302F70003C724007444A187BA967E
:107C0000034734061607D98FA382F60083C72400E2
:107C10008D072381F4005C54CA973CDC8357E40150
:107C2000B38727412319F4068347040693F7070413
:107C300085C703C734007C4483C624001367070448
:107C4000A381E40003475401B697A381E70083C7EB
:107C5000240085072381F40003C524000356E401B2
:107C60004C549307350068443E954DC26360C90A81
:107C70009790FE1FE780A0D60349E40103C72400C4
:107C80009377F70385073E99A30824012381E40035
:107C900083475403858B91E703474403894763195E
:107CA000F70078448347070093E707042300F700B1
:107CB0007C4483451401A380B700930790F9A30582
:107CC000F400034534068347B4065D8DEF800FA3AF
:107CD000014681450D459790FE1FE7802058EF80B3
:107CE000EFD68147B2402244924402493E85410189
:107CF0008280054693078042E385C6EA85679387BD
:107D0000878445B585679387E71B61BD4A86979051
:107D1000FE1FE780C0CC9DB72C491307200283C704
:107D2000150093F7F7032309F5006396E71A01118D
:107D300022CC06CE26CA4AC84EC683C705001547C0
:107D40002A84BD8BA309F500639CE7021946A105AF
:107D5000130565039790FE1FE78060D19147630A82
:107D600005142C4819461305640483C705008905CA
:107D70009987858BA302F4049790FE1FE78020C6A5
:107D80002285EFF01FB0A147630505128346340634
:107D900017C9FE1F1309C988054797C9FE1F83D954
:107DA000A98883270900637ED710829737460F0082
:107DB000AA841306062481461305007D3385A90293
:107DC0008145EF303052B307950033B5A7002E95AB
:107DD0003E878326490019E163E4D7003387D74003
:107DE0006444A1472308F40058D02380F400854759
:107DF0002381F400A381F4001946930564031385DD
:107E000044009790FE1FE78080BD83C72400990738
:107E10002381F40083C7340093E72700A381F40093
:107E20008347540481CB78448347070093E707F8DE
:107E30002300F7001946930564041385A400979066
:107E4000FE1FE780C0B983C72400990793F7F70F97
:107E500013F7F7030507A308E4002381F400834721
:107E60005403858B91E70347440389476319F7005F
:107E700078448347070093E707042300F7007C4416
:107E800083451401A380B7009307A0F9A305F4006C
:107E9000034534068347B4065D8DEF802F86014687
:107EA00081450D459790FE1FE780403BEF800FBA5C
:107EB0008147F2406244D2444249B2493E8505615D
:107EC0008280829737460F00AA84130606248146D3
:107ED0001305803EE5B5930700083E858280411179
:107EE0004AC0138941928327090022C41307000A5C
:107EF00006C626C22A84F8D30945EF808FBC938634
:107F000081919042B7050082FD155C56F19B93E785
:107F100017005CD6032709005C4393E717005CC396
:107F20008347840693F7F703139797015C56ED8F09
:107F3000D98F5CD637170040930770052300F704EC
:107F4000930780FA2300F70403068406B54763D03D
:107F5000C7168357270293E707012311F7029C42B4
:107F60003706330098431377F7E798C3984313779E
:107F7000F7E71367071098C31387C1921843144794
:107F8000D18E14C7832609001306A00DB0CA54571A
:107F9000F59A54D7034724069376F7079843137747
:107FA00007F8558F98C337C7898E130767ED98C7B1
:107FB00037575500644413075755D8C39D472308C6
:107FC000F4002380F40085472381F400A147A381B6
:107FD000F4007C440357C4062382E70083C72400CF
:107FE0007844834614063E978357C4069206A183BD
:107FF000BD8BD58F2302F70003C524009307E00F44
:1080000009051375F50F2381A40003562407898FF2
:1080100063CFC7047C442C5C0D053E959790FE1FF2
:10802000E780E09B03C72400834724079376F70388
:108030008507B697A308F4002381E400834754031F
:10804000858B91E70347440389476319F700784418
:108050008347070093E707042300F7007C440347A6
:108060001401A380E700930780F9A305F400832798
:10807000090078448145171500001305C539B8DBA0
:10808000EFB0EED697B7FE1FA38B0770834534067B
:108090008347B406034614012244B2409244024985
:1080A000DD8D014541011793FE1F6700231B835798
:1080B0002702C207C183BD9BC207C18379BD397145
:1080C00052D4138A419283260A0022DC26DA06DE85
:1080D0004AD84ED69307000AFCD2938781919C43DD
:1080E000B70533002A84D857719B13671700D8D778
:1080F00098431377F7E798C398431377F7E7136725
:10810000071098C31387C192184310474D8E10C7AC
:108110001306A00DB0CA5057759A50D703472506CD
:108120001376F7079843137707F8518F98C3DC420B
:108130000D4793E71700DCC264459D472308F5000F
:1081400085462380F400A38104002381D400834763
:10815000F5056385E70019476396E7528547A381D4
:10816000F400194693056403138544009790FE1F9D
:10817000E780E08683C7240099072381F400034742
:10818000F40599476316F70483C734001385A400E8
:1081900093E72700A381F40083475403898B638509
:1081A000071E0C5883C725016380071E1946D10599
:1081B0009790FE1FE780A08278448347070093E7EB
:1081C00007F82300F70083C7240099072381F400F0
:1081D00083C7340003C7240093E78700A381F4001A
:1081E0007C44BA970357C406A381E70083C72400E1
:1081F0007844834614063E978357C4069206A183AB
:10820000BD8BD58F2302F70003C72400090713771E
:10821000F70F2381E4008356C4016386061A83475F
:108220000406795993F7070491C375597C483309BB
:10823000E9401379F90F918B81C739191379F90F37
:1082400081496374D90A83473406751989461379BD
:10825000F90F639DD7148347B4066392071691699B
:1082600093890929F9479389791BB3C9F90297B60C
:10827000FE1F83C6266493E6060117B6FE1F230B76
:10828000D66283260A00056690C6B387F902860780
:10829000BCD283C7340093E70701A381F4007C4478
:1082A000834624063E97A301D70003C724007C44DD
:1082B00093D68940BA972382370183C72400784434
:1082C0003E97834734069607D58FA302F70083C7EE
:1082D00024008D072381F4001C54CA973CDC83578B
:1082E000C401B38727412319F4067C48914613F74C
:1082F000C700630BD700B1466316D7268346140622
:108300000347F4076390E626A18BE1C793870186B4
:108310009C4383298409829717B7FE1F13074730B0
:1083200063E6A90AB7470F003385A940938707245E
:10833000B335F5020356870081463305F502EF3069
:10834000607AAA89B7074B00138749ED9387B7C7AF
:1083500063EAE7204946814568009780FE1FE78071
:10836000806BB7C70300938737FC63CD3713BD0914
:10837000F947B3C9F902B2477977F98FCE0993D992
:108380003901B3E93701B9A28347D40381CB7844DB
:108390008347070093E707F82300F7001946930582
:1083A000E4039780FE1FE780806331BD8546930913
:1083B0008042E389D7EA85699389898465B58569AF
:1083C0009389E91B45B58149014905B75C43BE99CD
:1083D00091BF83C7340083453406C18BA1CB794656
:1083E0000947B389C902835724076395E502034708
:1083F000B40699078E0709CB9387770D139617005C
:10840000B299938949293DBF9387A7049396370072
:10841000B699C5BF05476397E500BD0713972700C9
:10842000BA99C5B7B9078E07BE99E1BF03C7240043
:108430008357C401BA970947639EE5040347B4060E
:10844000D9078E0721C79387770D860717B7FE1FB9
:10845000034757461367170097B6FE1FA38CE644E1
:1084600003270A00A1669389875214C7938757543C
:10847000F946B3C7D702B387D70286077CD78347AD
:1084800014062300B408A30FF4066DBD9387A70458
:108490008E076DBF05476395E500FD078A077DB729
:1084A000F907FDB7B7872500138747ED6346370304
:1084B0001307C01293896909B3C9E902B2478966F3
:1084C0001387F6FFD58F33F7E900F979B3F9370150
:1084D000B3E9E9004EC619A863C037178357C10036
:1084E0006977F98F1167D98F2316F10083576408D4
:1084F00068446C00139707018357C100D98F3EC6AB
:108500008327040A0327C4083EC88327440A131696
:108510008700618393F6F70197B7FE1F83C7373251
:108520009D8B9607D58FD18F3ECA83270409494674
:10853000A2075D8F835784083ACC231EF10083C7BE
:1085400024008D073E959780FE1FE780404983C732
:10855000340093E70702A381F40083C72400C9070E
:108560002381F4008347040693F7070485C703C7F4
:1085700034007C4483C6240013670704A381E4000D
:1085800003475401B697A381E70083C724008507FA
:108590002381F4000356C40161E2014983C624002B
:1085A0008347E40513F7F60305073A999A07D58F31
:1085B000A30824012381F40083475403858B91E7AA
:1085C0000347440389476319F7007844834707004A
:1085D00093E707042300F7007C4403471401814517
:1085E00017150000130525E3A380E700930760F942
:1085F000A305F400784483270A00B8DBEFA03EFF10
:1086000097B7FE1FA38D071897B7FE1F238A071879
:10861000834534068347B406034614010145DD8DC6
:108620009790FE1FE78080C3F2506254D2544259A3
:10863000B259225A21618280B787DAFF938767098E
:10864000BE998347D10093F7F7F993E70706A3068E
:10865000F1009307C01231BB03C524000C549307EB
:10866000350068443E956369C9009780FE1FE78026
:1086700000370349C4011DB74A869780FE1FE78073
:10868000003629BF1387E7FF1377D70F6311071E43
:10869000A381D40093056503194613854400978090
:1086A000FE1FE780C03383C7240003C7340097B997
:1086B000FE1F9389A918990793F7F70F136787008F
:1086C0002381F400A381E40078440149BA97035759
:1086D000C406A381E70083C72400784483461406B8
:1086E0003E978357C4069206A183BD8BD58F230284
:1086F000F70083C624009147890693F6F60F23817D
:10870000D4000347F4056310F70C83470406795936
:1087100093F7070491C375598357C4013309D940AE
:108720001379F90F6371F90A0347340675198947FC
:108730001379F90F6318F7108347B406639D071088
:1087400091679387072979479387771BB3C7E70218
:1087500003C689071366060197B5FE1F238CC5144F
:1087600003260A0085650CC63387E702060738D260
:1087700003C7340013670701A381E400784403466C
:108780002406BA96A381C60083C62400784436978F
:108790002302F70003C724007444A187BA96034755
:1087A00034061607D98FA382F60083C724008D07ED
:1087B0002381F4001C54CA973CDC8357C401B3875F
:1087C00027412319F4068347040693F7070485C756
:1087D00083C7340003C7240093E70704A381F40090
:1087E0007C44BA9703475401A381E70083C7240060
:1087F00085072381F4000347F40591476317F706C3
:108800000356C4013DC203C524000C549307350030
:1088100068443E956365C9049780FE1FE780201C6D
:108820000349C4010347F4059147631AF72883C736
:10883000890793F7070F93E7570017B7FE1F230B1E
:10884000F706A9BB054693078042E30EC7EE85678E
:1088500093878784CDBD85679387E71BEDB54A86EF
:108860009780FE1FE780A01775BF014965BF93F78A
:10887000B70F0547E393E7D2A381F400930565039F
:108880001946138544009780FE1FE780401583C773
:10889000240099072381F40083C7340093E727005D
:1088A000A381F4008347D40381CB78448347070036
:1088B00093E707F82300F700834754031385A400C8
:1088C000898B6387071A0C5883C725016382071AAF
:1088D0001946D1059780FE1FE780601078448347D2
:1088E000070093E707F82300F70083C7240003C7B6
:1088F000340097B9FE1F938969F4990793F7F70F2E
:10890000136787002381F400A381E40078440149C0
:10891000BA970357C406A381E70083C724007844AD
:10892000834614063E978357C4069206A183BD8BE7
:10893000D58F2302F70083C624008547890693F666
:10894000F60F2381D4000347F4056310F70C834727
:108950000406795993F7070491C375598357C401E5
:108960003309D9401379F90F6371F90A03473406C3
:10897000751989471379F90F631EF7108347B406F9
:108980006393071291679387072979479387771B2A
:10899000B3C7E70203C689071366060197B5FE1F32
:1089A000238AC5F003260A0085650CC63387E702D3
:1089B000060738D203C7340013670701A381E40018
:1089C000784403462406BA96A381C60083C62400D1
:1089D000784436972302F70003C724007444A18724
:1089E000BA96034734061607D98FA382F60083C7C9
:1089F00024008D072381F4001C54CA973CDC835764
:108A0000C401B38727412319F4068347040693F76B
:108A1000070485C783C7340003C7240093E707040E
:108A2000A381F4007C44BA9703475401A381E70073
:108A300083C7240085072381F4000347F405854795
:108A4000631DF7060356C4012DCA03C524000C5448
:108A50009307350068443E95636BC9049780FE1FF9
:108A6000E780E0F70349C4010347F405854775BB78
:108A70008347D40381CB78448347070093E707F803
:108A80002300F70019469305E4039780FE1FE78053
:108A900000F5A1BD054693078042E308C7EE856750
:108AA00093878784DDB585679387E71BF9BD4A8681
:108AB0009780FE1FE780A0F245BF014975B783C7C5
:108AC000890793F7070F93E7670085BB011156C22B
:108AD00097BAFE1F938A8AD683A74A0A06CE22CC6B
:108AE00026CA4AC84EC652C4639F07502A84094505
:108AF000EF702FFD13894192032609009307000AA6
:108B0000938981917CD283A70900B7053300568AE7
:108B1000D857719B13671700D8D798431377F7E797
:108B200098C398431377F7E71367071098C3138721
:108B3000C19218431447CD8E14C79306A00D34CAB2
:108B40005457F59A54D70347A4009376F7079843F0
:108B5000137707F8558F98C38347E4007844BD8B9B
:108B60002308F4002300F7001D476444639CE73C9E
:108B70008547A38104002381F4000347F4058D4554
:108B8000631FB7288357C401639207187C481147B5
:108B9000B18B638DE71631476398E70003471406EE
:108BA0008347F4076304F7168547A381F400194649
:108BB00093056403138544009780FE1FE78020E23D
:108BC00083C72400990793F7F70F2381F400034725
:108BD00004061377070415C303C73400136707049B
:108BE000A381E4007844BA9703475401A381E700C6
:108BF00083C7240085072381F40097B7FE1F238BCA
:108C000007CA83C624008347E40513F7F603050764
:108C10009A07D58FA308E4002381F400930740F955
:108C2000A305F40083475403858B91E7034744036E
:108C300089476319F70078448347070093E70704DF
:108C40002300F7007C4403471401B7060082FD1699
:108C5000A380E700032709005C4393E717005CC388
:108C60008347840603A6090093F7F7031397970138
:108C70005C56F58FD98F5CD6371700409307700587
:108C80002300F704930780FA2300F7048306840681
:108C9000B54763D2D7368357270293E707012311DD
:108CA000F70203A70900B7C7898E938767ED1CC732
:108CB000B7575500938757555CC38347A406834431
:108CC00044068145170500001305E574DD8C8947CE
:108CD00017B7FE1FA307F7AC97B7FE1FA38107AC1A
:108CE000832709007844B8DBEFA07E900346140187
:108CF0006244F2404249B249224A924AA685D2448D
:108D0000014505611783FE1F67004355A147A381F5
:108D1000F4008357C4062382F4008357C406034734
:108D200014067444A1831207BD8BD98FA382F60069
:108D300083C624000547890693F6F60F2381D400E5
:108D400083478A07032609006313F706034744068F
:108D500089476316F71E0347A406938766008E07AC
:108D6000630B071C9387770D8607231AF406835736
:108D7000440703478401F9459387070AB387E7024D
:108D8000094517B8FE1F2307A8B2056508C69387D3
:108D900007FBC207C18393877716B3C7B702139740
:108DA0000701B387B702418386073CD21DA0385222
:108DB000F94705833357F7023C526C528583FD8B8C
:108DC000AE977CD28D4717B6FE1F2305F6AE42073D
:108DD000418383C7340093E70701A381F4007C44F7
:108DE000BE968347240693E70704A381F60083C653
:108DF00024007C44B6972382E70083C624007C4489
:108E000021837D8BB697834634069606558FA382C1
:108E1000E70083C724008D072381F400DDB3994662
:108E20006319D70A0357C4014DE7A381F4001385E2
:108E300044001946930564039780FE1FE78020BA1B
:108E400083C724001385A40099072381F40083C7F6
:108E5000340093E72700A381F40083475403898BF0
:108E6000B9C70C5883C72501B9C31946D1059780E6
:108E7000FE1FE780C0B678448347070093E707F8F2
:108E80002300F70083C72400990793F7F70F238186
:108E9000F4000347040613770704E30007D683C6EC
:108EA0003400784493E60604A381D4002DBB8347A5
:108EB000D40381CB78448347070093E707F8230066
:108EC000F70019469305E4039780FE1FE78020B161
:108ED00055BFA147A381F4008357C4062382F40041
:108EE0008357C406034714067444A1831207BD8B3D
:108EF000D98FA382F60083C624000547890693F61E
:108F0000F60F2381D40083C78A0703260900E30FE5
:108F1000F7E23852F94705833357F7023C5268525B
:108F20008583FD8BAA977CD297B7FE1F2384B798C1
:108F30004207418379BD9387A7048E073DB5938788
:108F4000E600E5BF0547639CE708B147A308F400C6
:108F500083475403898BADC30C5883C72501A9CF20
:108F60001946D105138584009780FE1FE78020A74E
:108F700078448347070093E707F82300F700684425
:108F800019469305640309059780FE1FE78020A515
:108F900083278A0D13971701635D07008347E40059
:108FA000B98B81EB78448347070093E707022300DE
:108FB000F700930720F9ADB18347D40399C783C75E
:108FC000040093E707F82380F400684419469305EA
:108FD000E40321059780FE1FE78060A04DB703568C
:108FE000C4010C54138584009307660093F7F703BC
:108FF000A308F400C5B783572702C207C183BD9BEE
:10900000C207C18369B9F2406244D2444249B249BD
:10901000224A924A05618280411197B7FE1F9387C9
:10902000E78122C4A05306C605478346C400639067
:10903000E60283C7870711476315F7002285EFE033
:109040003F9922852244B24041016FF03FA8B240CF
:1090500022444101828097A7FE1F9387277EBC4F41
:1090600099E33E85828003C78700E30CA7FE9C43FB
:10907000C5BF011106CE22CC26CA4AC84EC6EFF0A3
:109080009FFD11E98144F240624426854249D24461
:10909000B24905618280834755032A8489EF1946C6
:1090A00097B5FE1F93850588130564039780FE1FFF
:1090B000E780E092B5A80547639EE70097A7FE1FEB
:1090C00083C7E777C944E1D3194697B5FE1F938557
:1090D000C585D9BF1C59A1EB8347C503230A0502E7
:1090E00091EB034754038547230AF4028947E317AA
:1090F000F7FC75B71305C5039790FE1FE78000883E
:1091000008D815C1EF2040570C5883C7A50081CF60
:109110008947230AF4021946B105130564039780B1
:10912000FE1FE780C08B034744038947E31BF7FA20
:1091300097A7FE1F83C797709DCB8347C40385CB3A
:1091400083473404130700041305C40393F7070C83
:109150006397E7109790FE1FE780808708D81C5818
:1091600099C783C7270181C78947230EF402834427
:10917000C40089F885470349E4002306F400A304EA
:10918000F40017A7FE1F0347374397A7FE1F238747
:10919000076A93170701231BE4069376F900194722
:1091A000C183637AD70683464406094793894700FB
:1091B0006394E6009389C7038356C401834534064C
:1091C00017A7FE1F0347275E1305A00F9307E70BA2
:1091D000231B3407138726000946B3D6A6020E07C1
:1091E00017A5FE1F035545446390C5081307A70440
:1091F0000E073E979397A600BA9737460F001306BF
:1092000006248146B3A5A7023305F502EF20900D91
:109210004E95231BA4068357E40623180406B1CBFE
:10922000034564019307F00F6307F500EFA06EAFED
:10923000FD57230BF4000356E4069306640112065F
:10924000A285171500001305E596EFA08E9A8545B7
:1092500017A5FE1F0345B538EF903EF62DB5978054
:10926000FE1FE780A071DDBD6D073E9793979600C6
:1092700061B78547E31DF9FC034564019307F00FCF
:109280006307F500EFA0EEA9FD57230BF400056678
:10929000930664011306068065B7411106C622C411
:1092A0002A84EF60BFFA228523060400A305040088
:1092B000A3040400EFE0CFF1854517A5FE1F034589
:1092C0001532EFA0AEA1894517A5FE1F0345353124
:1092D000EFA0CEA0034564019307F00F6307F500EC
:1092E000EFA02EA4FD57230BF400B240224441010D
:1092F00082802C49411106C622C426C24AC083C7B7
:1093000015007D4793F7F7032309F500E91793F755
:10931000F70F637BF70093040008B24022442685D0
:10932000024992444101828083C70500BD8BA30995
:10933000F500F51793F7D70FF9FF2A841946A10511
:10934000130565039770FE1FE7806072914471D525
:109350002C4885472302F40483C705001946890574
:109360009987858BA302F404130564049770FE1F8C
:10937000E780E0662285EFE0CFD085472A89E31CAD
:10938000F5F8034734019547631EF702EF003015E7
:1093900097A7FE1F83C737228D8B6375F50283471E
:1093A0000401E36AF9F6938701869C43814482971E
:1093B00048D02285EFE08FAFE31125F72285EFF04B
:1093C000DFEDA1BF8347040181C71947E395E7F4A7
:1093D0001305200483044401EFB0BEB66205618525
:1093E000E3CBA4F22285EFE0AFA48347A4060345B4
:1093F00044068345140181445D8DEF603FB0014612
:1094000081450D459780FE1FE78040E5EF601FE432
:1094100029B7397126DA97A4FE1F9384244222DCEF
:10942000A0504AD84ED652D456D25AD05ECE62CC34
:1094300066CA06DE314B974A0000938AAA17914B01
:1094400017A9FE1F13098935938941920D4C97ACDA
:10945000FE1F938CEC14130A44018347B4009387D6
:10946000E70693F7F70F6367FB188A07D6979C43C5
:10947000D69782870146930550020145EF60FFBCF5
:1094800013065002814505459780FE1FE78000DDE9
:1094900083473900858BD1C3284881465286814550
:1094A00097A7FE1FA38D072E9780FE1FE78020D170
:1094B00001E52285EFF0FFE30347B400930730098D
:1094C000E30DF7F8EF609FD82285EFE0CFD4F2509C
:1094D0006254D2544259B259225A925A025BF24B08
:1094E000624CD24C2161828083472900858B95C3D1
:1094F00097A7FE1F2385072A834704010547637545
:10950000F7001947E390E7FC9307B0F9A305F400CF
:10951000A9B783A70900FC53A9F397A7FE1F2381CE
:1095200007284DB783472900858B6386073C97A79B
:10953000FE1F2386072693848193EF603FD19C40D2
:109540009DCBDC438DCB89472302F1008347540434
:10955000130561001946A302F100834744019305F6
:1095600064042306F1009770FE1FE78040479C408B
:109570004800DC4382978347740689CF83455404AF
:109580000345840013066404EFA0CFC78347740625
:10959000898B9DFB2285EFE0AFC315BF8347B406DF
:1095A000034534060146930550025D8DEF60FFA927
:1095B0000146814505459780FE1FE78020CA834705
:1095C0003900858B638E0732284881465286814553
:1095D00097A7FE1FA385071C9780FE1FE78020BE6C
:1095E00001E52285EFE04FF30347B4009307A0099C
:1095F000E305F7E6EF609FC571BF8347B4060345F7
:1096000034060146930550025D8DEF601FA40146AC
:10961000814505459780FE1FE78040C48347390098
:10962000858B638F072C284881465286814597A7F2
:10963000FE1FA38607169780FE1FE78040B801E54E
:109640002285EFE08FC10347B400930790094DB71F
:1096500083472900858B6380072A97A7FE1F2380F5
:109660000714EF60BFBE83C7840709476307F7008D
:1096700083C784070D476315F70283A609000357C4
:109680004407BC521307C712858363FBE7009307A7
:1096900050F9A305F400BC528583E39007DCDDBDDF
:1096A000034794018347A4011DCF8346A4006301AF
:1096B000D7286387F6002305E4002285EFF00FC169
:1096C0008347790093F7F70FE39907D883C7840797
:1096D00009476307F70083C784070D47E31CF7EAD0
:1096E000930750F925B5E9DF0347A40071FB230573
:1096F000F400E1B783C78407E39EFBFE2285EFE019
:109700001F9CA1BB83472900858B6386071E97A7F3
:10971000FE1F2386070883C78407C18B85C7EF60B8
:10972000FFB283C7840793F70702E5DF83C7840787
:10973000228593F7F70C17A7FE1F230DF716EFE00E
:109740000FFA21BB83C79407858B91C7EF601FB0C9
:109750009307E0F965BB83C784071547BD8B639BFF
:10976000E700B52B83C77C018D8BE375F5E8930784
:10977000D0F969BB83C784071947BD8BE39CE7E633
:109780009307C0F961B383472900858BE38707CC32
:1097900097A7FE1F2385070083C78407C18B89CB4A
:1097A000EF60DFAA83C7840793F70702E5DFBDBF39
:1097B00083C79407858BD9FB83C784071547BD8B67
:1097C000E387E7FA83C784071947BD8BE38AE7FA83
:1097D000EF60DFA7EDB9FC58230E8407228582973E
:1097E0000347B40093077009E309F7C6CDB1834777
:1097F0003900858B95C7EF607FA59387819198434A
:109800007C53ED9B7CD397A7FE1F238E07F8371759
:10981000004083578701C607C583231CF7009DBB03
:1098200083A70900FC53E39A07C2EF603FA2938726
:10983000819198437C53ED9B7CD397A7FE1F238493
:1098400007F63717004083578701C607C583231CD7
:10985000F70097A7FE1F238507F42DBB8347290038
:10986000858BD1CB97A7FE1F238B07F283C7840775
:10987000C18B9DC383C7840793F70702E5DF228569
:10988000EFE0EFE583C7840793F7F70C17A7FE1FF8
:109890002302F702EF609F9B2285EFE06F93938492
:1098A00081939C409DCBDC438DCB89472302F10003
:1098B00083475404130561001946A302F10083474E
:1098C0004401930564042306F1009770FE1FE780AE
:1098D00000119C404800DC43829783477406858BC7
:1098E000E38707BE834554040345840013066404DC
:1098F000EFA04F91E9BE83A70900FC53E39F07B493
:1099000097A7FE1F238E07E8F5B197A7FE1F83C711
:1099100007E9858BF5D797A7FE1F238207E8EF603D
:10992000FF922285EFD09FD82285EFF01F9745B692
:10993000E38807D86DBB411197A7FE1F938707F0F7
:1099400022C4E04B06C626C2630804248346C40032
:1099500005476393E62497A6FE1F83C696E4154742
:10996000638BE60017A7FE1F130747E30347770043
:109970008D46639DE6002244B240924417A5FE1F27
:109980000345F5C5854541016F903E8383C70700B8
:109990008356040217A7FE1F232287F0850793F73B
:1099A000F70F17A7FE1F230BF7E8130700643347D1
:1099B000D70263C8E700EFA08E8397A7FE1F238F0F
:1099C00007E60347E4009D476317F70483479406BF
:1099D00085CF8356040763E6F60283458400930728
:1099E0003004A30BF4001305300493F6F60F014680
:1099F000EFA00F8122852244B240924441016FF0D2
:109A0000DF8985062318D406930530020545EF90BB
:109A10009EF72301A406854717A7FE1F230CF7E82E
:109A2000034784018D476319F70AEF908EE60D898D
:109A300001ED930770022305F40093075002A30C75
:109A4000F4009307600231A885476310F508930777
:109A500060022305F40093075002A30CF40093075F
:109A60007002230DF4000347E400854797A4FE1F0E
:109A700083C4F4B66318F70E0356040285452685A1
:109A8000EF90DE8483475403898BEDC78347C4037B
:109A9000F5C30C58E5C183C7A500E9CF8947230A60
:109AA000F4021946B105130564039770FE1FE780A1
:109AB00000F30347C407894763E2E70C2285224489
:109AC000B240924441016FF06F809307500223052A
:109AD000F40093077002A5B789468347F400631921
:109AE000D70213F7170011CF130750022305E40024
:109AF000898B81CF93076002A30CF400230D04002F
:109B00009DB7930760022305F40093077002EDB739
:109B10009DC313F7170001CB930750022305F400F0
:109B2000A30C0400E1BF898B81C793076002FDB7D6
:109B300093077002E5B783479401130740026365FA
:109B4000F7009307500201A8850793F7F70F130753
:109B50007002E368F7FEA30CF40083479401230529
:109B6000F40069BFB9450545EF90FEE103560402D4
:109B70002A9629B78547230AF40225BF93870186D1
:109B80009C4383248409829763EDA4008357640770
:109B90003385A440E374F5F2B2402244924441017B
:109BA000828097A7FE1F9387A7A7DC43BE94F9BFC7
:109BB000011122CCFD5706CE230BF5008357E50695
:109BC0002A849DC783460507834585009307C00304
:109BD000A30BF50001461305C003EF907FE2094592
:109BE000EF602FEE22856244F24005616FF0EFEAEC
:109BF0008347E5000547BD8B6386E700834705067D
:109C0000918BF1DF97A7FE1F938747C383A7070EAA
:109C100093F7072085C302C402C202C081480148ED
:109C2000814701478146054681451305C003EF90F2
:109C3000DFDA75B702C08148014881470147814694
:109C4000054681451305C003EF901FD749BF23AADE
:109C5000A19C8280411106C697A7FE1F83C7379833
:109C600089EB17D5FFFF13052558EF909EAAEFD07B
:109C70006FE997E7FFFF9387878D17A7FE1F2321C3
:109C8000F7C297F7FFFF9387073F17A7FE1F232B06
:109C9000F7C0B24097070000938727CA17A7FE1F97
:109CA0002324F7C097F7FFFF9387473717A7FE1FB7
:109CB000232EF7BE4101828023AEA19C828097A70C
:109CC000FE1F9387A7B7BC4B9C5799E33E858280C4
:109CD00003D78701E30CA7FE93878705FDB797A7F6
:109CE000FE1F9387A7B583A787090145054791E321
:109CF000828083C6B7006393E60005059C43C5BF19
:109D0000411122C491452A84014506C6EF90BEC781
:109D1000231BA40417A7FE1F035747BD854763F104
:109D2000E7060355A41C8357641C37460F0013062F
:109D30000624AA979387172717A5FE1F0355C58EDC
:109D4000B3A5A70281463305F502EF10B05983573A
:109D500004040357E4058355840505461D8F330726
:109D6000B702832704091383F5FF130E80023E9781
:109D700097A7FE1F938787AC83A887096366660051
:109D8000B2402244410182803308C603C687FD5693
:109D90003A9881E7231BC404E5B76314F4001C4020
:109DA000F5DB83AEC7086398BE0083A60709B30638
:109DB000D840B3F6B60263E4A6009C43D9BF0906B7
:109DC00075BF411106C6712A19C98327851101453E
:109DD00081E7B240410182809C430505D5BF7D5596
:109DE000CDBF97A7FE1F938767A583A7470A411199
:109DF00022C426C206C62A84AE846396A70097A70B
:109E0000FE1F23AF07AC8327041281CB03558400C8
:109E1000014693050008EF1020798357440481CB55
:109E2000035584004D4693051008EF10E077035565
:109E30008400154693051008EF100077B240230AFE
:109E4000940423050400230804002244924401459D
:109E500041018280411122C406C62A8483278411CD
:109E6000CDEF83270412E1EF0325041109C5978084
:109E7000FE1FE780609C034574029307F00F6304A4
:109E8000F500EF900EEA034564029307F00F6304B8
:109E9000F500EF900EE9034584029307F00F630489
:109EA000F500EF900EE8034594029307F00F630767
:109EB000F500EF900EE7FD57A304F402035584006C
:109EC000252297A7FE1F83D767A2A1E723A0019EA3
:109ED0009797FE1F9387C774DC4317A7FE1F2325A0
:109EE000F7A09797FE1F9387A76B9C479DC39797F3
:109EF000FE1F9387A76E885309CD9780FE1FE780CA
:109F0000A0939797FE1F23AB076E9797FE1F23A979
:109F1000076EB240224441018280C84309C5978040
:109F2000FE1FE78060918327841103D7A700136782
:109F300007F02395E7009C43232CF41005B7C84392
:109F400009C59780FE1FE780208F8327041203D75F
:109F5000A700136707F02395E7009C432320F41222
:109F600009B797A7FE1F9387678D83A7870999E392
:109F70003E85828003D78700E30CA7FE9C43C5BFC4
:109F800097A7FE1F9387878B83A7870A1797FE1FC4
:109F90000347F7614166050781467D1683D5A70013
:109FA0006389A5006387C5008506C107E3E8E6FE6F
:109FB00081473E85828097A7FE1F9387278803A548
:109FC000870A11CD411106C69780FE1FE780C08623
:109FD000B24097A7FE1F23A707904101828097A751
:109FE000FE1F23A107908280411122C417A4FE1FE7
:109FF0001304C4848326840906C60147B687A5C70F
:10A0000003D687006317A60615EF984297A6FE1F92
:10A0100023A2E68C3E859780FE1FE780E0818327A0
:10A02000C40923A0070097A7FE1F83D7278C9DE7AD
:10A03000EFF07FF897A7FE1F23AE0788B2402244B7
:10A04000410182808326C4096397F60097A6FE1F0C
:10A0500023A4E688C1B7944314C36DBFFD1717A7A7
:10A06000FE1F2315F78897A7FE1F83D72788F9F7C8
:10A07000C1B73E879C4361B77146814517A5FE1F56
:10A08000130545851773FE1F6700E3988327C508EE
:10A0900003568508797193D60701BD8EC206C18229
:10A0A000358E1357764093575640898B058B5D8FBD
:10A0B00093573640918B5D8F93571640A18B5D8FE0
:10A0C00093171600C18B5D8F9317360093F7070225
:10A0D0005D8F931756009355860093F707041E066D
:10A0E0005D8F1376F60F518F93D7554013D63540B9
:10A0F000118A898BD18F13D67540D18F13D6154015
:10A10000218AD18F13961500418AD18F139635007D
:10A1100013760602D18F13965500137606049E051A
:10A12000D18F93F5F50FCD8FA20745465D8F33078D
:10A13000C70222D42A8426D252CC56CA032A040A41
:10A14000832A440A5AC806D6369742074183935752
:10A150007740135557400989858BC98F1355374070
:10A160001189C98F135517402189C98F13151700FD
:10A170004189C98F1315370013750502C98F13154F
:10A18000570093558700137505041E07C98F137771
:10A19000F70FD98F13D5354013D755401189098B47
:10A1A000498F13D57540498F13D515402189498FA3
:10A1B000139515004189498F1395350013750502D4
:10A1C000498F13955500137505049E05498F93F526
:10A1D000F50F4D8F2207D98FB387C7024AD04ECED5
:10A1E0005EC662C4B697C207C18313D7774013D542
:10A1F00057400989058B498F13D537401189498FFD
:10A2000013D517402189498F139517004189498F2C
:10A210001395370013750502498F1395570093D591
:10A220008700137505049E07498F93F7F70FD98FA1
:10A2300013D5354013D755401189098B498F13D554
:10A240007540498F13D515402189498F1395150005
:10A250004189498F1395350013750502498F139570
:10A260005500137505049E05498F93F5F50F4D8F25
:10A270002207D98FB387C702130650025285D685AD
:10A28000B697BD8E93940601C18033F6C402137B4A
:10A29000F60FEF10700205891DE983471408014984
:10A2A0008149B3849702130C5002C1804A865285BB
:10A2B000D685EF1070000589937BF90F11C5638671
:10A2C0003403850993F9F90F0509E31189FF230F79
:10A2D0006407B250225492540259F249624AD24A57
:10A2E000424BB24B224C456182805E8BCDB7834797
:10A2F00015000347250083464500A2074207BA9789
:10A3000003470500FD8A0548BA97034735009305C2
:10A31000000201456207BA9701473316E8007D8EB7
:10A3200001C605051375F50F0507E318B7FE81474C
:10A33000214633D7F640058B01C705051375F50F88
:10A340008507E398C7FE82801797FE1F034777456E
:10A350009547630BF7009797FE1F9387274483C7A2
:10A3600077000D47631FF7009797FE1F83C797433A
:10A37000639B0710930770101797FE1F2314F74273
:10A38000828041119797FE1F9387474B0D4522C44A
:10A3900026C203A4070906C64AC0EF509FF293875E
:10A3A0008191944337C7898E130767ED98C6375755
:10A3B000550013075755D8C20347A4039306F00F5F
:10A3C000BE846307D700FD57A30CE402230DF402FB
:10A3D0000345940389476306F5008547A30CF402FF
:10A3E0000145138941920327090001469305500254
:10A3F0005C4393E717005CC3930720FB2303F4003F
:10A400009D471797FE1FA30EF7389797FE1F2387C8
:10A4100007389797FE1F23850738EF501FC3032681
:10A4200009009797FE1FA38D07369797FE1FA387F6
:10A43000073685471CC29C40B70533009843137705
:10A44000F7E798C398431377F7E71367071098C3A4
:10A450001387C19218431447CD8E14C79306900DED
:10A4600034CA5457F59A54D7034754009376F707E4
:10A470009843137707F8558F98C3B240224492440B
:10A480000249410182808280411126C29794FE1FB9
:10A490009384C41422C42A8403C53400C14506C66B
:10A4A000EF90CE8303C5340093050002EF900E8336
:10A4B0009797FE1FA387072E23020400231304008F
:10A4C000B240224492444101828041119797FE1F7D
:10A4D0009387C73622C406C61797FE1F0347972CDB
:10A4E00003A407099797FE1F9387472B01CF9796E1
:10A4F000FE1F83C6262B0D476396E6001797FE1FA7
:10A50000A302072A03C77700A1466387E60003C7B3
:10A5100077009946639DE60083C777001797FE1F73
:10A520002302F72885471797FE1FA30DF726EF5044
:10A53000FFD12285EFF05FF5130630029305000886
:10A540000145EF106006034504049307F00F63070D
:10A55000F500EF801EFDFD572300F404B2402244B5
:10A56000410182805D71CAC013894192832609002E
:10A57000A2C452DC56DA86C6A6C24EDE5AD85ED6D1
:10A5800062D466D26AD06ECE9307000A138A819194
:10A59000FCD283270A00938AC192B7053300D857AB
:10A5A0002A84719B13671700D8D798431377F7E76E
:10A5B00098C398431377F7E71367071098C303A767
:10A5C0000A0010474D8E10C71306A00DB0CA505791
:10A5D000759A50D70347E5071376F7079843137723
:10A5E00007F8518F98C3D842370600827D16799BB1
:10A5F000D8C2034785061377F70393169701D857F8
:10A60000718F558FD8D737170040930770052300F7
:10A61000F704930780FA2300F70483068506B547FD
:10A6200063DAD72E8357270293E707012311F70236
:10A6300083270A000327C40893053002054598C7FD
:10A6400003270409D8C39797FE1FA38A0714EF9026
:10A650008EB364449D472308F400230FA40623808F
:10A66000F4008547A38104002381F4007C4893F71C
:10A6700007209DCB9147A381F4008347E40A8346DA
:10A68000D40A78449A07D58F2302F70083C72400A1
:10A69000814685072381F4000346040B8345D40AD1
:10A6A0000345E40AEF503FAB7C4893F70740B1C342
:10A6B00003C734007C4483C6240013678700A3814A
:10A6C000E4000357A408B697A381E70083C72400DA
:10A6D00078448346F4073E978357A4089206A183E3
:10A6E000BD8BD58F2302F70083C724008907238100
:10A6F000F40003C62400035744089307D00F918F3A
:10A700009799FE1F9389891363D2E72203470408B0
:10A7100089476309F7208546930780426305D70080
:10A7200085679387878479479387771BB3C7E70249
:10A7300083C6890793E606019795FE1F238CD516DD
:10A740008326090085658CC63387E7020607B8D2E1
:10A7500083C6340093E60601A381D400784483467F
:10A76000E4073297A301D70083C6240078443697C4
:10A770002302F70003C724007444A187BA96034755
:10A7800004081607D98FA382F60083C724008D071B
:10A790002381F4008347040693F7070485C703C7A2
:10A7A00034007C4483C6240013670704A381E400BB
:10A7B00003475401B697A381E70083C724008507A8
:10A7C0002381F4008347C4070547C11793F7F70FA8
:10A7D0006366F70603CB240015469795FE1F938505
:10A7E000451693073B00032BC4043E9BA14723005F
:10A7F000FB0093078002A300FB0013052B0097606A
:10A80000FE1FE780C01D0347C407C1476319F71245
:10A8100083578408A1072311F408C547230EF406C3
:10A8200083472408A303FB0083572408A183230440
:10A83000FB0083C72400A5072381F40003564408C6
:10A84000014B31C203C7240068448325840A93075F
:10A8500037003E9583C73400C18B638C070E795B4C
:10A86000330BEB40137BFB0F5A869760FE1FE7808C
:10A8700000178327840ADA973CDC83574408B387A0
:10A8800067412319F40603C72400814517F5FFFF2C
:10A89000130565B89377F70385073E9B137BFB0F82
:10A8A000A30864012381E4007C44856B9164A38048
:10A8B0006701930770F97844A305F4008327090022
:10A8C000B70C3300130DA00DB8DBEF805ED203464A
:10A8D00014018345040801451D4B9770FE1FE78056
:10A8E000E09793840429EF507F96938D8B8483C7E0
:10A8F0008907C18BB5E7B640264496440649F2590C
:10A90000625AD25A425BB25B225C925C025DF24DAB
:10A910006161828083572702C207C183BD9BC20742
:10A92000C18329B3916793870729F5BB83C789073B
:10A9300093F7F70E1797FE1F230EF7F6A1BD0357E7
:10A94000840883572408998F0947E34BF7ECC947DC
:10A95000F1B59760FE1FE7808008034B440825B7D8
:10A9600083C7890793F70702E5DF83C789070326B3
:10A97000090093F7F70C1797FE1F230DF7F29307C3
:10A98000000A7CD283270A00D857719B13671700EF
:10A99000D8D798431377F7E798C398431377F7E727
:10A9A0001367071098C303A70A001447B3E696017C
:10A9B00014C72328A6055457F59A54D70347E4072C
:10A9C0009376F7079843137707F8558F98C3032CAE
:10A9D000C40423086401054723006C01A3010C0093
:10A9E0002301EC0078481377074005CF2147A301E6
:10A9F000EC0078448356A4082302D70003472C00B8
:10AA000074440346F407BA960357A4081206218338
:10AA10003D8B518F2382E60003472C000907230159
:10AA2000EC0083452C00835624071307E00F0D8F9D
:10AA30006355D70883460408094626876388C600FD
:10AA40000546130780426383C6006E87F9461307E5
:10AA5000771B3347D70203C689071366060197970A
:10AA6000FE1F2389C7E40326090023247601B306C9
:10AA7000D702860634D203463C0013660601A301C2
:10AA8000CC0074440346E407AE96A381C600034697
:10AA90002C007444B2962382E60083462C00704456
:10AAA00021873696834604089606558FA302E60052
:10AAB00003472C000D072301EC0003562407014730
:10AAC00021C203482C0083463C0068441307380029
:10AAD000C18A3A952C5CB5C679573307074113777D
:10AAE000F70F3A863AC69760FE1FE78040EF345C66
:10AAF0003247BA9634DC83562407998E2319D4063C
:10AB000003462C0001459376F603850636971377A6
:10AB1000F70FA308E4002301CC007C44A380E700E6
:10AB20000346140183450408930770F9A305F40054
:10AB30009797FE1FA38507C69760FE1FE7800072E8
:10AB40007DB39760FE1FE78080E903472407231940
:10AB500004067DB78347C507638A0722411122C4D3
:10AB600006C626C24AC049472A84639CE7020357A7
:10AB70002508835785086316F7029304050A1546CE
:10AB80009795FE1F9385E5DB26859760FE1FE7807E
:10AB900000E52685EFF0AFF59147A300A408230E4A
:10ABA000F4062285EFF08FCE0945EF508FF1034771
:10ABB000C4078D476314F70A9147230EF4067C48B7
:10ABC0001797FE1F130787C793E787007CC8834743
:10ABD0009707898BEDDF8347970793F7C70F179781
:10ABE000FE1FA309F7CC938701869C4382970357E6
:10ABF00064089797FE1F83D727A3232AA408330747
:10AC0000F70293070032130707193357F702979794
:10AC1000FE1F9387E7A0DC43B306E500368663E4B6
:10AC2000A60063E4F6003386F640232CC40897960A
:10AC3000FE1F83C676986360D602158E9306D407EE
:10AC4000A28517050000130525F1EF806EC9228546
:10AC5000EFF05F91B5A8958F3E96CDB71389018629
:10AC6000832709008297AA84832709008297E38DAE
:10AC7000A4FE8327090083248409829763E5A40640
:10AC80003385A4409797FE1F83C717939794FE1FA1
:10AC900083D4849963E3A70031ED835764081307D5
:10ACA00000321796FE1F1306A697B38797025042ED
:10ACB00093870719B3D7E702032784093E97BA861B
:10ACC0006364F7006364C700B306C740232CD4084D
:10ACD00083578408B240924485072314F408224421
:10ACE0000249410182809797FE1F93876793DC4357
:10ACF000BE9479B79797FE1F83C7D7BB93E717001A
:10AD00001797FE1FA308F7BA37470F00130707244A
:10AD1000B335E5029387419203A90700A167268610
:10AD20002324F90081463305E502EF00B05B0605F8
:10AD30002326A9061797FE1F130747B083479707D7
:10AD4000898BEDDF834797071796FE1F1306468D05
:10AD5000504293F7C70F1797FE1FA30DF7B4835701
:10AD6000640813070032B387970293870719B3D794
:10AD7000E702032784093E97BA866364F700636499
:10AD8000C700B306C740232CD408D1B582809707EB
:10AD90000000938767DC1797FE1F232BF7B0828094
:10ADA00001458280411106C6EFF0AF9BB2401335DA
:10ADB00015000605410182806FF0DFFE411106C6D5
:10ADC000EFF02F9A0DC10357C5058356A50503560D
:10ADD00065078355450703558500EF809FBF0145F3
:10ADE000B240410182800945E5BF011106CE22CC67
:10ADF000EFF02F9759C10346B50005472A8497976E
:10AE0000FE1F9387A7A36316E604B853094515CF21
:10AE100003460403834657048358E4030358C403DA
:10AE20008357A403835584000345B40213076704C2
:10AE300032C00546EF805FB88347F400A3050402E3
:10AE4000014593E71700A307F400F240624405614F
:10AE5000828003A7070909456DDB8346570783589E
:10AE6000E4030358C4038357A403835584000345B4
:10AE7000B4021307670702C075BF0945F9B701118E
:10AE800022CC06CE2A84EFF0CF8D2DCD8347B5029C
:10AE90000347A51523138100A302F10083479515ED
:10AEA000A304E1002304F100A9E38347D5150307B8
:10AEB000F5152306F100830735142305F100631D02
:10AEC000F7008947A305F1004800EF805FB4014512
:10AED000F2406244056182800307E5156314F700C0
:10AEE0008547CDB7A3050100C5B7834705162305E0
:10AEF000F1008347B515A305F100834755162306D6
:10AF0000F100D9B70945E9B7011122CC06CE2A8450
:10AF1000EFF02F8529CD83070516A304810021803A
:10AF2000230581001307F007638FE70203474503FA
:10AF3000998FA305F1008347A51613F7070101C7F1
:10AF40002306010039A093F7070281CF8547230626
:10AF5000F1002800EF809FAB0145F240624405619B
:10AF600082808947EDB7FD57A305F100D1BF0945A0
:10AF7000EDB7411106C6EFE0DFFE19C983450514A0
:10AF800003558500EF805FA80145B24041018280F2
:10AF90000945E5BF9375F50F01112E8506CE22CC2C
:10AFA0002EC6EFE04F8B0DC12A8483460507B245BC
:10AFB000034575010546EF80BFA40145A30B0400BE
:10AFC000F2406244056182800945DDBF411106C639
:10AFD000EF80DFA2B2400145410182804111979785
:10AFE000FE1F9387A78522C4E05F06C6094511C8E6
:10AFF0000355A40BEF805FA09307F00F231DF40A05
:10B000000145B2402244410182809797FE1F9387F9
:10B01000E782FC5F99CB41111385870B06C6EF8051
:10B020007F9DB240014541018280094582804111E6
:10B0300006C622C4EFE0FFF20DC98346751403462D
:10B0400065142A84835585000345B50285060506E7
:10B0500093F6F60F1376F60FEF809F990145A3053F
:10B060000402B2402244410182800945DDBF3971AA
:10B0700006DE22DC26DA4AD8EFE0BFEE630A0516C8
:10B080008346B50005472A849787FE1F9387077B71
:10B090006391E60CA4530945D9C483C744041946F7
:10B0A000898BC1CB8C5883C7A500C1C7B1052808BF
:10B0B0009760FE1FE780A09283C75404138964043D
:10B0C0001946898BB5CFCA8508109760FE1FE780A7
:10B0D00000918C581946910528109760FE1FE78053
:10B0E0000090834704038358A40383C65404034693
:10B0F000B400835584000345B4023EC48357E4037F
:10B100001308010238103EC28357C4033EC03C08F6
:10B11000EF80BF8C8347F400A3050402014593E749
:10B120001700A307F400F2506254D254425921612F
:10B130008280814528089760FE1FE780C08DADBFE3
:10B14000814508109760FE1FE780E08C1946CA858C
:10B1500061B783A407090945F9D483C74406194692
:10B16000898BB5C39385640628089760FE1FE78026
:10B17000008783C74407138964071946898BB9CBB5
:10B18000CA8508109760FE1FE780608583A5440884
:10B190001946281091059760FE1FE780408483A719
:10B1A000440883C7370093E72700A38AF40683582F
:10B1B000A40383C654070346B400835584000345A3
:10B1C000B40202C425BF814528089760FE1FE780AE
:10B1D000808445B7081081459760FE1FE780A083F3
:10B1E0001946CA8528109750FE1FE780407FC1B7D7
:10B1F000094515BF411106C6EFE0BFD60DC1035783
:10B20000651C8356451C0356A51C8355851C035598
:10B210008500EF804FFC0145B24041018280094525
:10B22000E5BF411106C622C4EFE0BFD30DC92A8491
:10B230000357C5058356A50503566507835545077E
:10B2400003558500EF80AFF883471401014593E76C
:10B250004700A308F400B24022444101828009451E
:10B26000DDBF411106C6EFE0DFCF0DC18347851971
:10B27000034675199305F51803558500A2075D8EE1
:10B28000EF80AFF40145B240410182800945E5BF3E
:10B29000411106C622C4EFE0DFCC0DC12A8413069B
:10B2A0000510835585000345B502EF80CFF10145B8
:10B2B000A3050402B2402244410182800945DDBF5A
:10B2C000411106C622C4EFE0DFC905CD0347B50230
:10B2D00085472A846314F700A30505020345B402D9
:10B2E0000357C4058356A40503568405835584007B
:10B2F000EF802FED0145A3050402B2402244410135
:10B3000082800945DDBF01111375F50F06CEEFD020
:10B310009FD439C99787FE1F9387475283A7070E8B
:10B3200093F707209DC302C402C202C081480148AE
:10B33000814701478146054681451305C003EF80DB
:10B34000CFE90145F240056182808346D5031307AA
:10B35000E50302C081480148814705468145130540
:10B36000C003EF806FE5F1BF0945E9BF9787FE1F76
:10B370009387C74C03A70709094529CB83A7070E65
:10B38000011106CE93F707208DC302C402C202C08A
:10B390008148014881470147814601468145EF8048
:10B3A000CFE3F240014505618280835807020358CC
:10B3B000A7018357070583465707014602C01307B5
:10B3C000670781450945EF802FDFE1BF8280014596
:10B3D000828001458280014582800145828001454D
:10B3E000828001458280014582800145828001453D
:10B3F000828001458280014582800145828001452D
:10B400008280014582800145828001458280411110
:10B4100006C622C403470500930700086315F70218
:10B420000347150093065002854763E4E606972715
:10B4300000009387671B0A073E971C4303552500AE
:10B4400082978147B9A09306100885476313D704F4
:10B4500003471500CD466308D70E63E3E602A14615
:10B46000630DD708B146630DD70A95466313D7021B
:10B4700003552500EFE0FFAE2A8415E9894711A89E
:10B4800093060003630FD70E63EAE600E946630FF5
:10B49000D70CB24022443E8541018280930770055B
:10B4A000630FF70E930717F0B337F000DDB783276C
:10B4B000851195C7035645040506420641829C4303
:10B4C00013071600420741839DE72312C40401CAF3
:10B4D000835584000545EF800FCD231204040345F6
:10B4E000B4020346440583558400EF808FCA228549
:10B4F000EFE05F96B9B73A86D9B703552500EFE07C
:10B500005FA62A8425DD0346C504835585000345CF
:10B51000B5023336C000EF800FC8A305040215B78B
:10B5200003552500EFE0FFA32A8429D903572505F9
:10B53000835605050346F504835585000345B5028A
:10B54000EF80AFC5D9BF03552500EFE09FA12A8446
:10B5500015D50356450401CA835585000545EF807E
:10B560008FC423120404A3080402E1BD035525007F
:10B57000EFE03F9FE30405F00345B502EF80EFC223
:10B58000C9B503552500EFE0DF9D2A84E30805EEE9
:10B59000835585000345B502EF806FC1BDBF0355DC
:10B5A0002500EF800FC171BD011122CC2A84114505
:10B5B00006CE2EC632C4EF70FE8A1DC1B2452246A9
:10B5C000231185002300B500A300C5006244F240AA
:10B5D000AA851785FE1F0345950005616F707E9350
:10B5E000F2406244114505618280411106C622C4C1
:10B5F000EFE03F9741C183270512230D05002A8400
:10B60000A5C30347F500058B19EB035584000146DC
:10B6100093050008EFF05FF939C5014581A8D443CF
:10B6200003C6C70083C58700035585008906EF80E0
:10B630006FB805E58327041203D7A700A38407008A
:10B64000136707F02395E7009C432320F4128357E8
:10B65000240481C7FD172311F40483270412D5F7AE
:10B66000231104045DBF8547230DF400B24022443A
:10B67000410182800945DDBF9787FE1F9387071C24
:10B6800083A7870C91E382806384A700DC5FDDBF22
:10B69000411122C406C68347A5002A8489C79305A1
:10B6A000C5006905A9248347240189CB930544017A
:10B6B0001305A4022244B240410115ACB240224419
:10B6C00041018280AA862E86AA85170500001305EF
:10B6D000C5006F701ED29787FE1F9387271603A79A
:10B6E000870C411126C206C622C4BE8411E7B240AF
:10B6F00022449244410182806304A700585FFDB751
:10B700008347A5002A8489C79305C5006905C5221A
:10B710008347240191C7930544011305A402C12A5C
:10B7200022852244CC58B240924441016FF09FF9E7
:10B7300001114AC81789FE1F1309491022CC03249E
:10B74000890C26CA4EC652C456C206CEAA84014AE5
:10B7500093094500854A631B040E930520251305B4
:10B7600000049760FE1FE780C0002A841D4571C455
:10B7700083C7340019469385440013054400A30190
:10B78000F4009750FE1FE7808025938AA40141466C
:10B79000814556859750FE1FE780003269ED930979
:10B7A000A401D68541464E859750FE1FE780002FA5
:10B7B00085472305F400834734009305C4004E8574
:10B7C00093E72700A305F4001D229384A4024146B9
:10B7D000814526859750FE1FE780002E45E193079F
:10B7E000A402A6853E854146BE849750FE1FE78091
:10B7F000E02A85472309F400834734009305440178
:10B80000268593E72700A309F400D520A3000400B0
:10B81000832549032285EFF0FFEA63140A06978720
:10B82000FE1F23A1870E232E04028347490C0145E6
:10B8300085071787FE1F2305F70CF2406244D244A8
:10B840004249B249224A924A056182800347340044
:10B8500083C734006305F700228A405CEDBD414692
:10B86000CE85130544009750FE1FE7804020E31566
:10B8700055FF4945D9B72305040081BF23090400BA
:10B8800071B7232E8A0245B741119787FE1F938710
:10B89000E7FA22C403A4870C26C206C64AC0FD5498
:10B8A00019ECB24022449787FE1F23AD0704978707
:10B8B000FE1F238707049244024941018280034509
:10B8C0000400EF701EC60329C403230094002285E0
:10B8D0009760FE1FE78040F64A84D9B79787FE1F1E
:10B8E0009387C7F52382070C23A4070C79A8397125
:10B8F00022DC3704400026DA4ED6AE84AA899305AE
:10B90000E4FF054506DE4AD8EF806E8C498C13179C
:10B910000401418321839317840013590401D98FB3
:10B92000231601001379F90F10088A854E85231715
:10B93000F100A306210102C002C202C402C802CA69
:10B9400002CC02CEEF402FBF8347E1010347D10174
:10B95000A3818400A2074207BA970347F10121801F
:10B9600023828400BA97F25062542380F40013D7E4
:10B970008700C183A3822401A380E4002381F40013
:10B980004259D254B25921618280011119469785DA
:10B99000FE1F938585C21785FE1F1305A5F806CEE9
:10B9A00022CC26CA4AC891644EC69750FE1FE78033
:10B9B00000039385F4FF0145EF703EFF2A84FD5597
:10B9C0000145EF80CE80A287FD147D5933F79700A3
:10B9D000B366E500F9C6631425016304970C178765
:10B9E000FE1F2309F7F4A18393E707FC91694164E3
:10B9F0001787FE1F232EA7F21787FE1FA30CF7F24F
:10BA0000FD191789FE1F130969E37D14CE850145D1
:10BA1000EF70BEF9AA84FD550145EF705EFBB36778
:10BA20009500EDD7FD576314F500E38134FF978748
:10BA3000FE1F2392A7F0935705011787FE1F230DC2
:10BA4000F7EE935785011787FE1FA307F7EE978739
:10BA5000FE1F238497EEA18093F4F4039787FE1FC3
:10BA6000A38D97EC8317890E42054185618DE18F87
:10BA70006312F5020317C90F8317A90E618FE18FB7
:10BA8000631AF7000317E90F8317C90E618FE18F5F
:10BA9000E30EF7F6F2406244D2444249B2490561EE
:10BAA0008280A6850145EF705EF02A84FD55014530
:10BAB000EF70FEF1A28719BF11CE93070002918F9C
:10BAC000635BF0003355C500B397F50033D6C5006E
:10BAD0005D8DB2858280130506FE014633D5A50033
:10BAE000B285CDBFB687B2882A832E88639D06149F
:10BAF00063F9C50A4167636EE61AB707000163631D
:10BB0000F63493568601E14717270000130747B71D
:10BB1000369703470700BA97130700021D8F19CB0A
:10BB20003398E500B357F500B318E60033E8070192
:10BB30003313E50013D608013355C8029396080164
:10BB4000C182935703013377C802B385A602420727
:10BB50003368F700637AB80046989307F5FF63648B
:10BB600018016367B8303E853308B8403357C802C0
:10BB70004203135303013378C802B386E602420836
:10BB800033686800637BD80046989307F7FF6365C6
:10BB9000180179176363D8003E874205598D8145A6
:10BBA000828001E60547B358C702416763EAE80EA1
:10BBB000B707000163ECF82893D68801E1471727FF
:10BBC00000001307E7AB369783460700BE9693073E
:10BBD0000002958FE5EB939E08013387154113DF33
:10BBE000080193DE0E018545935703013355E703A2
:10BBF0003377E703B306D5034207D98F63FAD7003B
:10BC0000C6971307F5FF63E4170163E6D7263A8565
:10BC1000958F33D7E703420313530301B3F7E703C9
:10BC2000B30ED703C207B3E7670063FBD701C6971C
:10BC30009306F7FF63E51701791763E3D7013687AA
:10BC40004205598D828063E2D504C16763E2F60440
:10BC5000B707000163E4F61E13D7860161489727F2
:10BC600000009387E7A1BA9703C70700130E0002ED
:10BC70004297330EEE40631A0E0C63EDB61C33355B
:10BC8000C5001345150081458280814501458280AC
:10BC90009307F00F63F3D71C13D786002148C1B771
:10BCA0001307F00FC686E37C17F193D68800A147EF
:10BCB00039B71307F00FB286E378C7E493568600CE
:10BCC000A14799B5B398F80033D6D50013DF080122
:10BCD000335EE6033397F500B356D500558F939E38
:10BCE000080193DE0E013313F50093550701B37677
:10BCF000E603B387CE03C206CD8E63FBF600C6967D
:10BD00001306FEFF63E4161763F2F616791EC69655
:10BD10009D8E33D6E60393170701C183B3F6E6037E
:10BD20003385CE02139706015D8F637BA70046978C
:10BD30009307F6FF636817136376A7127916469781
:10BD400093150E01098FD18D45B5B357E600B39613
:10BD5000C601DD8E33D3E50013DF0601B357E303DD
:10BD6000939E060193DE0E013398C5013357E5001B
:10BD700033680701935808013316C6013373E30390
:10BD8000B385FE024203B368130163FBB800B698A3
:10BD90001387F7FF63EAD80C63F8B80CF917B69865
:10BDA000B388B84033D7E803420813580801B3F802
:10BDB000E8033383EE02C208B3E5080163FB6500C4
:10BDC000B6951308F7FF63EDD50863FB650879178F
:10BDD000B695C207416FD98F1307FFFFB3F6E7008F
:10BDE00093D80701718F4182B38EE602B385654017
:10BDF000B386C60213D80E013387E802BA96C296FC
:10BE00003386C80263F3E6007A9693D80601469615
:10BE100063E2C5026385C5003E8581458280416736
:10BE20007D17F98EC206B3FEEE003315C501F696F6
:10BE3000E374D5FE1385F7FF8145828013D7060191
:10BE4000414831BD93560601C1477DB993D60801DB
:10BE5000C147B5B38145054582803687014801B5A4
:10BE6000428785BF3E86E9BDBA871DBF328E4DB57C
:10BE700079154698D5B97915C69759BB39713EDA07
:10BE80002ED232D436D63AD842DC46DE938781832E
:10BE900022CC804326CA06CEAA8409C41C4C99E34E
:10BEA000228525230C4454102686228536C6EF00B1
:10BEB0001018F2406244D24421618280011126CAE6
:10BEC0004AC806CE22CC4EC652C4AA842E8901C5C9
:10BED0001C4D91E3DD299C4C804499E32685F52196
:10BEE000972700009387C78B631CF402C0408357D9
:10BEF000C400A18BB1C71C48A1C7FD59294A1C44E5
:10BF000083450900FD17B1E91CC463DE07062286DC
:10BF1000A94526857920FD576308F502294535A0F6
:10BF2000972700009387C7896314F4008044C1B742
:10BF3000972700009387C784E31BF4FAC04445BFEA
:10BF4000A2852685392A55D97D55F2406244D244CE
:10BF50004249B249224A056182801CC4050963D75F
:10BF60000700184C63CBE700638945011C40138729
:10BF7000170018C02380B70059B7228626851520E0
:10BF8000E31F35F7D1B71C401387170018C02947A6
:10BF90002380E70061B793878183AA8588436FF088
:10BFA000FFF1011122CC26CA4AC806CE4EC6AA8489
:10BFB0002E89328401C51C4D91E301299717000099
:10BFC0009387077E6319F406C0401C4C1CC483573A
:10BFD000C400A18BC9C31C48BDCF1C48084093793D
:10BFE000F90F1379F90F1D8D5C486346F500A285A2
:10BFF0002685652C2DE51C440505FD171CC41C4039
:10C000001387170018C0238037015C486389A70095
:10C010008357C400858B81CBA9476316F900A2859D
:10C02000268561240DEDF24062444A85D24442499E
:10C03000B24905618280971700009387677863147F
:10C04000F400804459B79717000093876773E31E85
:10C05000F4F6C0449DBFA285268521203DDD7D5993
:10C06000D9B741119387818326C2844322C44AC031
:10C0700006C62A892E8489C49C4C99E32685B1265C
:10C08000971700009387C771631CF402C040031721
:10C09000C40093170701C18393F68700B5EE93F6AA
:10C0A00007019DEEA5472320F90013670704231617
:10C0B000E4007D55B240224492440249410182800D
:10C0C000971700009387C76F6314F4008044C1B7CB
:10C0D000971700009387C76AE31BF4FAC04445BF73
:10C0E000918B8DC74C5889C9930744046384F5002C
:10C0F0004A85892B232A04028357C4002322040083
:10C1000093F7B7FD2316F4001C481CC08357C400E6
:10C1100093E787002316F4001C4881EF8357C4007F
:10C120001307002093F707286385E700A2854A8557
:10C1300095298357C40013F7170005C75C482324CB
:10C140000400B307F0401CCC1C480145A5F7831739
:10C15000C40013F7070839DF93E707042316F40038
:10C1600089BF898B014791E3584818C4F1BF83D731
:10C17000C500011122CC26CA06CE4AC84EC613F706
:10C180008700AA842E8471EFD841634DE000B84146
:10C19000634AE0000145F2406244D2444249B24958
:10C1A0000561828058547DD703A904009396370116
:10C1B00023A0040063DD060670488357C400918BFA
:10C1C00099C75C401D8E5C5899C33C401D8E5C54E1
:10C1D0000C50814626858297FD570357C400631D86
:10C1E000F5009440F54763E8D706B7074020850778
:10C1F000B3D7D700858BA5C31C48232204001CC0DD
:10C200009317370163D80700FD576314F5009C406E
:10C2100091E368C84C5823A02401ADDD9307440482
:10C220006384F50026853929232A0402A5B70C501A
:10C230000146854626850297FD572A86E31FF5F6B7
:10C240009C40A5DF75476385E70059476394E70481
:10C2500023A0240181B7136707042316E4007D554A
:10C260001DBF83A90501E38709F203A905008D8B92
:10C2700023A0350133093941014791E3D84918C456
:10C28000E35A20F11C540C50CA864E8626858297AC
:10C290006349A0008357C40093E707042316F40002
:10C2A0007DBFAA993309A940E1BF9C49A5C30111EB
:10C2B00022CC06CE2A8411C51C4D81E72EC6312220
:10C2C000B245971700009387A74D639CF5004C403B
:10C2D0008397C5009DC722856244F24005616FF0D7
:10C2E0001FE9971700009387A74D6394F5000C444E
:10C2F000C5B7971700009387A748E39BF5FC4C440C
:10C30000C1BFF240624401450561828001458280DF
:10C31000411122C406C62A842316B5002317C5007E
:10C3200023200500232205002324050023220506DF
:10C3300023280500232A0500232C050021468145DA
:10C340001305C505EF50EEFD971700009387A7B6BC
:10C350005CD097170000938707B91CD4971700008B
:10C36000938747BD5CD497170000938707C000D020
:10C370001CD8B24022444101828097050000938579
:10C3800005F3B1AA411126C2130680069384F5FF76
:10C39000B384C4024AC02E8922C406C693854407CA
:10C3A000B1262A8401CD2320050023222501310551
:10C3B00008C4138684068145EF50AEF62285B2404C
:10C3C000224492440249410182801C4DB5E741114B
:10C3D00006C622C497070000938767FA1CD59717F3
:10C3E00000009387E7469C43232405042326050485
:10C3F000232805046314F50085471CCD2A843528BD
:10C4000048C022851D2808C42285052848C4484004
:10C4100001469145EFF0DFEF08440546A545EFF0F2
:10C420003FEF48440946C945EFF09FEE85471CCCD5
:10C43000B24022444101828082804111971700005E
:10C440009387074126C284434AC006C69C4C22C437
:10C450002A8981E72685EFF05FF79384840480447E
:10C46000DC40FD1763D607009C40B9CF8440C5BFB0
:10C470000317C40039E7C177850723220406232068
:10C48000040023220400232404005CC423280400A5
:10C49000232A0400232C0400214681451305C405EA
:10C4A000EF502EE8232A0402232C04022324040440
:10C4B000232604042285B2402244924402494101C9
:10C4C00082801304840671BF91454A85EFF09FEB8B
:10C4D00088C049FDB1472320F9000144E1BF7971CB
:10C4E00022D44AD052CC56CA5AC85EC606D626D2E4
:10C4F0004ECE2A8AAE8A130485040149054BFD5BA2
:10C5000009ECB25022544A8592540259F249624AC7
:10C51000D24A424BB24B4561828004448329440095
:10C52000FD1963D409000040E1BF83D7C400637BD9
:10C53000FB008397E40063877701A6855285829A82
:10C540003369A90093848406E1BF1971A6DAAE8429
:10C550008395E500A2DC86DE328463DC050083D7A8
:10C56000C40023A0060093F7070885E7930700405F
:10C570001DA0300836C6EF00D025B246E34105FEC7
:10C580007247BD67F98F7977BA9793B717009CC246
:10C59000F1BF930700041CC0F6506654D654014501
:10C5A0000961828083D7C500011122CC06CE26CA3C
:10C5B0004AC8898B2E8489CF930774041CC01CC879
:10C5C00085475CC8F2406244D2444249056182809A
:10C5D00074003000AA84EFF05FF7A2452A8926850F
:10C5E000312201ED8317C40013F7072061FFF19B8F
:10C5F00093E727002316F400C1B79707000093873D
:10C6000007D89CD48357C40008C008C893E707081C
:10C610002316F400A2475CC8B24791CF8315E4000B
:10C620002685EF00301E01C98357C400F19B93E7B4
:10C6300017002316F4008357C4003369F90023164A
:10C64000240149B7DDC183A7C5FF411122C406C635
:10C6500026C21384C5FF63D307003E94AA84EF006B
:10C6600050229387419E9C4381EF2322040023A202
:10C67000819E2244B2402685924441016F00902061
:10C68000637EF40014403307D4006396E7009843B8
:10C69000DC43369718C05CC0D9BFBA87D84319C3EA
:10C6A000E37DE4FE94433386D700631F8600104089
:10C6B000B29694C33386D700E31DC7FA104358439C
:10C6C000B29694C3D8C375B76375C400B1479CC014
:10C6D0004DB71040B306C4006316D7001443584347
:10C6E000B29614C058C0C0C369B78280011126CA6F
:10C6F00093843500F19806CE22CC4AC84EC6A104D8
:10C70000B14763F3F404B14463E2B4042A89EF004F
:10C7100050179387419E98433A8439E09387819ECE
:10C720009C4391E781454A85A12F23A4A19EA6851C
:10C730004A85B927FD5963193507B1472320F90008
:10C740004A85EF00301429A0E3D004FCB1471CC196
:10C750000145F2406244D2444249B24905618280B7
:10C760001C40858F63CF0702AD4663F6F6001CC000
:10C770003E9404C031A05C406313870223A2F19E63
:10C780004A85EF0030101305B40093074400619907
:10C790003307F5405DDF3A94898F1CC05DBF5CC3F1
:10C7A000C5B72287404095BF130435007198E30256
:10C7B00085FCB305A4404A85E125E31C35FBB5BFE4
:10C7C0001C46FD171CC663DA0700184E63C5E70058
:10C7D000A9476394F5006FF0CFFC1C422E851387A8
:10C7E000170018C22380B7008280011122CC26CA0C
:10C7F0004AC84EC652C406CE2A89AE893284B304D2
:10C80000D6007D5A63149400014511A883450400A5
:10C810004E864A85EFF0DFFA0504E31545FFF24046
:10C820006244D2444249B249224A0561828035714C
:10C8300022CD26CB4AC94EC706CF52C556C35AC1D0
:10C84000DEDEE2DCE6DAAA89AE843289368409C506
:10C850001C4D99E3EFF07FB797170000938747F4DB
:10C86000639CF40C83A4490083D7C400A18BFDC74B
:10C870009C48EDC793070002A304F102930700034D
:10C8800002D22305F10222C6930B5002971A000030
:10C89000938A0AF5054C294B4A848347040099C3BF
:10C8A0006391770FB30C2441638E0C00E6864A86B1
:10C8B000A6854E85EFF07FF3FD576306F51E925671
:10C8C000E69636D283470400638F071CFD57130991
:10C8D000140002C802CE3ECA02CCA309010482D4CD
:10C8E0008345090015465685412713041900C247A0
:10C8F00059E913F7070109C713070002A309E10467
:10C9000013F7870009C71307B002A309E1048346A0
:10C9100009001307A0026380E608F2474A848146B3
:10C9200025460347040093051400130707FD6379A8
:10C93000E60AB5CA3ECE85A897170000938747E858
:10C940006395F40083A4890005B7971700009387C7
:10C9500027E3E39BF4F083A4C90039B7A6854E858D
:10C96000EFF02FF001D97D55FA406A44DA444A4984
:10C97000BA492A4A9A4A0A4BF65B665CD65C0D6154
:10C980008280050419BF330555413315AC00C98FAA
:10C990003EC82289B1B7324793064700184336C6CE
:10C9A000634907023ACE034704009307E002631F7E
:10C9B000F704034714009307A002631BF702B24772
:10C9C0000904138747009C433AC663C107023ECA65
:10C9D00035A83307E04093E727003ACE3EC8E1B7D9
:10C9E000B387670385462E84BA9725BFFD57C5B721
:10C9F000050402CA81468147254603470400930582
:10CA00001400130707FD6376E606F1F28345040080
:10CA10000D4617150000130525DDB92511CD971713
:10CA20000000938767DC1D8D93070004B397A70070
:10CA3000424505045D8D2AC8834504001946171533
:10CA400000001305A5DA130914002304B102292DEF
:10CA50003DC19737FEFF9387E75A95E74247B247B4
:10CA60001377071009CF91073EC69257D2973ED24F
:10CA700025B5B387670385462E84BA97BDBF9D074A
:10CA8000E19BA107D5B7780097060000938626D6CC
:10CA900026860C084E8597000000E7000000FD5731
:10CAA0002A8AE314F5FC83D7C40093F70704E39CB8
:10CAB00007EA125555BD780097060000938626D3E5
:10CAC00026860C084E85012AD9BF797156CA9C4921
:10CAD000BA8A984522D426D24ECE52CC06D64AD017
:10CAE0005AC85EC6AA892E84B284368A63D3E70008
:10CAF000BA879CC00347340419C385079CC01C40F7
:10CB000093F7070281C79C4089079CC00329040052
:10CB100013796900631A0900130B9401FD5B5C44EF
:10CB20009840998F634CF9041C408346340493F772
:10CB30000702B336D000A5EB13063404D2854E8528
:10CB4000829AFD576303F5041C4011469840998B67
:10CB5000544481446397C700B384E64063D3040020
:10CB600081441C4418486354F700998FBE940149CE
:10CB700069047D5B63982405014509A885465A86AA
:10CB8000D2854E85829A631E75017D55B25022541E
:10CB900092540259F249624AD24A424BB24B456121
:10CBA00082800509ADBF3307D40013060003A3013B
:10CBB000C7040347540493871600A2978906A381EC
:10CBC000E7049DBF85462286D2854E85829AE30E74
:10CBD00065FB050945B7797122D426D24AD04ECEDD
:10CBE00006D652CC56CA5AC8B68983C68501930761
:10CBF00090063289AA842E8413863504638DF6024A
:10CC000063E2D706930780056388F61863EDD700C3
:10CC10006381062293073004638EF60A930A240484
:10CC20002301D404C9A0930730066385F60A93074D
:10CC30004006E395F6FE1C40084393F6070893056B
:10CC40004500C5C61C410CC363D807001307D002BA
:10CC5000B307F040A301E40497160000938686B959
:10CC600029476DA8930700076384F61663E5D7028A
:10CC70009307E006638BF6189307F006E390F6FA45
:10CC80000C401C4313F8050813854700630708068A
:10CC900008C39C438DA893075007E383F6FE9307D0
:10CCA0008007638BF61293073007E399F6F61C436F
:10CCB000D04181459386470014C383AA0700568557
:10CCC000652601C53305554148C05C401CC8A30119
:10CCD000040471A81C43930A2404938647009C43D0
:10CCE00014C32301F4048547D5B793F607041C4108
:10CCF0000CC3B9DAC207C18781BF93F5050408C325
:10CD0000C9D983D707001307F0066388E60E971684
:10CD10000000938626AE2947A30104044C400CC4AE
:10CD200063C5050008406D9908C099E3B28A91CDAA
:10CD3000B28AB3F5E702FD1AB69583C505002380D4
:10CD4000BA00B3D5E70263F0E70CA147631EF70012
:10CD50001C40858B91CB58401C4863C7E700930764
:10CD60000003A38FFAFEFD1A3306564110C84E8702
:10CD7000CA867000A2852685EFF03FD57D5A631ED6
:10CD8000450B7D55B250225492540259F249624AE1
:10CD9000D24A424B45618280A382D5049716000097
:10CDA000938646A50C40084313F805081C4111055D
:10CDB000630D080208C313F7150001C793E50502C8
:10CDC0000CC04147B1FB0C4093F5F5FD0CC0A9B771
:10CDD0009C4193E707029CC193078007A302F404D8
:10CDE00097160000938646A275BF13F8050408C382
:10CDF000E30308FCC207C1837DBF9716000093863A
:10CE0000669F214711BFAE872DB794411C43CC4983
:10CE100013F80608138547006306080008C39C43FF
:10CE20008CC301A808C393F606049C43F5DA23904B
:10CE3000B70023280400B28A1DBF14485686CA854D
:10CE400026858299E30F45F31C40898B8DE7B24715
:10CE50004844E359F5F23E8535B785465686CA857E
:10CE600026858299E30F65F1050A5C443247998F64
:10CE7000E345FAFEE9BF014A930A94017D5BF5B7E9
:10CE8000411122C42A842E859777FE1F23AC07AC5C
:10CE900006C6EF505E9FFD576319F5009777FE1F9A
:10CEA000938747AC9C4391C31CC0B24022444101CC
:10CEB0008280411122C42E848395E50006C6E122BA
:10CEC000634905007C48AA977CC8B24022444101CE
:10CED00082808357C4007D777D17F98F2316F40075
:10CEE000EDB783D7C500011122CC26CA4AC84EC669
:10CEF00006CE93F70710AA842E843289B68991C78B
:10CF00008395E5008946014635228357C4007D7725
:10CF10007D17F98F2316F4008315E4006244F24074
:10CF2000CE864A86B24942492685D24405613DA84B
:10CF3000411122C42E848395E50006C6E528FD57DD
:10CF40000357C400631BF500FD77FD17F98F231607
:10CF5000F400B2402244410182808567D98F2316B4
:10CF6000F40068C8FDB78395E50025A8411122C4E7
:10CF70002A842E85B28536869777FE1F23A4079EC6
:10CF800006C6EF50DE8DFD576319F5009777FE1F3B
:10CF90009387479D9C4391C31CC0B24022444101EA
:10CFA0008280411122C42A842E859777FE1F23ABED
:10CFB000079A06C61922FD576319F5009777FE1FD9
:10CFC0009387479A9C4391C31CC0B24022444101BD
:10CFD0008280411122C42A842E85B2859777FE1F54
:10CFE00023A2079806C6D520FD576319F500977749
:10CFF000FE1F938727979C4391C31CC0B2402244D5
:10D0000041018280411122C42A842E859777FE1F18
:10D0100023AA079406C6D120FD576319F500977718
:10D02000FE1F938727949C4391C31CC0B2402244A7
:10D0300041018280411122C42A842E85B285368620
:10D040009777FE1F23A0079206C64520FD57631958
:10D05000F5009777FE1F9387E7909C4391C31CC010
:10D06000B24022444101828093F5F50F2A96631461
:10D07000C5000145828083470500E38DB7FE0505A5
:10D08000FDB782808280411122C42A842E85B28518
:10D0900036869777FE1F23A7078C06C6B928FD574B
:10D0A0006319F5009777FE1F9387C78B9C4391C345
:10D0B0001CC0B2402244410182809307800517774B
:10D0C000FE1F2321F78A7D558280930780051777FD
:10D0D000FE1F2329F7887D558280930780051777E7
:10D0E000FE1F2321F788014582809307800517776B
:10D0F000FE1F2329F7867D558280930780051777C9
:10D10000FE1F2321F7867D55828000004456FEFFD6
:10D110006C56FEFF9456FEFFAC56FEFFC656FEFF51
:10D1200043483538785F424C455F4C49425F563240
:10D130002E310000686561642066696C6520657247
:10D14000726F722E2E2E00004C494220696E697457
:10D15000206572726F7220636F64653A20257820B3
:10D160002E2E2E0A000000002A200000496E69744D
:10D1700069616C697A65642E2E00000041647665F1
:10D1800072746973696E672E2E00000057616974AE
:10D19000696E6720666F7220616476657274697368
:10D1A000696E672E2E0000004572726F722E2E007F
:10D1B00072610100E6790000AE6101001E87000087
:10D1C0002A620100EA860000E4620100B6860000DF
:10D1D00080630100C0910000CE630100C091000097
:10D1E0002864010012910000E462010058860000EA
:10D1F000BC64010032890000000000000000000053
:10D2000006650100BC890000786501006A7A0000AB
:10D21000EAF1FEFFEAF1FEFF10F2FEFF28F2FEFF48
:10D2200030F2FEFF38F2FEFF40F2FEFF48F2FEFF52
:10D2300050F2FEFF58F2FEFF60F2FEFF98F2FEFF92
:10D24000A0F2FEFF68F2FEFF0101020102010102ED
:10D2500001020404060104010101010104040201A8
:10D2600004000000010102010201010201010404A5
:10D270000601040101010101040102010100000095
:10D2800076FFFEFF82FFFEFFC4FFFEFFEA00FFFF06
:10D29000F400FFFF3801FFFF7A01FFFFB801FFFF35
:10D2A000F001FFFF8800FFFF2402FFFFAE02FFFF37
:10D2B000B60EFFFF920EFFFFB611FFFF1212FFFF27
:10D2C0001A15FFFF3413FFFF7A13FFFFBE13FFFF92
:10D2D000F613FFFF3A14FFFF920EFFFF7E14FFFFCD
:10D2E000F414FFFF00000000000000000000000038
:10D2F0000000008743483538785F424C455F4C4911
:10D30000425F56322E313300D476FFFFE276FFFFC4
:10D31000EA76FFFFF076FFFFF676FFFF1677FFFF56
:10D320001E77FFFF2477FFFF2E77FFFF3477FFFF85
:10D330003A77FFFF4077FFFF4677FFFF5277FFFF07
:10D340005877FFFF5E77FFFFA077FFFF6477FFFF4F
:10D350006A77FFFF7077FFFF7677FFFF8277FFFF27
:10D36000A077FFFFA077FFFFA077FFFFA077FFFF69
:10D37000A077FFFFA077FFFFA077FFFFA077FFFF59
:10D380008C77FFFF7C77FFFFA077FFFF9277FFFF8F
:10D390009A77FFFF167BFFFF427BFFFF647BFFFF57
:10D3A0007A7BFFFF8E7BFFFFAA7BFFFFC87BFFFF1F
:10D3B000D87BFFFFF27BFFFF087CFFFF2A7CFFFF8B
:10D3C000407CFFFF547CFFFF687CFFFF867CFFFFF3
:10D3D000967CFFFFB07CFFFF427EFFFF567EFFFF83
:10D3E0006C7EFFFF8A7EFFFFFC7FFFFFD27EFFFF88
:10D3F000D07CFFFFE87EFFFFF87EFFFF227DFFFF6E
:10D40000227DFFFFE27DFFFFEC7DFFFF007FFFFF3E
:10D41000AC7EFFFF107FFFFF827FFFFFC47FFFFF17
:10D420005E82FFFFD87FFFFFD87FFFFFAC81FFFF49
:10D430006C80FFFFBA7FFFFF5482FFFFD87FFFFFA2
:10D440004E81FFFFE481FFFFD87FFFFFD87FFFFF02
:10D45000D87FFFFFD87FFFFFD87FFFFFD87FFFFF78
:10D46000D87FFFFFD87FFFFFD87FFFFFD87FFFFF68
:10D470002E80FFFF5284FFFF5C84FFFF7284FFFF5A
:10D480007E84FFFF9284FFFF9A84FFFFA084FFFF4A
:10D49000A884FFFFB084FFFFB684FFFFBC84FFFFBA
:10D4A000C484FFFFCA84FFFFD084FFFFD884FFFF3E
:10D4B0001285FFFF1285FFFFDE84FFFFE884FFFF78
:10D4C000EE84FFFFF484FFFFFA84FFFF0285FFFF75
:10D4D0000C85FFFFF284FFFF0E85FFFF2285FFFF13
:10D4E0003A87FFFF3A85FFFF9485FFFFA885FFFF7E
:10D4F000BC85FFFFD485FFFFEC85FFFFFC85FFFFA8
:10D500001486FFFF3A87FFFF2C86FFFF3A87FFFF55
:10D510003A87FFFF3E86FFFF6286FFFF8686FFFF9A
:10D520009A86FFFFA886FFFFBA86FFFFFC86FFFFF3
:10D53000FB349B5F800000800010000000000000B2
:10D540002C95FFFFA095FFFF1496FFFF1496FFFF99
:10D55000B095FFFF1496FFFFC895FFFFEA95FFFF08
:10D560001496FFFF0496FFFF2C96FFFF4C96FFFFDB
:10D57000C896FFFF5E96FFFFC896FFFFC896FFFFA5
:10D58000C896FFFF8096FFFFC896FFFFC896FFFF73
:10D59000C896FFFFA496FFFF070B0D1113171D1F61
:10D5A00025292B2F353B3D4347494F535961FF00F8
:10D5B00038BFFFFF74BFFFFFA0C0FFFF44C1FFFFE4
:10D5C00054C1FFFF3EC2FFFFD6C1FFFFACC2FFFF49
:10D5D0005AC3FFFFC4BEFFFF4AC0FFFFECBFFFFFFF
:10D5E00026C2FFFFEAB50100EAAD0100A0AD0100CF
:10D5F000C0B2010090B2010062B2010022B201008B
:10D60000F4B10100D6B30100DAB301006EB001003D
:10D61000DEB301002EB00100E2B301000AB0010048
:10D62000E6B30100DCAF0100CCAF010094AF010014
:10D63000EAB3010072AF0100EEB30100F2B30100E2
:10D64000F6B30100FAB30100A4AD0100B8AD0100CA
:10D65000FEB3010002B4010006B401000AB40100E7
:10D66000CEB3010008AF01007EAE0100D2B30100CD
:10D670006CB3010006B30100BCAD01000001020261
:10D68000030303030404040404040404050505055A
:10D690000505050505050505050505050606060636
:10D6A000060606060606060606060606060606061A
:10D6B0000606060606060606060606060707070706
:10D6C00007070707070707070707070707070707EA
:10D6D00007070707070707070707070707070707DA
:10D6E00007070707070707070707070707070707CA
:10D6F00007070707070707070707070708080808B6
:10D700000808080808080808080808080808080899
:10D710000808080808080808080808080808080889
:10D720000808080808080808080808080808080879
:10D730000808080808080808080808080808080869
:10D740000808080808080808080808080808080859
:10D750000808080808080808080808080808080849
:10D760000808080808080808080808080808080839
:10D770000808080808080808080808080000000049
:10D780000000000000000000000000000000000099
:10D790000000000000000000000000000000000089
:10D7A0000000000000000000000000000000000079
:10D7B0000000000000000000000000000000000069
:10D7C0000000000000000000000000000000000059
:10D7D000000000000000000000000000232D302B9E
:10D7E00020000000686C4C006566674546470000F5
:10D7F0003031323334353637383941424344454687
:10D800000000000030313233343536373839616248
:10D810006364656600000000012A0000A62A00007B
:10D820000328000002290000002A00000018000060
:10D8300001180000042A0000002800000128000050
:10D84000052A0000020000002CD801004C1B00201B
:10D85000411122C426C21764FE1F130464DC9764BE
:10D86000FE1F9384A4D7944858409387018606C628
:10D870009C43639FE60682975440B74736FE9387E2
:10D8800007C8B6973387A7003A856364F7006364D7
:10D89000D7003305D7409764FE1F938424F09C4C37
:10D8A00091CB9387C19294433707CDFF7D179C4658
:10D8B000F98F9CC611E148409767FE1F938747CEBA
:10D8C000DC53829719E59C4C99CFEF203FE1EF2084
:10D8D000CFCA9C4C89CB9387C1929843B70633003B
:10D8E0001C47D58F1CC7B24022449244410182801C
:10D8F000829798489767FE1F83C7D7CB54401D8FE8
:10D90000B307A7003E8563E4E700E3E6D7F8338575
:04D91000D74051B7F4
:10D9140002010404FF626C65040861626300000094
:10D924000C0942726F6164636173746572020A0068
:10D934000200000038D8010001000000C41B0020D0
:10D944000200000020D8010001000000CF1B0020CD
:10D954000200000040D801000000000000000000A8
:10D964000200000024D801000300000000000000B1
:10D9740000000000EE7B0000000000000200000038
:10D9840038D801000100000044D801000200000062
:10D9940020D8010001000000DB1B00200200000071
:10D9A40028D801000100000000000000020000006F
:10D9B40020D8010001000000D81B00200200000054
:10D9C40018D8010001000000741D002002000000AE
:10D9D40020D8010001000000DC1B00200200000030
:10D9E40034D8010001000000E01B00200200000008
:10D9F40020D8010001000000DA1B00200200000012
:10DA04001CD8010001000000D91B0020326601006F
:10DA14008867010000000000000000009CD701009E
:10DA2400BCD701007CD7010000000000000000000A
:10DA340000000000000000000000000000000000E2
:10DA440000000000000000000000000000000000D2
:10DA540000000000000000000000000000000000C2
:10DA640000000000000000000000000000000000B2
:10DA740000000000000000000000000064390020E5
:10DA8400AC2C000000000000C3812F01FFFF000048
:10DA94000200000030D801000100FF20010502014E
:10DAA4000110010102010202020000005000A00066
:0CDAB4000000E8034C1B002000000000F4
:00000001FF
